timestamp,rank,division,population_count
2025-02-02T14:48:34.218480,bronze,1,167187
2025-02-02T16:58:26.674937,bronze,1,167187
2025-02-03T08:58:35.921360,bronze,1,174938
2025-02-02T14:48:34.218480,bronze,2,183849
2025-02-02T16:58:26.674937,bronze,2,183849
2025-02-03T08:58:35.921360,bronze,2,193832
2025-02-02T14:48:34.218480,bronze,3,650355
2025-02-02T16:58:26.674937,bronze,3,650355
2025-02-03T08:58:35.921360,bronze,3,690799
2025-02-02T14:48:34.218480,silver,1,150676
2025-02-02T16:58:26.674937,silver,1,150676
2025-02-03T08:58:35.921360,silver,1,155746
2025-02-02T14:48:34.218480,silver,2,167177
2025-02-02T16:58:26.674937,silver,2,167177
2025-02-03T08:58:35.921360,silver,2,173471
2025-02-02T14:48:34.218480,silver,3,189023
2025-02-02T16:58:26.674937,silver,3,189023
2025-02-03T08:58:35.921360,silver,3,196746
2025-02-02T14:48:34.218480,gold,1,109952
2025-02-02T16:58:26.674937,gold,1,109952
2025-02-03T08:58:35.921360,gold,1,113591
2025-02-02T14:48:34.218480,gold,2,131738
2025-02-02T16:58:26.674937,gold,2,131738
2025-02-03T08:58:35.921360,gold,2,136229
2025-02-02T14:48:34.218480,gold,3,185247
2025-02-02T16:58:26.674937,gold,3,185247
2025-02-03T08:58:35.921360,gold,3,191650
2025-02-02T14:48:34.218480,platinum,1,41891
2025-02-02T16:58:26.674937,platinum,1,41891
2025-02-03T08:58:35.921360,platinum,1,43829
2025-02-02T14:48:34.218480,platinum,2,69547
2025-02-02T16:58:26.674937,platinum,2,69547
2025-02-03T08:58:35.921360,platinum,2,72405
2025-02-02T14:48:34.218480,platinum,3,122029
2025-02-02T16:58:26.674937,platinum,3,122029
2025-02-03T08:58:35.921360,platinum,3,126389
2025-02-02T14:48:34.218480,diamond,1,8745
2025-02-02T16:58:26.674937,diamond,1,8745
2025-02-03T08:58:35.921360,diamond,1,9509
2025-02-02T14:48:34.218480,diamond,2,16159
2025-02-02T16:58:26.674937,diamond,2,16159
2025-02-03T08:58:35.921360,diamond,2,17244
2025-02-02T14:48:34.218480,diamond,3,35838
2025-02-02T16:58:26.674937,diamond,3,35838
2025-02-03T08:58:35.921360,diamond,3,37870
2025-02-02T14:48:34.218480,grandmaster,1,2233
2025-02-02T16:58:26.674937,grandmaster,1,2233
2025-02-03T08:58:35.921360,grandmaster,1,2418
2025-02-02T14:48:34.218480,grandmaster,2,3936
2025-02-02T16:58:26.674937,grandmaster,2,3936
2025-02-03T08:58:35.921360,grandmaster,2,4236
2025-02-02T14:48:34.218480,grandmaster,3,9644
2025-02-02T16:58:26.674937,grandmaster,3,9644
2025-02-03T08:58:35.921360,grandmaster,3,10434
2025-02-02T14:48:34.218480,celestial,1,349
2025-02-02T16:58:26.674937,celestial,1,349
2025-02-03T08:58:35.921360,celestial,1,388
2025-02-02T14:48:34.218480,celestial,2,775
2025-02-02T16:58:26.674937,celestial,2,775
2025-02-03T08:58:35.921360,celestial,2,821
2025-02-02T14:48:34.218480,celestial,3,2077
2025-02-02T16:58:26.674937,celestial,3,2077
2025-02-03T08:58:35.921360,celestial,3,2280
2025-02-02T14:48:34.218480,eternity,total,51
2025-02-02T16:58:26.674937,eternity,total,51
2025-02-03T08:58:35.921360,eternity,total,59
2025-02-02T14:48:34.218480,one_above_all,total,163
2025-02-02T16:58:26.674937,one_above_all,total,163
2025-02-03T08:58:35.921360,one_above_all,total,166
2025-02-03T12:35:50.132758,bronze,1,178353
2025-02-03T12:35:50.132758,bronze,2,198306
2025-02-03T12:35:50.132758,bronze,3,709526
2025-02-03T12:35:50.132758,silver,1,157826
2025-02-03T12:35:50.132758,silver,2,176086
2025-02-03T12:35:50.132758,silver,3,200008
2025-02-03T12:35:50.132758,gold,1,115027
2025-02-03T12:35:50.132758,gold,2,137916
2025-02-03T12:35:50.132758,gold,3,194164
2025-02-03T12:35:50.132758,platinum,1,44561
2025-02-03T12:35:50.132758,platinum,2,73520
2025-02-03T12:35:50.132758,platinum,3,128118
2025-02-03T12:35:50.132758,diamond,1,9870
2025-02-03T12:35:50.132758,diamond,2,17787
2025-02-03T12:35:50.132758,diamond,3,38729
2025-02-03T12:35:50.132758,grandmaster,1,2499
2025-02-03T12:35:50.132758,grandmaster,2,4404
2025-02-03T12:35:50.132758,grandmaster,3,10901
2025-02-03T12:35:50.132758,celestial,1,415
2025-02-03T12:35:50.132758,celestial,2,858
2025-02-03T12:35:50.132758,celestial,3,2393
2025-02-03T12:35:50.132758,eternity,total,59
2025-02-03T12:35:50.132758,one_above_all,total,179
2025-02-03T23:50:33.977410,bronze,1,180144
2025-02-03T23:50:33.977410,bronze,2,200664
2025-02-03T23:50:33.977410,bronze,3,719479
2025-02-03T23:50:33.977410,silver,1,158859
2025-02-03T23:50:33.977410,silver,2,177395
2025-02-03T23:50:33.977410,silver,3,201724
2025-02-03T23:50:33.977410,gold,1,115772
2025-02-03T23:50:33.977410,gold,2,138806
2025-02-03T23:50:33.977410,gold,3,195426
2025-02-03T23:50:33.977410,platinum,1,44965
2025-02-03T23:50:33.977410,platinum,2,74127
2025-02-03T23:50:33.977410,platinum,3,128986
2025-02-03T23:50:33.977410,diamond,1,10072
2025-02-03T23:50:33.977410,diamond,2,18064
2025-02-03T23:50:33.977410,diamond,3,39225
2025-02-03T23:50:33.977410,grandmaster,1,2604
2025-02-03T23:50:33.977410,grandmaster,2,4548
2025-02-03T23:50:33.977410,grandmaster,3,11180
2025-02-03T23:50:33.977410,celestial,1,420
2025-02-03T23:50:33.977410,celestial,2,888
2025-02-03T23:50:33.977410,celestial,3,2439
2025-02-03T23:50:33.977410,eternity,total,69
2025-02-03T23:50:33.977410,one_above_all,total,190
2025-02-04T23:50:42.468683,bronze,1,185121
2025-02-04T23:50:42.468683,bronze,2,207012
2025-02-04T23:50:42.468683,bronze,3,745913
2025-02-04T23:50:42.468683,silver,1,162001
2025-02-04T23:50:42.468683,silver,2,181291
2025-02-04T23:50:42.468683,silver,3,206651
2025-02-04T23:50:42.468683,gold,1,118199
2025-02-04T23:50:42.468683,gold,2,141516
2025-02-04T23:50:42.468683,gold,3,199368
2025-02-04T23:50:42.468683,platinum,1,46277
2025-02-04T23:50:42.468683,platinum,2,76049
2025-02-04T23:50:42.468683,platinum,3,131882
2025-02-04T23:50:42.468683,diamond,1,10707
2025-02-04T23:50:42.468683,diamond,2,19036
2025-02-04T23:50:42.468683,diamond,3,40869
2025-02-04T23:50:42.468683,grandmaster,1,2850
2025-02-04T23:50:42.468683,grandmaster,2,4879
2025-02-04T23:50:42.468683,grandmaster,3,11978
2025-02-04T23:50:42.468683,celestial,1,490
2025-02-04T23:50:42.468683,celestial,2,1008
2025-02-04T23:50:42.468683,celestial,3,2507
2025-02-04T23:50:42.468683,eternity,total,17
2025-02-04T23:50:42.468683,one_above_all,total,330
2025-02-05T12:22:29.906850,bronze,1,192201
2025-02-05T12:22:29.906850,bronze,2,216416
2025-02-05T12:22:29.906850,bronze,3,784832
2025-02-05T12:22:29.906850,silver,1,166970
2025-02-05T12:22:29.906850,silver,2,187452
2025-02-05T12:22:29.906850,silver,3,213991
2025-02-05T12:22:29.906850,gold,1,122064
2025-02-05T12:22:29.906850,gold,2,146029
2025-02-05T12:22:29.906850,gold,3,205852
2025-02-05T12:22:29.906850,platinum,1,48380
2025-02-05T12:22:29.906850,platinum,2,79021
2025-02-05T12:22:29.906850,platinum,3,136617
2025-02-05T12:22:29.906850,diamond,1,11514
2025-02-05T12:22:29.906850,diamond,2,20313
2025-02-05T12:22:29.906850,diamond,3,43071
2025-02-05T12:22:29.906850,grandmaster,1,3104
2025-02-05T12:22:29.906850,grandmaster,2,5348
2025-02-05T12:22:29.906850,grandmaster,3,12964
2025-02-05T12:22:29.906850,celestial,1,573
2025-02-05T12:22:29.906850,celestial,2,1211
2025-02-05T12:22:29.906850,celestial,3,2883
2025-02-05T12:22:29.906850,eternity,total,39
2025-02-05T12:22:29.906850,one_above_all,total,401
2025-02-05T18:16:13.816594,bronze,1,193614
2025-02-05T18:16:13.816594,bronze,2,218224
2025-02-05T18:16:13.816594,bronze,3,791525
2025-02-05T18:16:13.816594,silver,1,168173
2025-02-05T18:16:13.816594,silver,2,188822
2025-02-05T18:16:13.816594,silver,3,215584
2025-02-05T18:16:13.816594,gold,1,123204
2025-02-05T18:16:13.816594,gold,2,147179
2025-02-05T18:16:13.816594,gold,3,207524
2025-02-05T18:16:13.816594,platinum,1,49024
2025-02-05T18:16:13.816594,platinum,2,79944
2025-02-05T18:16:13.816594,platinum,3,137982
2025-02-05T18:16:13.816594,diamond,1,11723
2025-02-05T18:16:13.816594,diamond,2,20706
2025-02-05T18:16:13.816594,diamond,3,43744
2025-02-05T18:16:13.816594,grandmaster,1,3187
2025-02-05T18:16:13.816594,grandmaster,2,5472
2025-02-05T18:16:13.816594,grandmaster,3,13213
2025-02-05T18:16:13.816594,celestial,1,573
2025-02-05T18:16:13.816594,celestial,2,1276
2025-02-05T18:16:13.816594,celestial,3,2990
2025-02-05T18:16:13.816594,eternity,total,79
2025-02-05T18:16:13.816594,one_above_all,total,413
2025-02-06T00:56:22.826781,bronze,1,196065
2025-02-06T00:56:22.826781,bronze,2,221519
2025-02-06T00:56:22.826781,bronze,3,805134
2025-02-06T00:56:22.826781,silver,1,169826
2025-02-06T00:56:22.826781,silver,2,190931
2025-02-06T00:56:22.826781,silver,3,218143
2025-02-06T00:56:22.826781,gold,1,124388
2025-02-06T00:56:22.826781,gold,2,148624
2025-02-06T00:56:22.826781,gold,3,209714
2025-02-06T00:56:22.826781,platinum,1,49664
2025-02-06T00:56:22.826781,platinum,2,80851
2025-02-06T00:56:22.826781,platinum,3,139513
2025-02-06T00:56:22.826781,diamond,1,12056
2025-02-06T00:56:22.826781,diamond,2,21260
2025-02-06T00:56:22.826781,diamond,3,44556
2025-02-06T00:56:22.826781,grandmaster,1,3289
2025-02-06T00:56:22.826781,grandmaster,2,5609
2025-02-06T00:56:22.826781,grandmaster,3,13680
2025-02-06T00:56:22.826781,celestial,1,574
2025-02-06T00:56:22.826781,celestial,2,1317
2025-02-06T00:56:22.826781,celestial,3,3105
2025-02-06T00:56:22.826781,eternity,total,117
2025-02-06T00:56:22.826781,one_above_all,total,396
2025-02-06T06:17:14.408960,bronze,1,196065
2025-02-06T06:17:14.408960,bronze,2,221519
2025-02-06T06:17:14.408960,bronze,3,805134
2025-02-06T06:17:14.408960,silver,1,169826
2025-02-06T06:17:14.408960,silver,2,190931
2025-02-06T06:17:14.408960,silver,3,218143
2025-02-06T06:17:14.408960,gold,1,124388
2025-02-06T06:17:14.408960,gold,2,148624
2025-02-06T06:17:14.408960,gold,3,209714
2025-02-06T06:17:14.408960,platinum,1,49664
2025-02-06T06:17:14.408960,platinum,2,80851
2025-02-06T06:17:14.408960,platinum,3,139513
2025-02-06T06:17:14.408960,diamond,1,12056
2025-02-06T06:17:14.408960,diamond,2,21260
2025-02-06T06:17:14.408960,diamond,3,44556
2025-02-06T06:17:14.408960,grandmaster,1,3289
2025-02-06T06:17:14.408960,grandmaster,2,5609
2025-02-06T06:17:14.408960,grandmaster,3,13680
2025-02-06T06:17:14.408960,celestial,1,574
2025-02-06T06:17:14.408960,celestial,2,1317
2025-02-06T06:17:14.408960,celestial,3,3105
2025-02-06T06:17:14.408960,eternity,total,117
2025-02-06T06:17:14.408960,one_above_all,total,396
2025-02-06T12:22:45.461148,bronze,1,200377
2025-02-06T12:22:45.461148,bronze,2,226966
2025-02-06T12:22:45.461148,bronze,3,826987
2025-02-06T12:22:45.461148,silver,1,172786
2025-02-06T12:22:45.461148,silver,2,194534
2025-02-06T12:22:45.461148,silver,3,222370
2025-02-06T12:22:45.461148,gold,1,126754
2025-02-06T12:22:45.461148,gold,2,151359
2025-02-06T12:22:45.461148,gold,3,213596
2025-02-06T12:22:45.461148,platinum,1,51001
2025-02-06T12:22:45.461148,platinum,2,82773
2025-02-06T12:22:45.461148,platinum,3,142566
2025-02-06T12:22:45.461148,diamond,1,12527
2025-02-06T12:22:45.461148,diamond,2,22006
2025-02-06T12:22:45.461148,diamond,3,45902
2025-02-06T12:22:45.461148,grandmaster,1,3441
2025-02-06T12:22:45.461148,grandmaster,2,5796
2025-02-06T12:22:45.461148,grandmaster,3,14163
2025-02-06T12:22:45.461148,celestial,1,618
2025-02-06T12:22:45.461148,celestial,2,1323
2025-02-06T12:22:45.461148,celestial,3,3240
2025-02-06T12:22:45.461148,eternity,total,64
2025-02-06T12:22:45.461148,one_above_all,total,480
2025-02-06T18:16:05.301424,bronze,1,201131
2025-02-06T18:16:05.301424,bronze,2,227893
2025-02-06T18:16:05.301424,bronze,3,830892
2025-02-06T18:16:05.301424,silver,1,173264
2025-02-06T18:16:05.301424,silver,2,195138
2025-02-06T18:16:05.301424,silver,3,223049
2025-02-06T18:16:05.301424,gold,1,127093
2025-02-06T18:16:05.301424,gold,2,151776
2025-02-06T18:16:05.301424,gold,3,214208
2025-02-06T18:16:05.301424,platinum,1,51159
2025-02-06T18:16:05.301424,platinum,2,83058
2025-02-06T18:16:05.301424,platinum,3,142994
2025-02-06T18:16:05.301424,diamond,1,12585
2025-02-06T18:16:05.301424,diamond,2,22134
2025-02-06T18:16:05.301424,diamond,3,46091
2025-02-06T18:16:05.301424,grandmaster,1,3450
2025-02-06T18:16:05.301424,grandmaster,2,5830
2025-02-06T18:16:05.301424,grandmaster,3,14252
2025-02-06T18:16:05.301424,celestial,1,622
2025-02-06T18:16:05.301424,celestial,2,1326
2025-02-06T18:16:05.301424,celestial,3,3253
2025-02-06T18:16:05.301424,eternity,total,66
2025-02-06T18:16:05.301424,one_above_all,total,478
2025-02-07T00:56:42.575153,bronze,1,204653
2025-02-07T00:56:42.575153,bronze,2,232354
2025-02-07T00:56:42.575153,bronze,3,848697
2025-02-07T00:56:42.575153,silver,1,175947
2025-02-07T00:56:42.575153,silver,2,198206
2025-02-07T00:56:42.575153,silver,3,226848
2025-02-07T00:56:42.575153,gold,1,129198
2025-02-07T00:56:42.575153,gold,2,154212
2025-02-07T00:56:42.575153,gold,3,217661
2025-02-07T00:56:42.575153,platinum,1,52240
2025-02-07T00:56:42.575153,platinum,2,84746
2025-02-07T00:56:42.575153,platinum,3,145614
2025-02-07T00:56:42.575153,diamond,1,12952
2025-02-07T00:56:42.575153,diamond,2,22704
2025-02-07T00:56:42.575153,diamond,3,47243
2025-02-07T00:56:42.575153,grandmaster,1,3550
2025-02-07T00:56:42.575153,grandmaster,2,5994
2025-02-07T00:56:42.575153,grandmaster,3,14656
2025-02-07T00:56:42.575153,celestial,1,636
2025-02-07T00:56:42.575153,celestial,2,1368
2025-02-07T00:56:42.575153,celestial,3,3309
2025-02-07T00:56:42.575153,eternity,total,80
2025-02-07T00:56:42.575153,one_above_all,total,462
2025-02-07T06:17:03.743584,bronze,1,204653
2025-02-07T06:17:03.743584,bronze,2,232354
2025-02-07T06:17:03.743584,bronze,3,848697
2025-02-07T06:17:03.743584,silver,1,175947
2025-02-07T06:17:03.743584,silver,2,198206
2025-02-07T06:17:03.743584,silver,3,226848
2025-02-07T06:17:03.743584,gold,1,129198
2025-02-07T06:17:03.743584,gold,2,154212
2025-02-07T06:17:03.743584,gold,3,217661
2025-02-07T06:17:03.743584,platinum,1,52240
2025-02-07T06:17:03.743584,platinum,2,84746
2025-02-07T06:17:03.743584,platinum,3,145614
2025-02-07T06:17:03.743584,diamond,1,12952
2025-02-07T06:17:03.743584,diamond,2,22704
2025-02-07T06:17:03.743584,diamond,3,47243
2025-02-07T06:17:03.743584,grandmaster,1,3550
2025-02-07T06:17:03.743584,grandmaster,2,5994
2025-02-07T06:17:03.743584,grandmaster,3,14656
2025-02-07T06:17:03.743584,celestial,1,636
2025-02-07T06:17:03.743584,celestial,2,1368
2025-02-07T06:17:03.743584,celestial,3,3309
2025-02-07T06:17:03.743584,eternity,total,80
2025-02-07T06:17:03.743584,one_above_all,total,462
2025-02-07T12:21:46.502458,bronze,1,210447
2025-02-07T12:21:46.502458,bronze,2,240094
2025-02-07T12:21:46.502458,bronze,3,880938
2025-02-07T12:21:46.502458,silver,1,179897
2025-02-07T12:21:46.502458,silver,2,202994
2025-02-07T12:21:46.502458,silver,3,232736
2025-02-07T12:21:46.502458,gold,1,132059
2025-02-07T12:21:46.502458,gold,2,157642
2025-02-07T12:21:46.502458,gold,3,222670
2025-02-07T12:21:46.502458,platinum,1,53793
2025-02-07T12:21:46.502458,platinum,2,86944
2025-02-07T12:21:46.502458,platinum,3,149028
2025-02-07T12:21:46.502458,diamond,1,13379
2025-02-07T12:21:46.502458,diamond,2,23507
2025-02-07T12:21:46.502458,diamond,3,48685
2025-02-07T12:21:46.502458,grandmaster,1,3651
2025-02-07T12:21:46.502458,grandmaster,2,6198
2025-02-07T12:21:46.502458,grandmaster,3,15238
2025-02-07T12:21:46.502458,celestial,1,688
2025-02-07T12:21:46.502458,celestial,2,1395
2025-02-07T12:21:46.502458,celestial,3,3460
2025-02-07T12:21:46.502458,eternity,total,132
2025-02-07T12:21:46.502458,one_above_all,total,488
2025-02-07T18:15:57.552507,bronze,1,216663
2025-02-07T18:15:57.552507,bronze,2,248086
2025-02-07T18:15:57.552507,bronze,3,915462
2025-02-07T18:15:57.552507,silver,1,183763
2025-02-07T18:15:57.552507,silver,2,207828
2025-02-07T18:15:57.552507,silver,3,238741
2025-02-07T18:15:57.552507,gold,1,134638
2025-02-07T18:15:57.552507,gold,2,160954
2025-02-07T18:15:57.552507,gold,3,227338
2025-02-07T18:15:57.552507,platinum,1,55067
2025-02-07T18:15:57.552507,platinum,2,88891
2025-02-07T18:15:57.552507,platinum,3,152177
2025-02-07T18:15:57.552507,diamond,1,13756
2025-02-07T18:15:57.552507,diamond,2,24133
2025-02-07T18:15:57.552507,diamond,3,49959
2025-02-07T18:15:57.552507,grandmaster,1,3704
2025-02-07T18:15:57.552507,grandmaster,2,6378
2025-02-07T18:15:57.552507,grandmaster,3,15686
2025-02-07T18:15:57.552507,celestial,1,688
2025-02-07T18:15:57.552507,celestial,2,1435
2025-02-07T18:15:57.552507,celestial,3,3560
2025-02-07T18:15:57.552507,eternity,total,153
2025-02-07T18:15:57.552507,one_above_all,total,482
2025-02-08T00:54:42.284086,bronze,1,221830
2025-02-08T00:54:42.284086,bronze,2,255140
2025-02-08T00:54:42.284086,bronze,3,946564
2025-02-08T00:54:42.284086,silver,1,186872
2025-02-08T00:54:42.284086,silver,2,211759
2025-02-08T00:54:42.284086,silver,3,243832
2025-02-08T00:54:42.284086,gold,1,136605
2025-02-08T00:54:42.284086,gold,2,163504
2025-02-08T00:54:42.284086,gold,3,231181
2025-02-08T00:54:42.284086,platinum,1,56085
2025-02-08T00:54:42.284086,platinum,2,90344
2025-02-08T00:54:42.284086,platinum,3,154754
2025-02-08T00:54:42.284086,diamond,1,14067
2025-02-08T00:54:42.284086,diamond,2,24677
2025-02-08T00:54:42.284086,diamond,3,50993
2025-02-08T00:54:42.284086,grandmaster,1,3833
2025-02-08T00:54:42.284086,grandmaster,2,6544
2025-02-08T00:54:42.284086,grandmaster,3,16129
2025-02-08T00:54:42.284086,celestial,1,707
2025-02-08T00:54:42.284086,celestial,2,1460
2025-02-08T00:54:42.284086,celestial,3,3682
2025-02-08T00:54:42.284086,eternity,total,188
2025-02-08T00:54:42.284086,one_above_all,total,469
2025-02-08T06:14:36.054328,bronze,1,221830
2025-02-08T06:14:36.054328,bronze,2,255140
2025-02-08T06:14:36.054328,bronze,3,946564
2025-02-08T06:14:36.054328,silver,1,186872
2025-02-08T06:14:36.054328,silver,2,211759
2025-02-08T06:14:36.054328,silver,3,243832
2025-02-08T06:14:36.054328,gold,1,136605
2025-02-08T06:14:36.054328,gold,2,163504
2025-02-08T06:14:36.054328,gold,3,231181
2025-02-08T06:14:36.054328,platinum,1,56085
2025-02-08T06:14:36.054328,platinum,2,90344
2025-02-08T06:14:36.054328,platinum,3,154754
2025-02-08T06:14:36.054328,diamond,1,14067
2025-02-08T06:14:36.054328,diamond,2,24677
2025-02-08T06:14:36.054328,diamond,3,50993
2025-02-08T06:14:36.054328,grandmaster,1,3833
2025-02-08T06:14:36.054328,grandmaster,2,6544
2025-02-08T06:14:36.054328,grandmaster,3,16129
2025-02-08T06:14:36.054328,celestial,1,707
2025-02-08T06:14:36.054328,celestial,2,1460
2025-02-08T06:14:36.054328,celestial,3,3682
2025-02-08T06:14:36.054328,eternity,total,188
2025-02-08T06:14:36.054328,one_above_all,total,469
2025-02-08T12:19:48.390287,bronze,1,226442
2025-02-08T12:19:48.390287,bronze,2,261593
2025-02-08T12:19:48.390287,bronze,3,975779
2025-02-08T12:19:48.390287,silver,1,189645
2025-02-08T12:19:48.390287,silver,2,215317
2025-02-08T12:19:48.390287,silver,3,248352
2025-02-08T12:19:48.390287,gold,1,138346
2025-02-08T12:19:48.390287,gold,2,165686
2025-02-08T12:19:48.390287,gold,3,234493
2025-02-08T12:19:48.390287,platinum,1,56910
2025-02-08T12:19:48.390287,platinum,2,91656
2025-02-08T12:19:48.390287,platinum,3,156787
2025-02-08T12:19:48.390287,diamond,1,14497
2025-02-08T12:19:48.390287,diamond,2,25163
2025-02-08T12:19:48.390287,diamond,3,51912
2025-02-08T12:19:48.390287,grandmaster,1,3960
2025-02-08T12:19:48.390287,grandmaster,2,6753
2025-02-08T12:19:48.390287,grandmaster,3,16595
2025-02-08T12:19:48.390287,celestial,1,721
2025-02-08T12:19:48.390287,celestial,2,1477
2025-02-08T12:19:48.390287,celestial,3,3843
2025-02-08T12:19:48.390287,eternity,total,180
2025-02-08T12:19:48.390287,one_above_all,total,519
2025-02-08T19:46:38.766589,bronze,1,229823
2025-02-08T19:46:38.766589,bronze,2,266490
2025-02-08T19:46:38.766589,bronze,3,998536
2025-02-08T19:46:38.766589,silver,1,191530
2025-02-08T19:46:38.766589,silver,2,217705
2025-02-08T19:46:38.766589,silver,3,251487
2025-02-08T19:46:38.766589,gold,1,139928
2025-02-08T19:46:38.766589,gold,2,167389
2025-02-08T19:46:38.766589,gold,3,237031
2025-02-08T19:46:38.766589,platinum,1,58464
2025-02-08T19:46:38.766589,platinum,2,93488
2025-02-08T19:46:38.766589,platinum,3,159164
2025-02-08T19:46:38.766589,diamond,1,15519
2025-02-08T19:46:38.766589,diamond,2,26559
2025-02-08T19:46:38.766589,diamond,3,54004
2025-02-08T19:46:38.766589,grandmaster,1,4265
2025-02-08T19:46:38.766589,grandmaster,2,7358
2025-02-08T19:46:38.766589,grandmaster,3,18015
2025-02-08T19:46:38.766589,celestial,1,741
2025-02-08T19:46:38.766589,celestial,2,1567
2025-02-08T19:46:38.766589,celestial,3,4081
2025-02-08T19:46:38.766589,eternity,total,211
2025-02-08T19:46:38.766589,one_above_all,total,506
2025-02-09T00:59:18.529342,bronze,1,233343
2025-02-09T00:59:18.529342,bronze,2,271534
2025-02-09T00:59:18.529342,bronze,3,1020544
2025-02-09T00:59:18.529342,silver,1,193559
2025-02-09T00:59:18.529342,silver,2,220300
2025-02-09T00:59:18.529342,silver,3,254890
2025-02-09T00:59:18.529342,gold,1,141229
2025-02-09T00:59:18.529342,gold,2,169005
2025-02-09T00:59:18.529342,gold,3,239384
2025-02-09T00:59:18.529342,platinum,1,59153
2025-02-09T00:59:18.529342,platinum,2,94532
2025-02-09T00:59:18.529342,platinum,3,160743
2025-02-09T00:59:18.529342,diamond,1,15812
2025-02-09T00:59:18.529342,diamond,2,26977
2025-02-09T00:59:18.529342,diamond,3,54825
2025-02-09T00:59:18.529342,grandmaster,1,4403
2025-02-09T00:59:18.529342,grandmaster,2,7549
2025-02-09T00:59:18.529342,grandmaster,3,18381
2025-02-09T00:59:18.529342,celestial,1,769
2025-02-09T00:59:18.529342,celestial,2,1591
2025-02-09T00:59:18.529342,celestial,3,4169
2025-02-09T00:59:18.529342,eternity,total,246
2025-02-09T00:59:18.529342,one_above_all,total,498
2025-02-09T06:15:12.924014,bronze,1,233343
2025-02-09T06:15:12.924014,bronze,2,271534
2025-02-09T06:15:12.924014,bronze,3,1020544
2025-02-09T06:15:12.924014,silver,1,193559
2025-02-09T06:15:12.924014,silver,2,220300
2025-02-09T06:15:12.924014,silver,3,254890
2025-02-09T06:15:12.924014,gold,1,141229
2025-02-09T06:15:12.924014,gold,2,169005
2025-02-09T06:15:12.924014,gold,3,239384
2025-02-09T06:15:12.924014,platinum,1,59153
2025-02-09T06:15:12.924014,platinum,2,94532
2025-02-09T06:15:12.924014,platinum,3,160743
2025-02-09T06:15:12.924014,diamond,1,15812
2025-02-09T06:15:12.924014,diamond,2,26977
2025-02-09T06:15:12.924014,diamond,3,54825
2025-02-09T06:15:12.924014,grandmaster,1,4403
2025-02-09T06:15:12.924014,grandmaster,2,7549
2025-02-09T06:15:12.924014,grandmaster,3,18381
2025-02-09T06:15:12.924014,celestial,1,769
2025-02-09T06:15:12.924014,celestial,2,1591
2025-02-09T06:15:12.924014,celestial,3,4169
2025-02-09T06:15:12.924014,eternity,total,246
2025-02-09T06:15:12.924014,one_above_all,total,498
2025-02-09T12:19:47.462345,bronze,1,236977
2025-02-09T12:19:47.462345,bronze,2,276688
2025-02-09T12:19:47.462345,bronze,3,1043216
2025-02-09T12:19:47.462345,silver,1,195728
2025-02-09T12:19:47.462345,silver,2,222907
2025-02-09T12:19:47.462345,silver,3,258296
2025-02-09T12:19:47.462345,gold,1,142687
2025-02-09T12:19:47.462345,gold,2,170748
2025-02-09T12:19:47.462345,gold,3,241885
2025-02-09T12:19:47.462345,platinum,1,60149
2025-02-09T12:19:47.462345,platinum,2,95789
2025-02-09T12:19:47.462345,platinum,3,162527
2025-02-09T12:19:47.462345,diamond,1,16274
2025-02-09T12:19:47.462345,diamond,2,27632
2025-02-09T12:19:47.462345,diamond,3,55875
2025-02-09T12:19:47.462345,grandmaster,1,4528
2025-02-09T12:19:47.462345,grandmaster,2,7813
2025-02-09T12:19:47.462345,grandmaster,3,18955
2025-02-09T12:19:47.462345,celestial,1,798
2025-02-09T12:19:47.462345,celestial,2,1628
2025-02-09T12:19:47.462345,celestial,3,4321
2025-02-09T12:19:47.462345,eternity,total,282
2025-02-09T12:19:47.462345,one_above_all,total,506
2025-02-09T18:14:12.307642,bronze,1,237693
2025-02-09T18:14:12.307642,bronze,2,277617
2025-02-09T18:14:12.307642,bronze,3,1047069
2025-02-09T18:14:12.307642,silver,1,196195
2025-02-09T18:14:12.307642,silver,2,223513
2025-02-09T18:14:12.307642,silver,3,259011
2025-02-09T18:14:12.307642,gold,1,143075
2025-02-09T18:14:12.307642,gold,2,171216
2025-02-09T18:14:12.307642,gold,3,242572
2025-02-09T18:14:12.307642,platinum,1,60478
2025-02-09T18:14:12.307642,platinum,2,96192
2025-02-09T18:14:12.307642,platinum,3,163130
2025-02-09T18:14:12.307642,diamond,1,16470
2025-02-09T18:14:12.307642,diamond,2,27937
2025-02-09T18:14:12.307642,diamond,3,56252
2025-02-09T18:14:12.307642,grandmaster,1,4616
2025-02-09T18:14:12.307642,grandmaster,2,7947
2025-02-09T18:14:12.307642,grandmaster,3,19262
2025-02-09T18:14:12.307642,celestial,1,813
2025-02-09T18:14:12.307642,celestial,2,1652
2025-02-09T18:14:12.307642,celestial,3,4411
2025-02-09T18:14:12.307642,eternity,total,310
2025-02-09T18:14:12.307642,one_above_all,total,498
2025-02-10T00:57:20.332925,bronze,1,238743
2025-02-10T00:57:20.332925,bronze,2,279063
2025-02-10T00:57:20.332925,bronze,3,1052928
2025-02-10T00:57:20.332925,silver,1,196970
2025-02-10T00:57:20.332925,silver,2,224410
2025-02-10T00:57:20.332925,silver,3,260156
2025-02-10T00:57:20.332925,gold,1,143657
2025-02-10T00:57:20.332925,gold,2,171839
2025-02-10T00:57:20.332925,gold,3,243498
2025-02-10T00:57:20.332925,platinum,1,60939
2025-02-10T00:57:20.332925,platinum,2,96847
2025-02-10T00:57:20.332925,platinum,3,163955
2025-02-10T00:57:20.332925,diamond,1,16778
2025-02-10T00:57:20.332925,diamond,2,28364
2025-02-10T00:57:20.332925,diamond,3,56920
2025-02-10T00:57:20.332925,grandmaster,1,4711
2025-02-10T00:57:20.332925,grandmaster,2,8123
2025-02-10T00:57:20.332925,grandmaster,3,19733
2025-02-10T00:57:20.332925,celestial,1,832
2025-02-10T00:57:20.332925,celestial,2,1690
2025-02-10T00:57:20.332925,celestial,3,4530
2025-02-10T00:57:20.332925,eternity,total,342
2025-02-10T00:57:20.332925,one_above_all,total,493
2025-02-10T06:17:27.736103,bronze,1,238743
2025-02-10T06:17:27.736103,bronze,2,279063
2025-02-10T06:17:27.736103,bronze,3,1052928
2025-02-10T06:17:27.736103,silver,1,196970
2025-02-10T06:17:27.736103,silver,2,224410
2025-02-10T06:17:27.736103,silver,3,260156
2025-02-10T06:17:27.736103,gold,1,143657
2025-02-10T06:17:27.736103,gold,2,171839
2025-02-10T06:17:27.736103,gold,3,243498
2025-02-10T06:17:27.736103,platinum,1,60939
2025-02-10T06:17:27.736103,platinum,2,96847
2025-02-10T06:17:27.736103,platinum,3,163955
2025-02-10T06:17:27.736103,diamond,1,16778
2025-02-10T06:17:27.736103,diamond,2,28364
2025-02-10T06:17:27.736103,diamond,3,56920
2025-02-10T06:17:27.736103,grandmaster,1,4711
2025-02-10T06:17:27.736103,grandmaster,2,8123
2025-02-10T06:17:27.736103,grandmaster,3,19733
2025-02-10T06:17:27.736103,celestial,1,832
2025-02-10T06:17:27.736103,celestial,2,1690
2025-02-10T06:17:27.736103,celestial,3,4530
2025-02-10T06:17:27.736103,eternity,total,342
2025-02-10T06:17:27.736103,one_above_all,total,493
2025-02-10T12:22:39.729070,bronze,1,240742
2025-02-10T12:22:39.729070,bronze,2,281805
2025-02-10T12:22:39.729070,bronze,3,1065088
2025-02-10T12:22:39.729070,silver,1,198227
2025-02-10T12:22:39.729070,silver,2,225962
2025-02-10T12:22:39.729070,silver,3,262071
2025-02-10T12:22:39.729070,gold,1,144570
2025-02-10T12:22:39.729070,gold,2,172895
2025-02-10T12:22:39.729070,gold,3,245049
2025-02-10T12:22:39.729070,platinum,1,61716
2025-02-10T12:22:39.729070,platinum,2,97799
2025-02-10T12:22:39.729070,platinum,3,165265
2025-02-10T12:22:39.729070,diamond,1,17228
2025-02-10T12:22:39.729070,diamond,2,28964
2025-02-10T12:22:39.729070,diamond,3,57885
2025-02-10T12:22:39.729070,grandmaster,1,4851
2025-02-10T12:22:39.729070,grandmaster,2,8325
2025-02-10T12:22:39.729070,grandmaster,3,20303
2025-02-10T12:22:39.729070,celestial,1,843
2025-02-10T12:22:39.729070,celestial,2,1724
2025-02-10T12:22:39.729070,celestial,3,4631
2025-02-10T12:22:39.729070,eternity,total,375
2025-02-10T12:22:39.729070,one_above_all,total,519
2025-02-10T18:16:23.657143,bronze,1,242184
2025-02-10T18:16:23.657143,bronze,2,283758
2025-02-10T18:16:23.657143,bronze,3,1073499
2025-02-10T18:16:23.657143,silver,1,199091
2025-02-10T18:16:23.657143,silver,2,227099
2025-02-10T18:16:23.657143,silver,3,263472
2025-02-10T18:16:23.657143,gold,1,145279
2025-02-10T18:16:23.657143,gold,2,173745
2025-02-10T18:16:23.657143,gold,3,246165
2025-02-10T18:16:23.657143,platinum,1,62305
2025-02-10T18:16:23.657143,platinum,2,98538
2025-02-10T18:16:23.657143,platinum,3,166259
2025-02-10T18:16:23.657143,diamond,1,17509
2025-02-10T18:16:23.657143,diamond,2,29377
2025-02-10T18:16:23.657143,diamond,3,58559
2025-02-10T18:16:23.657143,grandmaster,1,4972
2025-02-10T18:16:23.657143,grandmaster,2,8460
2025-02-10T18:16:23.657143,grandmaster,3,20683
2025-02-10T18:16:23.657143,celestial,1,850
2025-02-10T18:16:23.657143,celestial,2,1764
2025-02-10T18:16:23.657143,celestial,3,4766
2025-02-10T18:16:23.657143,eternity,total,392
2025-02-10T18:16:23.657143,one_above_all,total,516
2025-02-11T00:56:10.785814,bronze,1,243767
2025-02-11T00:56:10.785814,bronze,2,285880
2025-02-11T00:56:10.785814,bronze,3,1082985
2025-02-11T00:56:10.785814,silver,1,200144
2025-02-11T00:56:10.785814,silver,2,228326
2025-02-11T00:56:10.785814,silver,3,265058
2025-02-11T00:56:10.785814,gold,1,146094
2025-02-11T00:56:10.785814,gold,2,174613
2025-02-11T00:56:10.785814,gold,3,247499
2025-02-11T00:56:10.785814,platinum,1,62953
2025-02-11T00:56:10.785814,platinum,2,99249
2025-02-11T00:56:10.785814,platinum,3,167350
2025-02-11T00:56:10.785814,diamond,1,17899
2025-02-11T00:56:10.785814,diamond,2,29949
2025-02-11T00:56:10.785814,diamond,3,59256
2025-02-11T00:56:10.785814,grandmaster,1,5134
2025-02-11T00:56:10.785814,grandmaster,2,8719
2025-02-11T00:56:10.785814,grandmaster,3,21199
2025-02-11T00:56:10.785814,celestial,1,872
2025-02-11T00:56:10.785814,celestial,2,1807
2025-02-11T00:56:10.785814,celestial,3,4934
2025-02-11T00:56:10.785814,eternity,total,405
2025-02-11T00:56:10.785814,one_above_all,total,515
2025-02-11T06:16:56.358680,bronze,1,243767
2025-02-11T06:16:56.358680,bronze,2,285880
2025-02-11T06:16:56.358680,bronze,3,1082985
2025-02-11T06:16:56.358680,silver,1,200144
2025-02-11T06:16:56.358680,silver,2,228326
2025-02-11T06:16:56.358680,silver,3,265058
2025-02-11T06:16:56.358680,gold,1,146094
2025-02-11T06:16:56.358680,gold,2,174613
2025-02-11T06:16:56.358680,gold,3,247499
2025-02-11T06:16:56.358680,platinum,1,62953
2025-02-11T06:16:56.358680,platinum,2,99249
2025-02-11T06:16:56.358680,platinum,3,167350
2025-02-11T06:16:56.358680,diamond,1,17899
2025-02-11T06:16:56.358680,diamond,2,29949
2025-02-11T06:16:56.358680,diamond,3,59256
2025-02-11T06:16:56.358680,grandmaster,1,5134
2025-02-11T06:16:56.358680,grandmaster,2,8719
2025-02-11T06:16:56.358680,grandmaster,3,21199
2025-02-11T06:16:56.358680,celestial,1,872
2025-02-11T06:16:56.358680,celestial,2,1807
2025-02-11T06:16:56.358680,celestial,3,4934
2025-02-11T06:16:56.358680,eternity,total,405
2025-02-11T06:16:56.358680,one_above_all,total,515
2025-02-11T15:01:48.782969,bronze,1,245164
2025-02-11T15:01:48.782969,bronze,2,287923
2025-02-11T15:01:48.782969,bronze,3,1091467
2025-02-11T15:01:48.782969,silver,1,201070
2025-02-11T15:01:48.782969,silver,2,229488
2025-02-11T15:01:48.782969,silver,3,266449
2025-02-11T15:01:48.782969,gold,1,146743
2025-02-11T15:01:48.782969,gold,2,175466
2025-02-11T15:01:48.782969,gold,3,248731
2025-02-11T15:01:48.782969,platinum,1,63392
2025-02-11T15:01:48.782969,platinum,2,99861
2025-02-11T15:01:48.782969,platinum,3,168229
2025-02-11T15:01:48.782969,diamond,1,18130
2025-02-11T15:01:48.782969,diamond,2,30271
2025-02-11T15:01:48.782969,diamond,3,59796
2025-02-11T15:01:48.782969,grandmaster,1,5281
2025-02-11T15:01:48.782969,grandmaster,2,8858
2025-02-11T15:01:48.782969,grandmaster,3,21508
2025-02-11T15:01:48.782969,celestial,1,880
2025-02-11T15:01:48.782969,celestial,2,1840
2025-02-11T15:01:48.782969,celestial,3,4926
2025-02-11T15:01:48.782969,eternity,total,414
2025-02-11T15:01:48.782969,one_above_all,total,533
2025-02-11T18:14:31.473935,bronze,1,245348
2025-02-11T18:14:31.473935,bronze,2,288152
2025-02-11T18:14:31.473935,bronze,3,1092644
2025-02-11T18:14:31.473935,silver,1,201143
2025-02-11T18:14:31.473935,silver,2,229605
2025-02-11T18:14:31.473935,silver,3,266580
2025-02-11T18:14:31.473935,gold,1,146822
2025-02-11T18:14:31.473935,gold,2,175565
2025-02-11T18:14:31.473935,gold,3,248896
2025-02-11T18:14:31.473935,platinum,1,63501
2025-02-11T18:14:31.473935,platinum,2,99972
2025-02-11T18:14:31.473935,platinum,3,168388
2025-02-11T18:14:31.473935,diamond,1,18238
2025-02-11T18:14:31.473935,diamond,2,30440
2025-02-11T18:14:31.473935,diamond,3,60008
2025-02-11T18:14:31.473935,grandmaster,1,5328
2025-02-11T18:14:31.473935,grandmaster,2,8948
2025-02-11T18:14:31.473935,grandmaster,3,21713
2025-02-11T18:14:31.473935,celestial,1,893
2025-02-11T18:14:31.473935,celestial,2,1861
2025-02-11T18:14:31.473935,celestial,3,5018
2025-02-11T18:14:31.473935,eternity,total,420
2025-02-11T18:14:31.473935,one_above_all,total,531
2025-02-12T00:56:31.554962,bronze,1,245436
2025-02-12T00:56:31.554962,bronze,2,288277
2025-02-12T00:56:31.554962,bronze,3,1093175
2025-02-12T00:56:31.554962,silver,1,201181
2025-02-12T00:56:31.554962,silver,2,229650
2025-02-12T00:56:31.554962,silver,3,266653
2025-02-12T00:56:31.554962,gold,1,146865
2025-02-12T00:56:31.554962,gold,2,175615
2025-02-12T00:56:31.554962,gold,3,248979
2025-02-12T00:56:31.554962,platinum,1,63614
2025-02-12T00:56:31.554962,platinum,2,100099
2025-02-12T00:56:31.554962,platinum,3,168497
2025-02-12T00:56:31.554962,diamond,1,18502
2025-02-12T00:56:31.554962,diamond,2,30684
2025-02-12T00:56:31.554962,diamond,3,60256
2025-02-12T00:56:31.554962,grandmaster,1,5438
2025-02-12T00:56:31.554962,grandmaster,2,9136
2025-02-12T00:56:31.554962,grandmaster,3,22053
2025-02-12T00:56:31.554962,celestial,1,911
2025-02-12T00:56:31.554962,celestial,2,1911
2025-02-12T00:56:31.554962,celestial,3,5178
2025-02-12T00:56:31.554962,eternity,total,445
2025-02-12T00:56:31.554962,one_above_all,total,528
2025-02-12T06:17:07.421491,bronze,1,245436
2025-02-12T06:17:07.421491,bronze,2,288277
2025-02-12T06:17:07.421491,bronze,3,1093175
2025-02-12T06:17:07.421491,silver,1,201181
2025-02-12T06:17:07.421491,silver,2,229650
2025-02-12T06:17:07.421491,silver,3,266653
2025-02-12T06:17:07.421491,gold,1,146865
2025-02-12T06:17:07.421491,gold,2,175615
2025-02-12T06:17:07.421491,gold,3,248979
2025-02-12T06:17:07.421491,platinum,1,63614
2025-02-12T06:17:07.421491,platinum,2,100099
2025-02-12T06:17:07.421491,platinum,3,168497
2025-02-12T06:17:07.421491,diamond,1,18502
2025-02-12T06:17:07.421491,diamond,2,30684
2025-02-12T06:17:07.421491,diamond,3,60256
2025-02-12T06:17:07.421491,grandmaster,1,5438
2025-02-12T06:17:07.421491,grandmaster,2,9136
2025-02-12T06:17:07.421491,grandmaster,3,22053
2025-02-12T06:17:07.421491,celestial,1,911
2025-02-12T06:17:07.421491,celestial,2,1911
2025-02-12T06:17:07.421491,celestial,3,5178
2025-02-12T06:17:07.421491,eternity,total,445
2025-02-12T06:17:07.421491,one_above_all,total,528
2025-02-12T12:22:31.801384,bronze,1,245413
2025-02-12T12:22:31.801384,bronze,2,288268
2025-02-12T12:22:31.801384,bronze,3,1093215
2025-02-12T12:22:31.801384,silver,1,201125
2025-02-12T12:22:31.801384,silver,2,229612
2025-02-12T12:22:31.801384,silver,3,266628
2025-02-12T12:22:31.801384,gold,1,146808
2025-02-12T12:22:31.801384,gold,2,175577
2025-02-12T12:22:31.801384,gold,3,248935
2025-02-12T12:22:31.801384,platinum,1,63676
2025-02-12T12:22:31.801384,platinum,2,100130
2025-02-12T12:22:31.801384,platinum,3,168467
2025-02-12T12:22:31.801384,diamond,1,18694
2025-02-12T12:22:31.801384,diamond,2,30933
2025-02-12T12:22:31.801384,diamond,3,60501
2025-02-12T12:22:31.801384,grandmaster,1,5589
2025-02-12T12:22:31.801384,grandmaster,2,9316
2025-02-12T12:22:31.801384,grandmaster,3,22512
2025-02-12T12:22:31.801384,celestial,1,928
2025-02-12T12:22:31.801384,celestial,2,1958
2025-02-12T12:22:31.801384,celestial,3,5301
2025-02-12T12:22:31.801384,eternity,total,465
2025-02-12T12:22:31.801384,one_above_all,total,536
2025-02-12T18:16:22.279636,bronze,1,245459
2025-02-12T18:16:22.279636,bronze,2,288339
2025-02-12T18:16:22.279636,bronze,3,1093508
2025-02-12T18:16:22.279636,silver,1,201142
2025-02-12T18:16:22.279636,silver,2,229639
2025-02-12T18:16:22.279636,silver,3,266673
2025-02-12T18:16:22.279636,gold,1,146801
2025-02-12T18:16:22.279636,gold,2,175563
2025-02-12T18:16:22.279636,gold,3,248981
2025-02-12T18:16:22.279636,platinum,1,63744
2025-02-12T18:16:22.279636,platinum,2,100195
2025-02-12T18:16:22.279636,platinum,3,168509
2025-02-12T18:16:22.279636,diamond,1,18807
2025-02-12T18:16:22.279636,diamond,2,31075
2025-02-12T18:16:22.279636,diamond,3,60701
2025-02-12T18:16:22.279636,grandmaster,1,5676
2025-02-12T18:16:22.279636,grandmaster,2,9446
2025-02-12T18:16:22.279636,grandmaster,3,22769
2025-02-12T18:16:22.279636,celestial,1,942
2025-02-12T18:16:22.279636,celestial,2,1983
2025-02-12T18:16:22.279636,celestial,3,5381
2025-02-12T18:16:22.279636,eternity,total,477
2025-02-12T18:16:22.279636,one_above_all,total,537
2025-02-13T00:56:43.159186,bronze,1,245502
2025-02-13T00:56:43.159186,bronze,2,288453
2025-02-13T00:56:43.159186,bronze,3,1093943
2025-02-13T00:56:43.159186,silver,1,201152
2025-02-13T00:56:43.159186,silver,2,229642
2025-02-13T00:56:43.159186,silver,3,266715
2025-02-13T00:56:43.159186,gold,1,146808
2025-02-13T00:56:43.159186,gold,2,175569
2025-02-13T00:56:43.159186,gold,3,249018
2025-02-13T00:56:43.159186,platinum,1,63878
2025-02-13T00:56:43.159186,platinum,2,100295
2025-02-13T00:56:43.159186,platinum,3,168579
2025-02-13T00:56:43.159186,diamond,1,19041
2025-02-13T00:56:43.159186,diamond,2,31310
2025-02-13T00:56:43.159186,diamond,3,60951
2025-02-13T00:56:43.159186,grandmaster,1,5809
2025-02-13T00:56:43.159186,grandmaster,2,9660
2025-02-13T00:56:43.159186,grandmaster,3,23219
2025-02-13T00:56:43.159186,celestial,1,957
2025-02-13T00:56:43.159186,celestial,2,2053
2025-02-13T00:56:43.159186,celestial,3,5509
2025-02-13T00:56:43.159186,eternity,total,494
2025-02-13T00:56:43.159186,one_above_all,total,532
2025-02-13T06:16:42.757237,bronze,1,245502
2025-02-13T06:16:42.757237,bronze,2,288453
2025-02-13T06:16:42.757237,bronze,3,1093943
2025-02-13T06:16:42.757237,silver,1,201152
2025-02-13T06:16:42.757237,silver,2,229642
2025-02-13T06:16:42.757237,silver,3,266715
2025-02-13T06:16:42.757237,gold,1,146808
2025-02-13T06:16:42.757237,gold,2,175569
2025-02-13T06:16:42.757237,gold,3,249018
2025-02-13T06:16:42.757237,platinum,1,63878
2025-02-13T06:16:42.757237,platinum,2,100295
2025-02-13T06:16:42.757237,platinum,3,168579
2025-02-13T06:16:42.757237,diamond,1,19041
2025-02-13T06:16:42.757237,diamond,2,31310
2025-02-13T06:16:42.757237,diamond,3,60951
2025-02-13T06:16:42.757237,grandmaster,1,5809
2025-02-13T06:16:42.757237,grandmaster,2,9660
2025-02-13T06:16:42.757237,grandmaster,3,23219
2025-02-13T06:16:42.757237,celestial,1,957
2025-02-13T06:16:42.757237,celestial,2,2053
2025-02-13T06:16:42.757237,celestial,3,5509
2025-02-13T06:16:42.757237,eternity,total,494
2025-02-13T06:16:42.757237,one_above_all,total,532
2025-02-13T12:22:47.073481,bronze,1,245535
2025-02-13T12:22:47.073481,bronze,2,288509
2025-02-13T12:22:47.073481,bronze,3,1094222
2025-02-13T12:22:47.073481,silver,1,201140
2025-02-13T12:22:47.073481,silver,2,229656
2025-02-13T12:22:47.073481,silver,3,266752
2025-02-13T12:22:47.073481,gold,1,146783
2025-02-13T12:22:47.073481,gold,2,175548
2025-02-13T12:22:47.073481,gold,3,249057
2025-02-13T12:22:47.073481,platinum,1,64032
2025-02-13T12:22:47.073481,platinum,2,100333
2025-02-13T12:22:47.073481,platinum,3,168614
2025-02-13T12:22:47.073481,diamond,1,19254
2025-02-13T12:22:47.073481,diamond,2,31480
2025-02-13T12:22:47.073481,diamond,3,61203
2025-02-13T12:22:47.073481,grandmaster,1,5981
2025-02-13T12:22:47.073481,grandmaster,2,9864
2025-02-13T12:22:47.073481,grandmaster,3,23655
2025-02-13T12:22:47.073481,celestial,1,968
2025-02-13T12:22:47.073481,celestial,2,2105
2025-02-13T12:22:47.073481,celestial,3,5667
2025-02-13T12:22:47.073481,eternity,total,510
2025-02-13T12:22:47.073481,one_above_all,total,534
2025-02-13T18:16:28.417570,bronze,1,245529
2025-02-13T18:16:28.417570,bronze,2,288496
2025-02-13T18:16:28.417570,bronze,3,1094197
2025-02-13T18:16:28.417570,silver,1,201149
2025-02-13T18:16:28.417570,silver,2,229643
2025-02-13T18:16:28.417570,silver,3,266742
2025-02-13T18:16:28.417570,gold,1,146749
2025-02-13T18:16:28.417570,gold,2,175521
2025-02-13T18:16:28.417570,gold,3,249028
2025-02-13T18:16:28.417570,platinum,1,64074
2025-02-13T18:16:28.417570,platinum,2,100340
2025-02-13T18:16:28.417570,platinum,3,168624
2025-02-13T18:16:28.417570,diamond,1,19325
2025-02-13T18:16:28.417570,diamond,2,31523
2025-02-13T18:16:28.417570,diamond,3,61291
2025-02-13T18:16:28.417570,grandmaster,1,6014
2025-02-13T18:16:28.417570,grandmaster,2,9931
2025-02-13T18:16:28.417570,grandmaster,3,23769
2025-02-13T18:16:28.417570,celestial,1,978
2025-02-13T18:16:28.417570,celestial,2,2108
2025-02-13T18:16:28.417570,celestial,3,5707
2025-02-13T18:16:28.417570,eternity,total,515
2025-02-13T18:16:28.417570,one_above_all,total,535
2025-02-14T00:56:30.304296,bronze,1,245528
2025-02-14T00:56:30.304296,bronze,2,288505
2025-02-14T00:56:30.304296,bronze,3,1094281
2025-02-14T00:56:30.304296,silver,1,201141
2025-02-14T00:56:30.304296,silver,2,229644
2025-02-14T00:56:30.304296,silver,3,266750
2025-02-14T00:56:30.304296,gold,1,146754
2025-02-14T00:56:30.304296,gold,2,175514
2025-02-14T00:56:30.304296,gold,3,249043
2025-02-14T00:56:30.304296,platinum,1,64109
2025-02-14T00:56:30.304296,platinum,2,100370
2025-02-14T00:56:30.304296,platinum,3,168641
2025-02-14T00:56:30.304296,diamond,1,19387
2025-02-14T00:56:30.304296,diamond,2,31585
2025-02-14T00:56:30.304296,diamond,3,61343
2025-02-14T00:56:30.304296,grandmaster,1,6043
2025-02-14T00:56:30.304296,grandmaster,2,9984
2025-02-14T00:56:30.304296,grandmaster,3,23877
2025-02-14T00:56:30.304296,celestial,1,981
2025-02-14T00:56:30.304296,celestial,2,2140
2025-02-14T00:56:30.304296,celestial,3,5754
2025-02-14T00:56:30.304296,eternity,total,523
2025-02-14T00:56:30.304296,one_above_all,total,535
2025-02-14T06:16:32.275343,bronze,1,245528
2025-02-14T06:16:32.275343,bronze,2,288505
2025-02-14T06:16:32.275343,bronze,3,1094281
2025-02-14T06:16:32.275343,silver,1,201141
2025-02-14T06:16:32.275343,silver,2,229644
2025-02-14T06:16:32.275343,silver,3,266750
2025-02-14T06:16:32.275343,gold,1,146754
2025-02-14T06:16:32.275343,gold,2,175514
2025-02-14T06:16:32.275343,gold,3,249043
2025-02-14T06:16:32.275343,platinum,1,64109
2025-02-14T06:16:32.275343,platinum,2,100370
2025-02-14T06:16:32.275343,platinum,3,168641
2025-02-14T06:16:32.275343,diamond,1,19387
2025-02-14T06:16:32.275343,diamond,2,31585
2025-02-14T06:16:32.275343,diamond,3,61343
2025-02-14T06:16:32.275343,grandmaster,1,6043
2025-02-14T06:16:32.275343,grandmaster,2,9984
2025-02-14T06:16:32.275343,grandmaster,3,23877
2025-02-14T06:16:32.275343,celestial,1,981
2025-02-14T06:16:32.275343,celestial,2,2140
2025-02-14T06:16:32.275343,celestial,3,5754
2025-02-14T06:16:32.275343,eternity,total,523
2025-02-14T06:16:32.275343,one_above_all,total,535
2025-02-14T12:22:18.792120,bronze,1,245562
2025-02-14T12:22:18.792120,bronze,2,288539
2025-02-14T12:22:18.792120,bronze,3,1094608
2025-02-14T12:22:18.792120,silver,1,201139
2025-02-14T12:22:18.792120,silver,2,229649
2025-02-14T12:22:18.792120,silver,3,266786
2025-02-14T12:22:18.792120,gold,1,146764
2025-02-14T12:22:18.792120,gold,2,175492
2025-02-14T12:22:18.792120,gold,3,249101
2025-02-14T12:22:18.792120,platinum,1,64186
2025-02-14T12:22:18.792120,platinum,2,100419
2025-02-14T12:22:18.792120,platinum,3,168695
2025-02-14T12:22:18.792120,diamond,1,19566
2025-02-14T12:22:18.792120,diamond,2,31785
2025-02-14T12:22:18.792120,diamond,3,61583
2025-02-14T12:22:18.792120,grandmaster,1,6179
2025-02-14T12:22:18.792120,grandmaster,2,10232
2025-02-14T12:22:18.792120,grandmaster,3,24283
2025-02-14T12:22:18.792120,celestial,1,999
2025-02-14T12:22:18.792120,celestial,2,2208
2025-02-14T12:22:18.792120,celestial,3,5950
2025-02-14T12:22:18.792120,eternity,total,533
2025-02-14T12:22:18.792120,one_above_all,total,538
2025-02-14T18:15:54.059744,bronze,1,245613
2025-02-14T18:15:54.059744,bronze,2,288594
2025-02-14T18:15:54.059744,bronze,3,1094916
2025-02-14T18:15:54.059744,silver,1,201132
2025-02-14T18:15:54.059744,silver,2,229661
2025-02-14T18:15:54.059744,silver,3,266811
2025-02-14T18:15:54.059744,gold,1,146784
2025-02-14T18:15:54.059744,gold,2,175503
2025-02-14T18:15:54.059744,gold,3,249131
2025-02-14T18:15:54.059744,platinum,1,64261
2025-02-14T18:15:54.059744,platinum,2,100473
2025-02-14T18:15:54.059744,platinum,3,168787
2025-02-14T18:15:54.059744,diamond,1,19696
2025-02-14T18:15:54.059744,diamond,2,31924
2025-02-14T18:15:54.059744,diamond,3,61703
2025-02-14T18:15:54.059744,grandmaster,1,6292
2025-02-14T18:15:54.059744,grandmaster,2,10369
2025-02-14T18:15:54.059744,grandmaster,3,24525
2025-02-14T18:15:54.059744,celestial,1,1016
2025-02-14T18:15:54.059744,celestial,2,2259
2025-02-14T18:15:54.059744,celestial,3,6051
2025-02-14T18:15:54.059744,eternity,total,550
2025-02-14T18:15:54.059744,one_above_all,total,540
2025-02-15T00:55:49.779449,bronze,1,245636
2025-02-15T00:55:49.779449,bronze,2,288661
2025-02-15T00:55:49.779449,bronze,3,1095186
2025-02-15T00:55:49.779449,silver,1,201107
2025-02-15T00:55:49.779449,silver,2,229678
2025-02-15T00:55:49.779449,silver,3,266815
2025-02-15T00:55:49.779449,gold,1,146805
2025-02-15T00:55:49.779449,gold,2,175540
2025-02-15T00:55:49.779449,gold,3,249194
2025-02-15T00:55:49.779449,platinum,1,64345
2025-02-15T00:55:49.779449,platinum,2,100490
2025-02-15T00:55:49.779449,platinum,3,168837
2025-02-15T00:55:49.779449,diamond,1,19892
2025-02-15T00:55:49.779449,diamond,2,32113
2025-02-15T00:55:49.779449,diamond,3,61883
2025-02-15T00:55:49.779449,grandmaster,1,6416
2025-02-15T00:55:49.779449,grandmaster,2,10526
2025-02-15T00:55:49.779449,grandmaster,3,24821
2025-02-15T00:55:49.779449,celestial,1,1051
2025-02-15T00:55:49.779449,celestial,2,2289
2025-02-15T00:55:49.779449,celestial,3,6200
2025-02-15T00:55:49.779449,eternity,total,562
2025-02-15T00:55:49.779449,one_above_all,total,540
2025-02-15T06:15:07.237490,bronze,1,245636
2025-02-15T06:15:07.237490,bronze,2,288661
2025-02-15T06:15:07.237490,bronze,3,1095186
2025-02-15T06:15:07.237490,silver,1,201107
2025-02-15T06:15:07.237490,silver,2,229678
2025-02-15T06:15:07.237490,silver,3,266815
2025-02-15T06:15:07.237490,gold,1,146805
2025-02-15T06:15:07.237490,gold,2,175540
2025-02-15T06:15:07.237490,gold,3,249194
2025-02-15T06:15:07.237490,platinum,1,64345
2025-02-15T06:15:07.237490,platinum,2,100490
2025-02-15T06:15:07.237490,platinum,3,168837
2025-02-15T06:15:07.237490,diamond,1,19892
2025-02-15T06:15:07.237490,diamond,2,32113
2025-02-15T06:15:07.237490,diamond,3,61883
2025-02-15T06:15:07.237490,grandmaster,1,6416
2025-02-15T06:15:07.237490,grandmaster,2,10526
2025-02-15T06:15:07.237490,grandmaster,3,24821
2025-02-15T06:15:07.237490,celestial,1,1051
2025-02-15T06:15:07.237490,celestial,2,2289
2025-02-15T06:15:07.237490,celestial,3,6200
2025-02-15T06:15:07.237490,eternity,total,562
2025-02-15T06:15:07.237490,one_above_all,total,540
2025-02-15T12:19:55.977234,bronze,1,245643
2025-02-15T12:19:55.977234,bronze,2,288681
2025-02-15T12:19:55.977234,bronze,3,1095313
2025-02-15T12:19:55.977234,silver,1,201107
2025-02-15T12:19:55.977234,silver,2,229668
2025-02-15T12:19:55.977234,silver,3,266803
2025-02-15T12:19:55.977234,gold,1,146792
2025-02-15T12:19:55.977234,gold,2,175528
2025-02-15T12:19:55.977234,gold,3,249189
2025-02-15T12:19:55.977234,platinum,1,64414
2025-02-15T12:19:55.977234,platinum,2,100536
2025-02-15T12:19:55.977234,platinum,3,168841
2025-02-15T12:19:55.977234,diamond,1,20099
2025-02-15T12:19:55.977234,diamond,2,32267
2025-02-15T12:19:55.977234,diamond,3,61987
2025-02-15T12:19:55.977234,grandmaster,1,6563
2025-02-15T12:19:55.977234,grandmaster,2,10727
2025-02-15T12:19:55.977234,grandmaster,3,25135
2025-02-15T12:19:55.977234,celestial,1,1076
2025-02-15T12:19:55.977234,celestial,2,2344
2025-02-15T12:19:55.977234,celestial,3,6330
2025-02-15T12:19:55.977234,eternity,total,572
2025-02-15T12:19:55.977234,one_above_all,total,547
2025-02-16T01:01:16.315049,bronze,1,249266
2025-02-16T01:01:16.315049,bronze,2,293699
2025-02-16T01:01:16.315049,bronze,3,1117958
2025-02-16T01:01:16.315049,silver,1,203274
2025-02-16T01:01:16.315049,silver,2,232491
2025-02-16T01:01:16.315049,silver,3,270279
2025-02-16T01:01:16.315049,gold,1,148333
2025-02-16T01:01:16.315049,gold,2,177368
2025-02-16T01:01:16.315049,gold,3,252105
2025-02-16T01:01:16.315049,platinum,1,65406
2025-02-16T01:01:16.315049,platinum,2,101965
2025-02-16T01:01:16.315049,platinum,3,170818
2025-02-16T01:01:16.315049,diamond,1,20528
2025-02-16T01:01:16.315049,diamond,2,32935
2025-02-16T01:01:16.315049,diamond,3,63131
2025-02-16T01:01:16.315049,grandmaster,1,6695
2025-02-16T01:01:16.315049,grandmaster,2,10960
2025-02-16T01:01:16.315049,grandmaster,3,25670
2025-02-16T01:01:16.315049,celestial,1,1087
2025-02-16T01:01:16.315049,celestial,2,2383
2025-02-16T01:01:16.315049,celestial,3,6476
2025-02-16T01:01:16.315049,eternity,total,685
2025-02-16T01:01:16.315049,one_above_all,total,585
2025-02-16T06:15:08.570422,bronze,1,249266
2025-02-16T06:15:08.570422,bronze,2,293699
2025-02-16T06:15:08.570422,bronze,3,1117958
2025-02-16T06:15:08.570422,silver,1,203274
2025-02-16T06:15:08.570422,silver,2,232491
2025-02-16T06:15:08.570422,silver,3,270279
2025-02-16T06:15:08.570422,gold,1,148333
2025-02-16T06:15:08.570422,gold,2,177368
2025-02-16T06:15:08.570422,gold,3,252105
2025-02-16T06:15:08.570422,platinum,1,65406
2025-02-16T06:15:08.570422,platinum,2,101965
2025-02-16T06:15:08.570422,platinum,3,170818
2025-02-16T06:15:08.570422,diamond,1,20528
2025-02-16T06:15:08.570422,diamond,2,32935
2025-02-16T06:15:08.570422,diamond,3,63131
2025-02-16T06:15:08.570422,grandmaster,1,6695
2025-02-16T06:15:08.570422,grandmaster,2,10960
2025-02-16T06:15:08.570422,grandmaster,3,25670
2025-02-16T06:15:08.570422,celestial,1,1087
2025-02-16T06:15:08.570422,celestial,2,2383
2025-02-16T06:15:08.570422,celestial,3,6476
2025-02-16T06:15:08.570422,eternity,total,685
2025-02-16T06:15:08.570422,one_above_all,total,585
2025-02-16T12:22:31.754529,bronze,1,251892
2025-02-16T12:22:31.754529,bronze,2,297438
2025-02-16T12:22:31.754529,bronze,3,1134863
2025-02-16T12:22:31.754529,silver,1,204836
2025-02-16T12:22:31.754529,silver,2,234428
2025-02-16T12:22:31.754529,silver,3,272875
2025-02-16T12:22:31.754529,gold,1,149442
2025-02-16T12:22:31.754529,gold,2,178700
2025-02-16T12:22:31.754529,gold,3,254302
2025-02-16T12:22:31.754529,platinum,1,66255
2025-02-16T12:22:31.754529,platinum,2,103062
2025-02-16T12:22:31.754529,platinum,3,172312
2025-02-16T12:22:31.754529,diamond,1,21112
2025-02-16T12:22:31.754529,diamond,2,33702
2025-02-16T12:22:31.754529,diamond,3,64121
2025-02-16T12:22:31.754529,grandmaster,1,6955
2025-02-16T12:22:31.754529,grandmaster,2,11387
2025-02-16T12:22:31.754529,grandmaster,3,26573
2025-02-16T12:22:31.754529,celestial,1,1153
2025-02-16T12:22:31.754529,celestial,2,2475
2025-02-16T12:22:31.754529,celestial,3,6796
2025-02-16T12:22:31.754529,eternity,total,717
2025-02-16T12:22:31.754529,one_above_all,total,586
2025-02-16T18:14:27.914804,bronze,1,251918
2025-02-16T18:14:27.914804,bronze,2,297470
2025-02-16T18:14:27.914804,bronze,3,1135105
2025-02-16T18:14:27.914804,silver,1,204821
2025-02-16T18:14:27.914804,silver,2,234437
2025-02-16T18:14:27.914804,silver,3,272897
2025-02-16T18:14:27.914804,gold,1,149407
2025-02-16T18:14:27.914804,gold,2,178701
2025-02-16T18:14:27.914804,gold,3,254294
2025-02-16T18:14:27.914804,platinum,1,66331
2025-02-16T18:14:27.914804,platinum,2,103161
2025-02-16T18:14:27.914804,platinum,3,172317
2025-02-16T18:14:27.914804,diamond,1,21293
2025-02-16T18:14:27.914804,diamond,2,33900
2025-02-16T18:14:27.914804,diamond,3,64296
2025-02-16T18:14:27.914804,grandmaster,1,7083
2025-02-16T18:14:27.914804,grandmaster,2,11563
2025-02-16T18:14:27.914804,grandmaster,3,26939
2025-02-16T18:14:27.914804,celestial,1,1161
2025-02-16T18:14:27.914804,celestial,2,2511
2025-02-16T18:14:27.914804,celestial,3,6981
2025-02-16T18:14:27.914804,eternity,total,742
2025-02-16T18:14:27.914804,one_above_all,total,587
2025-02-17T00:58:54.461456,bronze,1,251856
2025-02-17T00:58:54.461456,bronze,2,297433
2025-02-17T00:58:54.461456,bronze,3,1135093
2025-02-17T00:58:54.461456,silver,1,204739
2025-02-17T00:58:54.461456,silver,2,234370
2025-02-17T00:58:54.461456,silver,3,272821
2025-02-17T00:58:54.461456,gold,1,149339
2025-02-17T00:58:54.461456,gold,2,178637
2025-02-17T00:58:54.461456,gold,3,254267
2025-02-17T00:58:54.461456,platinum,1,66435
2025-02-17T00:58:54.461456,platinum,2,103165
2025-02-17T00:58:54.461456,platinum,3,172291
2025-02-17T00:58:54.461456,diamond,1,21579
2025-02-17T00:58:54.461456,diamond,2,34154
2025-02-17T00:58:54.461456,diamond,3,64547
2025-02-17T00:58:54.461456,grandmaster,1,7324
2025-02-17T00:58:54.461456,grandmaster,2,11789
2025-02-17T00:58:54.461456,grandmaster,3,27514
2025-02-17T00:58:54.461456,celestial,1,1177
2025-02-17T00:58:54.461456,celestial,2,2602
2025-02-17T00:58:54.461456,celestial,3,7230
2025-02-17T00:58:54.461456,eternity,total,792
2025-02-17T00:58:54.461456,one_above_all,total,583
2025-02-17T06:17:27.443174,bronze,1,251856
2025-02-17T06:17:27.443174,bronze,2,297433
2025-02-17T06:17:27.443174,bronze,3,1135093
2025-02-17T06:17:27.443174,silver,1,204739
2025-02-17T06:17:27.443174,silver,2,234370
2025-02-17T06:17:27.443174,silver,3,272821
2025-02-17T06:17:27.443174,gold,1,149339
2025-02-17T06:17:27.443174,gold,2,178637
2025-02-17T06:17:27.443174,gold,3,254267
2025-02-17T06:17:27.443174,platinum,1,66435
2025-02-17T06:17:27.443174,platinum,2,103165
2025-02-17T06:17:27.443174,platinum,3,172291
2025-02-17T06:17:27.443174,diamond,1,21579
2025-02-17T06:17:27.443174,diamond,2,34154
2025-02-17T06:17:27.443174,diamond,3,64547
2025-02-17T06:17:27.443174,grandmaster,1,7324
2025-02-17T06:17:27.443174,grandmaster,2,11789
2025-02-17T06:17:27.443174,grandmaster,3,27514
2025-02-17T06:17:27.443174,celestial,1,1177
2025-02-17T06:17:27.443174,celestial,2,2602
2025-02-17T06:17:27.443174,celestial,3,7230
2025-02-17T06:17:27.443174,eternity,total,792
2025-02-17T06:17:27.443174,one_above_all,total,583
2025-02-17T12:23:30.194171,bronze,1,251823
2025-02-17T12:23:30.194171,bronze,2,297380
2025-02-17T12:23:30.194171,bronze,3,1135072
2025-02-17T12:23:30.194171,silver,1,204628
2025-02-17T12:23:30.194171,silver,2,234299
2025-02-17T12:23:30.194171,silver,3,272772
2025-02-17T12:23:30.194171,gold,1,149317
2025-02-17T12:23:30.194171,gold,2,178533
2025-02-17T12:23:30.194171,gold,3,254261
2025-02-17T12:23:30.194171,platinum,1,66631
2025-02-17T12:23:30.194171,platinum,2,103211
2025-02-17T12:23:30.194171,platinum,3,172326
2025-02-17T12:23:30.194171,diamond,1,21950
2025-02-17T12:23:30.194171,diamond,2,34477
2025-02-17T12:23:30.194171,diamond,3,64829
2025-02-17T12:23:30.194171,grandmaster,1,7486
2025-02-17T12:23:30.194171,grandmaster,2,12091
2025-02-17T12:23:30.194171,grandmaster,3,28108
2025-02-17T12:23:30.194171,celestial,1,1207
2025-02-17T12:23:30.194171,celestial,2,2690
2025-02-17T12:23:30.194171,celestial,3,7468
2025-02-17T12:23:30.194171,eternity,total,827
2025-02-17T12:23:30.194171,one_above_all,total,584
2025-02-17T18:15:53.193778,bronze,1,251799
2025-02-17T18:15:53.193778,bronze,2,297365
2025-02-17T18:15:53.193778,bronze,3,1135047
2025-02-17T18:15:53.193778,silver,1,204591
2025-02-17T18:15:53.193778,silver,2,234261
2025-02-17T18:15:53.193778,silver,3,272718
2025-02-17T18:15:53.193778,gold,1,149252
2025-02-17T18:15:53.193778,gold,2,178496
2025-02-17T18:15:53.193778,gold,3,254221
2025-02-17T18:15:53.193778,platinum,1,66645
2025-02-17T18:15:53.193778,platinum,2,103291
2025-02-17T18:15:53.193778,platinum,3,172306
2025-02-17T18:15:53.193778,diamond,1,22151
2025-02-17T18:15:53.193778,diamond,2,34719
2025-02-17T18:15:53.193778,diamond,3,65031
2025-02-17T18:15:53.193778,grandmaster,1,7636
2025-02-17T18:15:53.193778,grandmaster,2,12258
2025-02-17T18:15:53.193778,grandmaster,3,28451
2025-02-17T18:15:53.193778,celestial,1,1244
2025-02-17T18:15:53.193778,celestial,2,2752
2025-02-17T18:15:53.193778,celestial,3,7645
2025-02-17T18:15:53.193778,eternity,total,842
2025-02-17T18:15:53.193778,one_above_all,total,578
2025-02-18T00:56:17.306852,bronze,1,251768
2025-02-18T00:56:17.306852,bronze,2,297326
2025-02-18T00:56:17.306852,bronze,3,1134958
2025-02-18T00:56:17.306852,silver,1,204519
2025-02-18T00:56:17.306852,silver,2,234183
2025-02-18T00:56:17.306852,silver,3,272657
2025-02-18T00:56:17.306852,gold,1,149200
2025-02-18T00:56:17.306852,gold,2,178400
2025-02-18T00:56:17.306852,gold,3,254164
2025-02-18T00:56:17.306852,platinum,1,66714
2025-02-18T00:56:17.306852,platinum,2,103335
2025-02-18T00:56:17.306852,platinum,3,172281
2025-02-18T00:56:17.306852,diamond,1,22363
2025-02-18T00:56:17.306852,diamond,2,35008
2025-02-18T00:56:17.306852,diamond,3,65268
2025-02-18T00:56:17.306852,grandmaster,1,7764
2025-02-18T00:56:17.306852,grandmaster,2,12475
2025-02-18T00:56:17.306852,grandmaster,3,28943
2025-02-18T00:56:17.306852,celestial,1,1287
2025-02-18T00:56:17.306852,celestial,2,2824
2025-02-18T00:56:17.306852,celestial,3,7855
2025-02-18T00:56:17.306852,eternity,total,902
2025-02-18T00:56:17.306852,one_above_all,total,571
2025-02-18T06:16:56.006484,bronze,1,251768
2025-02-18T06:16:56.006484,bronze,2,297326
2025-02-18T06:16:56.006484,bronze,3,1134958
2025-02-18T06:16:56.006484,silver,1,204519
2025-02-18T06:16:56.006484,silver,2,234183
2025-02-18T06:16:56.006484,silver,3,272657
2025-02-18T06:16:56.006484,gold,1,149200
2025-02-18T06:16:56.006484,gold,2,178400
2025-02-18T06:16:56.006484,gold,3,254164
2025-02-18T06:16:56.006484,platinum,1,66714
2025-02-18T06:16:56.006484,platinum,2,103335
2025-02-18T06:16:56.006484,platinum,3,172281
2025-02-18T06:16:56.006484,diamond,1,22363
2025-02-18T06:16:56.006484,diamond,2,35008
2025-02-18T06:16:56.006484,diamond,3,65268
2025-02-18T06:16:56.006484,grandmaster,1,7764
2025-02-18T06:16:56.006484,grandmaster,2,12475
2025-02-18T06:16:56.006484,grandmaster,3,28943
2025-02-18T06:16:56.006484,celestial,1,1287
2025-02-18T06:16:56.006484,celestial,2,2824
2025-02-18T06:16:56.006484,celestial,3,7855
2025-02-18T06:16:56.006484,eternity,total,902
2025-02-18T06:16:56.006484,one_above_all,total,571
2025-02-18T12:23:03.273875,bronze,1,251728
2025-02-18T12:23:03.273875,bronze,2,297309
2025-02-18T12:23:03.273875,bronze,3,1134863
2025-02-18T12:23:03.273875,silver,1,204445
2025-02-18T12:23:03.273875,silver,2,234093
2025-02-18T12:23:03.273875,silver,3,272566
2025-02-18T12:23:03.273875,gold,1,149095
2025-02-18T12:23:03.273875,gold,2,178314
2025-02-18T12:23:03.273875,gold,3,254138
2025-02-18T12:23:03.273875,platinum,1,66756
2025-02-18T12:23:03.273875,platinum,2,103349
2025-02-18T12:23:03.273875,platinum,3,172230
2025-02-18T12:23:03.273875,diamond,1,22630
2025-02-18T12:23:03.273875,diamond,2,35252
2025-02-18T12:23:03.273875,diamond,3,65469
2025-02-18T12:23:03.273875,grandmaster,1,7931
2025-02-18T12:23:03.273875,grandmaster,2,12687
2025-02-18T12:23:03.273875,grandmaster,3,29474
2025-02-18T12:23:03.273875,celestial,1,1327
2025-02-18T12:23:03.273875,celestial,2,2872
2025-02-18T12:23:03.273875,celestial,3,8117
2025-02-18T12:23:03.273875,eternity,total,927
2025-02-18T12:23:03.273875,one_above_all,total,578
2025-02-18T18:16:53.682642,bronze,1,251687
2025-02-18T18:16:53.682642,bronze,2,297268
2025-02-18T18:16:53.682642,bronze,3,1134823
2025-02-18T18:16:53.682642,silver,1,204410
2025-02-18T18:16:53.682642,silver,2,234063
2025-02-18T18:16:53.682642,silver,3,272512
2025-02-18T18:16:53.682642,gold,1,149051
2025-02-18T18:16:53.682642,gold,2,178283
2025-02-18T18:16:53.682642,gold,3,254094
2025-02-18T18:16:53.682642,platinum,1,66810
2025-02-18T18:16:53.682642,platinum,2,103367
2025-02-18T18:16:53.682642,platinum,3,172205
2025-02-18T18:16:53.682642,diamond,1,22771
2025-02-18T18:16:53.682642,diamond,2,35472
2025-02-18T18:16:53.682642,diamond,3,65637
2025-02-18T18:16:53.682642,grandmaster,1,8025
2025-02-18T18:16:53.682642,grandmaster,2,12878
2025-02-18T18:16:53.682642,grandmaster,3,29818
2025-02-18T18:16:53.682642,celestial,1,1350
2025-02-18T18:16:53.682642,celestial,2,2917
2025-02-18T18:16:53.682642,celestial,3,8235
2025-02-18T18:16:53.682642,eternity,total,942
2025-02-18T18:16:53.682642,one_above_all,total,585
2025-02-19T00:56:56.599779,bronze,1,251687
2025-02-19T00:56:56.599779,bronze,2,297268
2025-02-19T00:56:56.599779,bronze,3,1134823
2025-02-19T00:56:56.599779,silver,1,204410
2025-02-19T00:56:56.599779,silver,2,234063
2025-02-19T00:56:56.599779,silver,3,272512
2025-02-19T00:56:56.599779,gold,1,149051
2025-02-19T00:56:56.599779,gold,2,178283
2025-02-19T00:56:56.599779,gold,3,254094
2025-02-19T00:56:56.599779,platinum,1,66810
2025-02-19T00:56:56.599779,platinum,2,103367
2025-02-19T00:56:56.599779,platinum,3,172205
2025-02-19T00:56:56.599779,diamond,1,22771
2025-02-19T00:56:56.599779,diamond,2,35472
2025-02-19T00:56:56.599779,diamond,3,65637
2025-02-19T00:56:56.599779,grandmaster,1,8025
2025-02-19T00:56:56.599779,grandmaster,2,12878
2025-02-19T00:56:56.599779,grandmaster,3,29818
2025-02-19T00:56:56.599779,celestial,1,1350
2025-02-19T00:56:56.599779,celestial,2,2917
2025-02-19T00:56:56.599779,celestial,3,8235
2025-02-19T00:56:56.599779,eternity,total,942
2025-02-19T00:56:56.599779,one_above_all,total,585
2025-02-19T06:17:16.274017,bronze,1,251678
2025-02-19T06:17:16.274017,bronze,2,297282
2025-02-19T06:17:16.274017,bronze,3,1134933
2025-02-19T06:17:16.274017,silver,1,204366
2025-02-19T06:17:16.274017,silver,2,234012
2025-02-19T06:17:16.274017,silver,3,272495
2025-02-19T06:17:16.274017,gold,1,149028
2025-02-19T06:17:16.274017,gold,2,178230
2025-02-19T06:17:16.274017,gold,3,254058
2025-02-19T06:17:16.274017,platinum,1,66888
2025-02-19T06:17:16.274017,platinum,2,103398
2025-02-19T06:17:16.274017,platinum,3,172279
2025-02-19T06:17:16.274017,diamond,1,23050
2025-02-19T06:17:16.274017,diamond,2,35756
2025-02-19T06:17:16.274017,diamond,3,65881
2025-02-19T06:17:16.274017,grandmaster,1,8171
2025-02-19T06:17:16.274017,grandmaster,2,13099
2025-02-19T06:17:16.274017,grandmaster,3,30390
2025-02-19T06:17:16.274017,celestial,1,1389
2025-02-19T06:17:16.274017,celestial,2,2981
2025-02-19T06:17:16.274017,celestial,3,8413
2025-02-19T06:17:16.274017,eternity,total,962
2025-02-19T06:17:16.274017,one_above_all,total,588
2025-02-19T12:21:06.717918,bronze,1,251647
2025-02-19T12:21:06.717918,bronze,2,297240
2025-02-19T12:21:06.717918,bronze,3,1134865
2025-02-19T12:21:06.717918,silver,1,204308
2025-02-19T12:21:06.717918,silver,2,233939
2025-02-19T12:21:06.717918,silver,3,272416
2025-02-19T12:21:06.717918,gold,1,148984
2025-02-19T12:21:06.717918,gold,2,178202
2025-02-19T12:21:06.717918,gold,3,254012
2025-02-19T12:21:06.717918,platinum,1,66919
2025-02-19T12:21:06.717918,platinum,2,103397
2025-02-19T12:21:06.717918,platinum,3,172246
2025-02-19T12:21:06.717918,diamond,1,23269
2025-02-19T12:21:06.717918,diamond,2,35956
2025-02-19T12:21:06.717918,diamond,3,66037
2025-02-19T12:21:06.717918,grandmaster,1,8322
2025-02-19T12:21:06.717918,grandmaster,2,13329
2025-02-19T12:21:06.717918,grandmaster,3,30845
2025-02-19T12:21:06.717918,celestial,1,1426
2025-02-19T12:21:06.717918,celestial,2,3058
2025-02-19T12:21:06.717918,celestial,3,8577
2025-02-19T12:21:06.717918,eternity,total,991
2025-02-19T12:21:06.717918,one_above_all,total,587
2025-02-19T18:15:25.648981,bronze,1,251597
2025-02-19T18:15:25.648981,bronze,2,297211
2025-02-19T18:15:25.648981,bronze,3,1134855
2025-02-19T18:15:25.648981,silver,1,204271
2025-02-19T18:15:25.648981,silver,2,233895
2025-02-19T18:15:25.648981,silver,3,272368
2025-02-19T18:15:25.648981,gold,1,149007
2025-02-19T18:15:25.648981,gold,2,178217
2025-02-19T18:15:25.648981,gold,3,254025
2025-02-19T18:15:25.648981,platinum,1,66982
2025-02-19T18:15:25.648981,platinum,2,103422
2025-02-19T18:15:25.648981,platinum,3,172250
2025-02-19T18:15:25.648981,diamond,1,23407
2025-02-19T18:15:25.648981,diamond,2,36070
2025-02-19T18:15:25.648981,diamond,3,66141
2025-02-19T18:15:25.648981,grandmaster,1,8429
2025-02-19T18:15:25.648981,grandmaster,2,13418
2025-02-19T18:15:25.648981,grandmaster,3,31135
2025-02-19T18:15:25.648981,celestial,1,1448
2025-02-19T18:15:25.648981,celestial,2,3086
2025-02-19T18:15:25.648981,celestial,3,8701
2025-02-19T18:15:25.648981,eternity,total,1019
2025-02-19T18:15:25.648981,one_above_all,total,586
2025-02-20T00:57:06.644076,bronze,1,251597
2025-02-20T00:57:06.644076,bronze,2,297211
2025-02-20T00:57:06.644076,bronze,3,1134855
2025-02-20T00:57:06.644076,silver,1,204271
2025-02-20T00:57:06.644076,silver,2,233895
2025-02-20T00:57:06.644076,silver,3,272368
2025-02-20T00:57:06.644076,gold,1,149007
2025-02-20T00:57:06.644076,gold,2,178217
2025-02-20T00:57:06.644076,gold,3,254025
2025-02-20T00:57:06.644076,platinum,1,66982
2025-02-20T00:57:06.644076,platinum,2,103422
2025-02-20T00:57:06.644076,platinum,3,172250
2025-02-20T00:57:06.644076,diamond,1,23407
2025-02-20T00:57:06.644076,diamond,2,36070
2025-02-20T00:57:06.644076,diamond,3,66141
2025-02-20T00:57:06.644076,grandmaster,1,8429
2025-02-20T00:57:06.644076,grandmaster,2,13418
2025-02-20T00:57:06.644076,grandmaster,3,31135
2025-02-20T00:57:06.644076,celestial,1,1448
2025-02-20T00:57:06.644076,celestial,2,3086
2025-02-20T00:57:06.644076,celestial,3,8701
2025-02-20T00:57:06.644076,eternity,total,1019
2025-02-20T00:57:06.644076,one_above_all,total,586
2025-02-20T06:16:55.563344,bronze,1,251530
2025-02-20T06:16:55.563344,bronze,2,297192
2025-02-20T06:16:55.563344,bronze,3,1134782
2025-02-20T06:16:55.563344,silver,1,204195
2025-02-20T06:16:55.563344,silver,2,233843
2025-02-20T06:16:55.563344,silver,3,272286
2025-02-20T06:16:55.563344,gold,1,148950
2025-02-20T06:16:55.563344,gold,2,178167
2025-02-20T06:16:55.563344,gold,3,253987
2025-02-20T06:16:55.563344,platinum,1,67045
2025-02-20T06:16:55.563344,platinum,2,103448
2025-02-20T06:16:55.563344,platinum,3,172199
2025-02-20T06:16:55.563344,diamond,1,23642
2025-02-20T06:16:55.563344,diamond,2,36305
2025-02-20T06:16:55.563344,diamond,3,66356
2025-02-20T06:16:55.563344,grandmaster,1,8581
2025-02-20T06:16:55.563344,grandmaster,2,13582
2025-02-20T06:16:55.563344,grandmaster,3,31597
2025-02-20T06:16:55.563344,celestial,1,1466
2025-02-20T06:16:55.563344,celestial,2,3147
2025-02-20T06:16:55.563344,celestial,3,8876
2025-02-20T06:16:55.563344,eternity,total,1069
2025-02-20T06:16:55.563344,one_above_all,total,580
2025-02-20T12:23:17.522300,bronze,1,251480
2025-02-20T12:23:17.522300,bronze,2,297167
2025-02-20T12:23:17.522300,bronze,3,1134702
2025-02-20T12:23:17.522300,silver,1,204146
2025-02-20T12:23:17.522300,silver,2,233794
2025-02-20T12:23:17.522300,silver,3,272235
2025-02-20T12:23:17.522300,gold,1,148896
2025-02-20T12:23:17.522300,gold,2,178081
2025-02-20T12:23:17.522300,gold,3,253933
2025-02-20T12:23:17.522300,platinum,1,67104
2025-02-20T12:23:17.522300,platinum,2,103471
2025-02-20T12:23:17.522300,platinum,3,172167
2025-02-20T12:23:17.522300,diamond,1,23884
2025-02-20T12:23:17.522300,diamond,2,36470
2025-02-20T12:23:17.522300,diamond,3,66515
2025-02-20T12:23:17.522300,grandmaster,1,8725
2025-02-20T12:23:17.522300,grandmaster,2,13869
2025-02-20T12:23:17.522300,grandmaster,3,32079
2025-02-20T12:23:17.522300,celestial,1,1487
2025-02-20T12:23:17.522300,celestial,2,3229
2025-02-20T12:23:17.522300,celestial,3,9049
2025-02-20T12:23:17.522300,eternity,total,1090
2025-02-20T12:23:17.522300,one_above_all,total,586
2025-02-20T18:16:22.227852,bronze,1,251473
2025-02-20T18:16:22.227852,bronze,2,297170
2025-02-20T18:16:22.227852,bronze,3,1134692
2025-02-20T18:16:22.227852,silver,1,204117
2025-02-20T18:16:22.227852,silver,2,233778
2025-02-20T18:16:22.227852,silver,3,272202
2025-02-20T18:16:22.227852,gold,1,148870
2025-02-20T18:16:22.227852,gold,2,178058
2025-02-20T18:16:22.227852,gold,3,253932
2025-02-20T18:16:22.227852,platinum,1,67111
2025-02-20T18:16:22.227852,platinum,2,103460
2025-02-20T18:16:22.227852,platinum,3,172152
2025-02-20T18:16:22.227852,diamond,1,23964
2025-02-20T18:16:22.227852,diamond,2,36526
2025-02-20T18:16:22.227852,diamond,3,66585
2025-02-20T18:16:22.227852,grandmaster,1,8757
2025-02-20T18:16:22.227852,grandmaster,2,13969
2025-02-20T18:16:22.227852,grandmaster,3,32215
2025-02-20T18:16:22.227852,celestial,1,1494
2025-02-20T18:16:22.227852,celestial,2,3258
2025-02-20T18:16:22.227852,celestial,3,9116
2025-02-20T18:16:22.227852,eternity,total,1099
2025-02-20T18:16:22.227852,one_above_all,total,589
2025-02-21T00:57:07.780181,bronze,1,251473
2025-02-21T00:57:07.780181,bronze,2,297170
2025-02-21T00:57:07.780181,bronze,3,1134692
2025-02-21T00:57:07.780181,silver,1,204117
2025-02-21T00:57:07.780181,silver,2,233778
2025-02-21T00:57:07.780181,silver,3,272202
2025-02-21T00:57:07.780181,gold,1,148870
2025-02-21T00:57:07.780181,gold,2,178058
2025-02-21T00:57:07.780181,gold,3,253932
2025-02-21T00:57:07.780181,platinum,1,67111
2025-02-21T00:57:07.780181,platinum,2,103460
2025-02-21T00:57:07.780181,platinum,3,172152
2025-02-21T00:57:07.780181,diamond,1,23964
2025-02-21T00:57:07.780181,diamond,2,36526
2025-02-21T00:57:07.780181,diamond,3,66585
2025-02-21T00:57:07.780181,grandmaster,1,8757
2025-02-21T00:57:07.780181,grandmaster,2,13969
2025-02-21T00:57:07.780181,grandmaster,3,32215
2025-02-21T00:57:07.780181,celestial,1,1494
2025-02-21T00:57:07.780181,celestial,2,3258
2025-02-21T00:57:07.780181,celestial,3,9116
2025-02-21T00:57:07.780181,eternity,total,1099
2025-02-21T00:57:07.780181,one_above_all,total,589
2025-02-21T06:16:55.762633,bronze,1,251424
2025-02-21T06:16:55.762633,bronze,2,297124
2025-02-21T06:16:55.762633,bronze,3,1134623
2025-02-21T06:16:55.762633,silver,1,204042
2025-02-21T06:16:55.762633,silver,2,233699
2025-02-21T06:16:55.762633,silver,3,272115
2025-02-21T06:16:55.762633,gold,1,148773
2025-02-21T06:16:55.762633,gold,2,177958
2025-02-21T06:16:55.762633,gold,3,253876
2025-02-21T06:16:55.762633,platinum,1,67169
2025-02-21T06:16:55.762633,platinum,2,103520
2025-02-21T06:16:55.762633,platinum,3,172137
2025-02-21T06:16:55.762633,diamond,1,24217
2025-02-21T06:16:55.762633,diamond,2,36711
2025-02-21T06:16:55.762633,diamond,3,66820
2025-02-21T06:16:55.762633,grandmaster,1,8893
2025-02-21T06:16:55.762633,grandmaster,2,14182
2025-02-21T06:16:55.762633,grandmaster,3,32828
2025-02-21T06:16:55.762633,celestial,1,1509
2025-02-21T06:16:55.762633,celestial,2,3347
2025-02-21T06:16:55.762633,celestial,3,9323
2025-02-21T06:16:55.762633,eternity,total,1127
2025-02-21T06:16:55.762633,one_above_all,total,592
2025-02-21T12:23:05.953042,bronze,1,251363
2025-02-21T12:23:05.953042,bronze,2,297076
2025-02-21T12:23:05.953042,bronze,3,1134562
2025-02-21T12:23:05.953042,silver,1,203955
2025-02-21T12:23:05.953042,silver,2,233643
2025-02-21T12:23:05.953042,silver,3,272034
2025-02-21T12:23:05.953042,gold,1,148677
2025-02-21T12:23:05.953042,gold,2,177906
2025-02-21T12:23:05.953042,gold,3,253852
2025-02-21T12:23:05.953042,platinum,1,67150
2025-02-21T12:23:05.953042,platinum,2,103488
2025-02-21T12:23:05.953042,platinum,3,172083
2025-02-21T12:23:05.953042,diamond,1,24456
2025-02-21T12:23:05.953042,diamond,2,36940
2025-02-21T12:23:05.953042,diamond,3,66998
2025-02-21T12:23:05.953042,grandmaster,1,9011
2025-02-21T12:23:05.953042,grandmaster,2,14418
2025-02-21T12:23:05.953042,grandmaster,3,33394
2025-02-21T12:23:05.953042,celestial,1,1513
2025-02-21T12:23:05.953042,celestial,2,3415
2025-02-21T12:23:05.953042,celestial,3,9515
2025-02-21T12:23:05.953042,eternity,total,1208
2025-02-21T12:23:05.953042,one_above_all,total,586
2025-02-21T18:16:01.087869,bronze,1,251363
2025-02-21T18:16:01.087869,bronze,2,297076
2025-02-21T18:16:01.087869,bronze,3,1134562
2025-02-21T18:16:01.087869,silver,1,203955
2025-02-21T18:16:01.087869,silver,2,233643
2025-02-21T18:16:01.087869,silver,3,272034
2025-02-21T18:16:01.087869,gold,1,148677
2025-02-21T18:16:01.087869,gold,2,177906
2025-02-21T18:16:01.087869,gold,3,253852
2025-02-21T18:16:01.087869,platinum,1,67150
2025-02-21T18:16:01.087869,platinum,2,103488
2025-02-21T18:16:01.087869,platinum,3,172083
2025-02-21T18:16:01.087869,diamond,1,24456
2025-02-21T18:16:01.087869,diamond,2,36940
2025-02-21T18:16:01.087869,diamond,3,66998
2025-02-21T18:16:01.087869,grandmaster,1,9011
2025-02-21T18:16:01.087869,grandmaster,2,14418
2025-02-21T18:16:01.087869,grandmaster,3,33394
2025-02-21T18:16:01.087869,celestial,1,1513
2025-02-21T18:16:01.087869,celestial,2,3415
2025-02-21T18:16:01.087869,celestial,3,9515
2025-02-21T18:16:01.087869,eternity,total,1208
2025-02-21T18:16:01.087869,one_above_all,total,586
2025-02-22T00:55:26.469907,bronze,1,251315
2025-02-22T00:55:26.469907,bronze,2,297011
2025-02-22T00:55:26.469907,bronze,3,1134557
2025-02-22T00:55:26.469907,silver,1,203927
2025-02-22T00:55:26.469907,silver,2,233591
2025-02-22T00:55:26.469907,silver,3,271988
2025-02-22T00:55:26.469907,gold,1,148712
2025-02-22T00:55:26.469907,gold,2,177869
2025-02-22T00:55:26.469907,gold,3,253917
2025-02-22T00:55:26.469907,platinum,1,67319
2025-02-22T00:55:26.469907,platinum,2,103589
2025-02-22T00:55:26.469907,platinum,3,172167
2025-02-22T00:55:26.469907,diamond,1,24668
2025-02-22T00:55:26.469907,diamond,2,37209
2025-02-22T00:55:26.469907,diamond,3,67277
2025-02-22T00:55:26.469907,grandmaster,1,9129
2025-02-22T00:55:26.469907,grandmaster,2,14673
2025-02-22T00:55:26.469907,grandmaster,3,34113
2025-02-22T00:55:26.469907,celestial,1,1524
2025-02-22T00:55:26.469907,celestial,2,3474
2025-02-22T00:55:26.469907,celestial,3,9753
2025-02-22T00:55:26.469907,eternity,total,1259
2025-02-22T00:55:26.469907,one_above_all,total,583
2025-02-22T06:15:46.415508,bronze,1,251315
2025-02-22T06:15:46.415508,bronze,2,297011
2025-02-22T06:15:46.415508,bronze,3,1134557
2025-02-22T06:15:46.415508,silver,1,203927
2025-02-22T06:15:46.415508,silver,2,233591
2025-02-22T06:15:46.415508,silver,3,271988
2025-02-22T06:15:46.415508,gold,1,148712
2025-02-22T06:15:46.415508,gold,2,177869
2025-02-22T06:15:46.415508,gold,3,253917
2025-02-22T06:15:46.415508,platinum,1,67319
2025-02-22T06:15:46.415508,platinum,2,103589
2025-02-22T06:15:46.415508,platinum,3,172167
2025-02-22T06:15:46.415508,diamond,1,24668
2025-02-22T06:15:46.415508,diamond,2,37209
2025-02-22T06:15:46.415508,diamond,3,67277
2025-02-22T06:15:46.415508,grandmaster,1,9129
2025-02-22T06:15:46.415508,grandmaster,2,14673
2025-02-22T06:15:46.415508,grandmaster,3,34113
2025-02-22T06:15:46.415508,celestial,1,1524
2025-02-22T06:15:46.415508,celestial,2,3474
2025-02-22T06:15:46.415508,celestial,3,9753
2025-02-22T06:15:46.415508,eternity,total,1259
2025-02-22T06:15:46.415508,one_above_all,total,583
2025-02-22T12:19:51.825424,bronze,1,251304
2025-02-22T12:19:51.825424,bronze,2,297003
2025-02-22T12:19:51.825424,bronze,3,1134547
2025-02-22T12:19:51.825424,silver,1,203889
2025-02-22T12:19:51.825424,silver,2,233578
2025-02-22T12:19:51.825424,silver,3,271956
2025-02-22T12:19:51.825424,gold,1,148684
2025-02-22T12:19:51.825424,gold,2,177845
2025-02-22T12:19:51.825424,gold,3,253924
2025-02-22T12:19:51.825424,platinum,1,67394
2025-02-22T12:19:51.825424,platinum,2,103613
2025-02-22T12:19:51.825424,platinum,3,172163
2025-02-22T12:19:51.825424,diamond,1,24803
2025-02-22T12:19:51.825424,diamond,2,37364
2025-02-22T12:19:51.825424,diamond,3,67385
2025-02-22T12:19:51.825424,grandmaster,1,9242
2025-02-22T12:19:51.825424,grandmaster,2,14790
2025-02-22T12:19:51.825424,grandmaster,3,34422
2025-02-22T12:19:51.825424,celestial,1,1538
2025-02-22T12:19:51.825424,celestial,2,3496
2025-02-22T12:19:51.825424,celestial,3,9862
2025-02-22T12:19:51.825424,eternity,total,1282
2025-02-22T12:19:51.825424,one_above_all,total,581
2025-02-22T20:42:33.637383,bronze,1,251292
2025-02-22T20:42:33.637383,bronze,2,296986
2025-02-22T20:42:33.637383,bronze,3,1134576
2025-02-22T20:42:33.637383,silver,1,203862
2025-02-22T20:42:33.637383,silver,2,233572
2025-02-22T20:42:33.637383,silver,3,271942
2025-02-22T20:42:33.637383,gold,1,148640
2025-02-22T20:42:33.637383,gold,2,177850
2025-02-22T20:42:33.637383,gold,3,253917
2025-02-22T20:42:33.637383,platinum,1,67452
2025-02-22T20:42:33.637383,platinum,2,103612
2025-02-22T20:42:33.637383,platinum,3,172213
2025-02-22T20:42:33.637383,diamond,1,24901
2025-02-22T20:42:33.637383,diamond,2,37468
2025-02-22T20:42:33.637383,diamond,3,67501
2025-02-22T20:42:33.637383,grandmaster,1,9325
2025-02-22T20:42:33.637383,grandmaster,2,14953
2025-02-22T20:42:33.637383,grandmaster,3,34736
2025-02-22T20:42:33.637383,celestial,1,1549
2025-02-22T20:42:33.637383,celestial,2,3525
2025-02-22T20:42:33.637383,celestial,3,9968
2025-02-22T20:42:33.637383,eternity,total,1291
2025-02-22T20:42:33.637383,one_above_all,total,578
2025-02-23T01:01:14.489157,bronze,1,251292
2025-02-23T01:01:14.489157,bronze,2,296986
2025-02-23T01:01:14.489157,bronze,3,1134576
2025-02-23T01:01:14.489157,silver,1,203862
2025-02-23T01:01:14.489157,silver,2,233572
2025-02-23T01:01:14.489157,silver,3,271942
2025-02-23T01:01:14.489157,gold,1,148640
2025-02-23T01:01:14.489157,gold,2,177850
2025-02-23T01:01:14.489157,gold,3,253917
2025-02-23T01:01:14.489157,platinum,1,67452
2025-02-23T01:01:14.489157,platinum,2,103612
2025-02-23T01:01:14.489157,platinum,3,172213
2025-02-23T01:01:14.489157,diamond,1,24901
2025-02-23T01:01:14.489157,diamond,2,37468
2025-02-23T01:01:14.489157,diamond,3,67501
2025-02-23T01:01:14.489157,grandmaster,1,9325
2025-02-23T01:01:14.489157,grandmaster,2,14953
2025-02-23T01:01:14.489157,grandmaster,3,34736
2025-02-23T01:01:14.489157,celestial,1,1549
2025-02-23T01:01:14.489157,celestial,2,3525
2025-02-23T01:01:14.489157,celestial,3,9968
2025-02-23T01:01:14.489157,eternity,total,1291
2025-02-23T01:01:14.489157,one_above_all,total,578
2025-02-23T06:15:21.108705,bronze,1,251247
2025-02-23T06:15:21.108705,bronze,2,296984
2025-02-23T06:15:21.108705,bronze,3,1134595
2025-02-23T06:15:21.108705,silver,1,203808
2025-02-23T06:15:21.108705,silver,2,233513
2025-02-23T06:15:21.108705,silver,3,271901
2025-02-23T06:15:21.108705,gold,1,148608
2025-02-23T06:15:21.108705,gold,2,177794
2025-02-23T06:15:21.108705,gold,3,253953
2025-02-23T06:15:21.108705,platinum,1,67516
2025-02-23T06:15:21.108705,platinum,2,103662
2025-02-23T06:15:21.108705,platinum,3,172256
2025-02-23T06:15:21.108705,diamond,1,25017
2025-02-23T06:15:21.108705,diamond,2,37664
2025-02-23T06:15:21.108705,diamond,3,67654
2025-02-23T06:15:21.108705,grandmaster,1,9450
2025-02-23T06:15:21.108705,grandmaster,2,15154
2025-02-23T06:15:21.108705,grandmaster,3,35102
2025-02-23T06:15:21.108705,celestial,1,1561
2025-02-23T06:15:21.108705,celestial,2,3555
2025-02-23T06:15:21.108705,celestial,3,10107
2025-02-23T06:15:21.108705,eternity,total,1298
2025-02-23T06:15:21.108705,one_above_all,total,574
2025-02-24T14:47:32.163609,bronze,1,251493
2025-02-24T14:47:32.163609,bronze,2,297339
2025-02-24T14:47:32.163609,bronze,3,1137734
2025-02-24T14:47:32.163609,silver,1,203811
2025-02-24T14:47:32.163609,silver,2,233587
2025-02-24T14:47:32.163609,silver,3,272093
2025-02-24T14:47:32.163609,gold,1,149538
2025-02-24T14:47:32.163609,gold,2,178660
2025-02-24T14:47:32.163609,gold,3,255519
2025-02-24T14:47:32.163609,platinum,1,69629
2025-02-24T14:47:32.163609,platinum,2,105779
2025-02-24T14:47:32.163609,platinum,3,174383
2025-02-24T14:47:32.163609,diamond,1,26927
2025-02-24T14:47:32.163609,diamond,2,40261
2025-02-24T14:47:32.163609,diamond,3,71134
2025-02-24T14:47:32.163609,grandmaster,1,10083
2025-02-24T14:47:32.163609,grandmaster,2,16463
2025-02-24T14:47:32.163609,grandmaster,3,38759
2025-02-24T14:47:32.163609,celestial,1,1601
2025-02-24T14:47:32.163609,celestial,2,3709
2025-02-24T14:47:32.163609,celestial,3,10824
2025-02-24T14:47:32.163609,eternity,total,1484
2025-02-24T14:47:32.163609,one_above_all,total,585
2025-02-24T19:45:58.479777,bronze,1,252620
2025-02-24T19:45:58.479777,bronze,2,298759
2025-02-24T19:45:58.479777,bronze,3,1144324
2025-02-24T19:45:58.479777,silver,1,204806
2025-02-24T19:45:58.479777,silver,2,234708
2025-02-24T19:45:58.479777,silver,3,273410
2025-02-24T19:45:58.479777,gold,1,150899
2025-02-24T19:45:58.479777,gold,2,180019
2025-02-24T19:45:58.479777,gold,3,257683
2025-02-24T19:45:58.479777,platinum,1,71118
2025-02-24T19:45:58.479777,platinum,2,107533
2025-02-24T19:45:58.479777,platinum,3,176583
2025-02-24T19:45:58.479777,diamond,1,27505
2025-02-24T19:45:58.479777,diamond,2,41407
2025-02-24T19:45:58.479777,diamond,3,72887
2025-02-24T19:45:58.479777,grandmaster,1,10201
2025-02-24T19:45:58.479777,grandmaster,2,16748
2025-02-24T19:45:58.479777,grandmaster,3,39701
2025-02-24T19:45:58.479777,celestial,1,1611
2025-02-24T19:45:58.479777,celestial,2,3754
2025-02-24T19:45:58.479777,celestial,3,10923
2025-02-24T19:45:58.479777,eternity,total,1505
2025-02-24T19:45:58.479777,one_above_all,total,577
2025-02-25T06:17:06.813980,bronze,1,254304
2025-02-25T06:17:06.813980,bronze,2,300820
2025-02-25T06:17:06.813980,bronze,3,1152966
2025-02-25T06:17:06.813980,silver,1,206252
2025-02-25T06:17:06.813980,silver,2,236314
2025-02-25T06:17:06.813980,silver,3,275254
2025-02-25T06:17:06.813980,gold,1,152248
2025-02-25T06:17:06.813980,gold,2,181637
2025-02-25T06:17:06.813980,gold,3,260197
2025-02-25T06:17:06.813980,platinum,1,72147
2025-02-25T06:17:06.813980,platinum,2,108856
2025-02-25T06:17:06.813980,platinum,3,178388
2025-02-25T06:17:06.813980,diamond,1,27886
2025-02-25T06:17:06.813980,diamond,2,42081
2025-02-25T06:17:06.813980,diamond,3,73992
2025-02-25T06:17:06.813980,grandmaster,1,10274
2025-02-25T06:17:06.813980,grandmaster,2,16942
2025-02-25T06:17:06.813980,grandmaster,3,40285
2025-02-25T06:17:06.813980,celestial,1,1619
2025-02-25T06:17:06.813980,celestial,2,3786
2025-02-25T06:17:06.813980,celestial,3,11023
2025-02-25T06:17:06.813980,eternity,total,1514
2025-02-25T06:17:06.813980,one_above_all,total,575
2025-02-25T18:17:09.047435,bronze,1,254730
2025-02-25T18:17:09.047435,bronze,2,301344
2025-02-25T18:17:09.047435,bronze,3,1155280
2025-02-25T18:17:09.047435,silver,1,206583
2025-02-25T18:17:09.047435,silver,2,236677
2025-02-25T18:17:09.047435,silver,3,275684
2025-02-25T18:17:09.047435,gold,1,152600
2025-02-25T18:17:09.047435,gold,2,181992
2025-02-25T18:17:09.047435,gold,3,260904
2025-02-25T18:17:09.047435,platinum,1,72502
2025-02-25T18:17:09.047435,platinum,2,109282
2025-02-25T18:17:09.047435,platinum,3,178891
2025-02-25T18:17:09.047435,diamond,1,28060
2025-02-25T18:17:09.047435,diamond,2,42379
2025-02-25T18:17:09.047435,diamond,3,74440
2025-02-25T18:17:09.047435,grandmaster,1,10326
2025-02-25T18:17:09.047435,grandmaster,2,17046
2025-02-25T18:17:09.047435,grandmaster,3,40665
2025-02-25T18:17:09.047435,celestial,1,1627
2025-02-25T18:17:09.047435,celestial,2,3793
2025-02-25T18:17:09.047435,celestial,3,11079
2025-02-25T18:17:09.047435,eternity,total,1518
2025-02-25T18:17:09.047435,one_above_all,total,574
2025-02-26T00:58:09.089891,bronze,1,256466
2025-02-26T00:58:09.089891,bronze,2,303387
2025-02-26T00:58:09.089891,bronze,3,1164418
2025-02-26T00:58:09.089891,silver,1,207946
2025-02-26T00:58:09.089891,silver,2,238354
2025-02-26T00:58:09.089891,silver,3,277665
2025-02-26T00:58:09.089891,gold,1,153917
2025-02-26T00:58:09.089891,gold,2,183599
2025-02-26T00:58:09.089891,gold,3,263571
2025-02-26T00:58:09.089891,platinum,1,73268
2025-02-26T00:58:09.089891,platinum,2,110389
2025-02-26T00:58:09.089891,platinum,3,180571
2025-02-26T00:58:09.089891,diamond,1,28314
2025-02-26T00:58:09.089891,diamond,2,42826
2025-02-26T00:58:09.089891,diamond,3,75244
2025-02-26T00:58:09.089891,grandmaster,1,10377
2025-02-26T00:58:09.089891,grandmaster,2,17187
2025-02-26T00:58:09.089891,grandmaster,3,41003
2025-02-26T00:58:09.089891,celestial,1,1643
2025-02-26T00:58:09.089891,celestial,2,3818
2025-02-26T00:58:09.089891,celestial,3,11155
2025-02-26T00:58:09.089891,eternity,total,1519
2025-02-26T00:58:09.089891,one_above_all,total,572
2025-02-26T06:17:41.140020,bronze,1,258667
2025-02-26T06:17:41.140020,bronze,2,306069
2025-02-26T06:17:41.140020,bronze,3,1175640
2025-02-26T06:17:41.140020,silver,1,209320
2025-02-26T06:17:41.140020,silver,2,240055
2025-02-26T06:17:41.140020,silver,3,279867
2025-02-26T06:17:41.140020,gold,1,154910
2025-02-26T06:17:41.140020,gold,2,184810
2025-02-26T06:17:41.140020,gold,3,265665
2025-02-26T06:17:41.140020,platinum,1,73868
2025-02-26T06:17:41.140020,platinum,2,111276
2025-02-26T06:17:41.140020,platinum,3,181850
2025-02-26T06:17:41.140020,diamond,1,28540
2025-02-26T06:17:41.140020,diamond,2,43206
2025-02-26T06:17:41.140020,diamond,3,75919
2025-02-26T06:17:41.140020,grandmaster,1,10453
2025-02-26T06:17:41.140020,grandmaster,2,17332
2025-02-26T06:17:41.140020,grandmaster,3,41339
2025-02-26T06:17:41.140020,celestial,1,1652
2025-02-26T06:17:41.140020,celestial,2,3836
2025-02-26T06:17:41.140020,celestial,3,11216
2025-02-26T06:17:41.140020,eternity,total,1527
2025-02-26T06:17:41.140020,one_above_all,total,572
2025-02-26T18:16:58.837679,bronze,1,259919
2025-02-26T18:16:58.837679,bronze,2,307617
2025-02-26T18:16:58.837679,bronze,3,1181940
2025-02-26T18:16:58.837679,silver,1,210101
2025-02-26T18:16:58.837679,silver,2,241091
2025-02-26T18:16:58.837679,silver,3,281058
2025-02-26T18:16:58.837679,gold,1,155520
2025-02-26T18:16:58.837679,gold,2,185530
2025-02-26T18:16:58.837679,gold,3,266881
2025-02-26T18:16:58.837679,platinum,1,74244
2025-02-26T18:16:58.837679,platinum,2,111789
2025-02-26T18:16:58.837679,platinum,3,182601
2025-02-26T18:16:58.837679,diamond,1,28676
2025-02-26T18:16:58.837679,diamond,2,43469
2025-02-26T18:16:58.837679,diamond,3,76345
2025-02-26T18:16:58.837679,grandmaster,1,10515
2025-02-26T18:16:58.837679,grandmaster,2,17449
2025-02-26T18:16:58.837679,grandmaster,3,41613
2025-02-26T18:16:58.837679,celestial,1,1656
2025-02-26T18:16:58.837679,celestial,2,3846
2025-02-26T18:16:58.837679,celestial,3,11292
2025-02-26T18:16:58.837679,eternity,total,1531
2025-02-26T18:16:58.837679,one_above_all,total,572
2025-02-27T00:58:02.261111,bronze,1,261432
2025-02-27T00:58:02.261111,bronze,2,309640
2025-02-27T00:58:02.261111,bronze,3,1191078
2025-02-27T00:58:02.261111,silver,1,211106
2025-02-27T00:58:02.261111,silver,2,242373
2025-02-27T00:58:02.261111,silver,3,282563
2025-02-27T00:58:02.261111,gold,1,156489
2025-02-27T00:58:02.261111,gold,2,186625
2025-02-27T00:58:02.261111,gold,3,268795
2025-02-27T00:58:02.261111,platinum,1,74805
2025-02-27T00:58:02.261111,platinum,2,112575
2025-02-27T00:58:02.261111,platinum,3,183772
2025-02-27T00:58:02.261111,diamond,1,28870
2025-02-27T00:58:02.261111,diamond,2,43864
2025-02-27T00:58:02.261111,diamond,3,77029
2025-02-27T00:58:02.261111,grandmaster,1,10563
2025-02-27T00:58:02.261111,grandmaster,2,17561
2025-02-27T00:58:02.261111,grandmaster,3,41903
2025-02-27T00:58:02.261111,celestial,1,1653
2025-02-27T00:58:02.261111,celestial,2,3863
2025-02-27T00:58:02.261111,celestial,3,11336
2025-02-27T00:58:02.261111,eternity,total,1536
2025-02-27T00:58:02.261111,one_above_all,total,569
2025-02-27T06:17:25.355784,bronze,1,261912
2025-02-27T06:17:25.355784,bronze,2,310293
2025-02-27T06:17:25.355784,bronze,3,1194436
2025-02-27T06:17:25.355784,silver,1,211424
2025-02-27T06:17:25.355784,silver,2,242770
2025-02-27T06:17:25.355784,silver,3,283084
2025-02-27T06:17:25.355784,gold,1,156754
2025-02-27T06:17:25.355784,gold,2,186949
2025-02-27T06:17:25.355784,gold,3,269347
2025-02-27T06:17:25.355784,platinum,1,75025
2025-02-27T06:17:25.355784,platinum,2,112867
2025-02-27T06:17:25.355784,platinum,3,184130
2025-02-27T06:17:25.355784,diamond,1,29013
2025-02-27T06:17:25.355784,diamond,2,44090
2025-02-27T06:17:25.355784,diamond,3,77349
2025-02-27T06:17:25.355784,grandmaster,1,10611
2025-02-27T06:17:25.355784,grandmaster,2,17685
2025-02-27T06:17:25.355784,grandmaster,3,42154
2025-02-27T06:17:25.355784,celestial,1,1656
2025-02-27T06:17:25.355784,celestial,2,3866
2025-02-27T06:17:25.355784,celestial,3,11415
2025-02-27T06:17:25.355784,eternity,total,1541
2025-02-27T06:17:25.355784,one_above_all,total,568
2025-02-27T12:23:51.028201,bronze,1,262491
2025-02-27T12:23:51.028201,bronze,2,311096
2025-02-27T12:23:51.028201,bronze,3,1198371
2025-02-27T12:23:51.028201,silver,1,211824
2025-02-27T12:23:51.028201,silver,2,243199
2025-02-27T12:23:51.028201,silver,3,283652
2025-02-27T12:23:51.028201,gold,1,157082
2025-02-27T12:23:51.028201,gold,2,187334
2025-02-27T12:23:51.028201,gold,3,270007
2025-02-27T12:23:51.028201,platinum,1,75309
2025-02-27T12:23:51.028201,platinum,2,113229
2025-02-27T12:23:51.028201,platinum,3,184613
2025-02-27T12:23:51.028201,diamond,1,29160
2025-02-27T12:23:51.028201,diamond,2,44356
2025-02-27T12:23:51.028201,diamond,3,77692
2025-02-27T12:23:51.028201,grandmaster,1,10670
2025-02-27T12:23:51.028201,grandmaster,2,17832
2025-02-27T12:23:51.028201,grandmaster,3,42474
2025-02-27T12:23:51.028201,celestial,1,1659
2025-02-27T12:23:51.028201,celestial,2,3895
2025-02-27T12:23:51.028201,celestial,3,11479
2025-02-27T12:23:51.028201,eternity,total,1547
2025-02-27T12:23:51.028201,one_above_all,total,566
2025-02-27T18:16:51.820538,bronze,1,262491
2025-02-27T18:16:51.820538,bronze,2,311096
2025-02-27T18:16:51.820538,bronze,3,1198371
2025-02-27T18:16:51.820538,silver,1,211824
2025-02-27T18:16:51.820538,silver,2,243199
2025-02-27T18:16:51.820538,silver,3,283652
2025-02-27T18:16:51.820538,gold,1,157082
2025-02-27T18:16:51.820538,gold,2,187334
2025-02-27T18:16:51.820538,gold,3,270007
2025-02-27T18:16:51.820538,platinum,1,75309
2025-02-27T18:16:51.820538,platinum,2,113229
2025-02-27T18:16:51.820538,platinum,3,184613
2025-02-27T18:16:51.820538,diamond,1,29160
2025-02-27T18:16:51.820538,diamond,2,44356
2025-02-27T18:16:51.820538,diamond,3,77692
2025-02-27T18:16:51.820538,grandmaster,1,10670
2025-02-27T18:16:51.820538,grandmaster,2,17832
2025-02-27T18:16:51.820538,grandmaster,3,42474
2025-02-27T18:16:51.820538,celestial,1,1659
2025-02-27T18:16:51.820538,celestial,2,3895
2025-02-27T18:16:51.820538,celestial,3,11479
2025-02-27T18:16:51.820538,eternity,total,1547
2025-02-27T18:16:51.820538,one_above_all,total,566
2025-02-28T00:58:25.815300,bronze,1,262556
2025-02-28T00:58:25.815300,bronze,2,311241
2025-02-28T00:58:25.815300,bronze,3,1198995
2025-02-28T00:58:25.815300,silver,1,211874
2025-02-28T00:58:25.815300,silver,2,243267
2025-02-28T00:58:25.815300,silver,3,283730
2025-02-28T00:58:25.815300,gold,1,157116
2025-02-28T00:58:25.815300,gold,2,187373
2025-02-28T00:58:25.815300,gold,3,270081
2025-02-28T00:58:25.815300,platinum,1,75355
2025-02-28T00:58:25.815300,platinum,2,113280
2025-02-28T00:58:25.815300,platinum,3,184649
2025-02-28T00:58:25.815300,diamond,1,29187
2025-02-28T00:58:25.815300,diamond,2,44399
2025-02-28T00:58:25.815300,diamond,3,77755
2025-02-28T00:58:25.815300,grandmaster,1,10689
2025-02-28T00:58:25.815300,grandmaster,2,17863
2025-02-28T00:58:25.815300,grandmaster,3,42570
2025-02-28T00:58:25.815300,celestial,1,1664
2025-02-28T00:58:25.815300,celestial,2,3892
2025-02-28T00:58:25.815300,celestial,3,11502
2025-02-28T00:58:25.815300,eternity,total,1547
2025-02-28T00:58:25.815300,one_above_all,total,567
2025-02-28T06:17:11.076672,bronze,1,262764
2025-02-28T06:17:11.076672,bronze,2,311570
2025-02-28T06:17:11.076672,bronze,3,1200579
2025-02-28T06:17:11.076672,silver,1,212066
2025-02-28T06:17:11.076672,silver,2,243426
2025-02-28T06:17:11.076672,silver,3,283940
2025-02-28T06:17:11.076672,gold,1,157262
2025-02-28T06:17:11.076672,gold,2,187513
2025-02-28T06:17:11.076672,gold,3,270367
2025-02-28T06:17:11.076672,platinum,1,75489
2025-02-28T06:17:11.076672,platinum,2,113446
2025-02-28T06:17:11.076672,platinum,3,184870
2025-02-28T06:17:11.076672,diamond,1,29307
2025-02-28T06:17:11.076672,diamond,2,44583
2025-02-28T06:17:11.076672,diamond,3,77982
2025-02-28T06:17:11.076672,grandmaster,1,10753
2025-02-28T06:17:11.076672,grandmaster,2,17946
2025-02-28T06:17:11.076672,grandmaster,3,42852
2025-02-28T06:17:11.076672,celestial,1,1674
2025-02-28T06:17:11.076672,celestial,2,3906
2025-02-28T06:17:11.076672,celestial,3,11560
2025-02-28T06:17:11.076672,eternity,total,1549
2025-02-28T06:17:11.076672,one_above_all,total,567
2025-02-28T12:23:01.383407,bronze,1,263059
2025-02-28T12:23:01.383407,bronze,2,312075
2025-02-28T12:23:01.383407,bronze,3,1202666
2025-02-28T12:23:01.383407,silver,1,212308
2025-02-28T12:23:01.383407,silver,2,243698
2025-02-28T12:23:01.383407,silver,3,284216
2025-02-28T12:23:01.383407,gold,1,157440
2025-02-28T12:23:01.383407,gold,2,187752
2025-02-28T12:23:01.383407,gold,3,270725
2025-02-28T12:23:01.383407,platinum,1,75642
2025-02-28T12:23:01.383407,platinum,2,113670
2025-02-28T12:23:01.383407,platinum,3,185084
2025-02-28T12:23:01.383407,diamond,1,29419
2025-02-28T12:23:01.383407,diamond,2,44765
2025-02-28T12:23:01.383407,diamond,3,78201
2025-02-28T12:23:01.383407,grandmaster,1,10802
2025-02-28T12:23:01.383407,grandmaster,2,18043
2025-02-28T12:23:01.383407,grandmaster,3,43092
2025-02-28T12:23:01.383407,celestial,1,1682
2025-02-28T12:23:01.383407,celestial,2,3929
2025-02-28T12:23:01.383407,celestial,3,11602
2025-02-28T12:23:01.383407,eternity,total,1551
2025-02-28T12:23:01.383407,one_above_all,total,565
2025-02-28T18:16:37.386717,bronze,1,263059
2025-02-28T18:16:37.386717,bronze,2,312075
2025-02-28T18:16:37.386717,bronze,3,1202666
2025-02-28T18:16:37.386717,silver,1,212308
2025-02-28T18:16:37.386717,silver,2,243698
2025-02-28T18:16:37.386717,silver,3,284216
2025-02-28T18:16:37.386717,gold,1,157440
2025-02-28T18:16:37.386717,gold,2,187752
2025-02-28T18:16:37.386717,gold,3,270725
2025-02-28T18:16:37.386717,platinum,1,75642
2025-02-28T18:16:37.386717,platinum,2,113670
2025-02-28T18:16:37.386717,platinum,3,185084
2025-02-28T18:16:37.386717,diamond,1,29419
2025-02-28T18:16:37.386717,diamond,2,44765
2025-02-28T18:16:37.386717,diamond,3,78201
2025-02-28T18:16:37.386717,grandmaster,1,10802
2025-02-28T18:16:37.386717,grandmaster,2,18043
2025-02-28T18:16:37.386717,grandmaster,3,43092
2025-02-28T18:16:37.386717,celestial,1,1682
2025-02-28T18:16:37.386717,celestial,2,3929
2025-02-28T18:16:37.386717,celestial,3,11602
2025-02-28T18:16:37.386717,eternity,total,1551
2025-02-28T18:16:37.386717,one_above_all,total,565
2025-03-01T01:02:33.716849,bronze,1,263494
2025-03-01T01:02:33.716849,bronze,2,312690
2025-03-01T01:02:33.716849,bronze,3,1205710
2025-03-01T01:02:33.716849,silver,1,212582
2025-03-01T01:02:33.716849,silver,2,244072
2025-03-01T01:02:33.716849,silver,3,284690
2025-03-01T01:02:33.716849,gold,1,157732
2025-03-01T01:02:33.716849,gold,2,188043
2025-03-01T01:02:33.716849,gold,3,271231
2025-03-01T01:02:33.716849,platinum,1,75828
2025-03-01T01:02:33.716849,platinum,2,113937
2025-03-01T01:02:33.716849,platinum,3,185386
2025-03-01T01:02:33.716849,diamond,1,29526
2025-03-01T01:02:33.716849,diamond,2,44929
2025-03-01T01:02:33.716849,diamond,3,78470
2025-03-01T01:02:33.716849,grandmaster,1,10845
2025-03-01T01:02:33.716849,grandmaster,2,18125
2025-03-01T01:02:33.716849,grandmaster,3,43292
2025-03-01T01:02:33.716849,celestial,1,1688
2025-03-01T01:02:33.716849,celestial,2,3939
2025-03-01T01:02:33.716849,celestial,3,11649
2025-03-01T01:02:33.716849,eternity,total,1553
2025-03-01T01:02:33.716849,one_above_all,total,564
2025-03-01T06:16:23.205738,bronze,1,264175
2025-03-01T06:16:23.205738,bronze,2,313621
2025-03-01T06:16:23.205738,bronze,3,1209904
2025-03-01T06:16:23.205738,silver,1,213003
2025-03-01T06:16:23.205738,silver,2,244584
2025-03-01T06:16:23.205738,silver,3,285347
2025-03-01T06:16:23.205738,gold,1,158056
2025-03-01T06:16:23.205738,gold,2,188468
2025-03-01T06:16:23.205738,gold,3,271899
2025-03-01T06:16:23.205738,platinum,1,76091
2025-03-01T06:16:23.205738,platinum,2,114238
2025-03-01T06:16:23.205738,platinum,3,185839
2025-03-01T06:16:23.205738,diamond,1,29678
2025-03-01T06:16:23.205738,diamond,2,45173
2025-03-01T06:16:23.205738,diamond,3,78830
2025-03-01T06:16:23.205738,grandmaster,1,10885
2025-03-01T06:16:23.205738,grandmaster,2,18245
2025-03-01T06:16:23.205738,grandmaster,3,43546
2025-03-01T06:16:23.205738,celestial,1,1689
2025-03-01T06:16:23.205738,celestial,2,3966
2025-03-01T06:16:23.205738,celestial,3,11730
2025-03-01T06:16:23.205738,eternity,total,1565
2025-03-01T06:16:23.205738,one_above_all,total,563
2025-03-01T12:21:04.950275,bronze,1,264695
2025-03-01T12:21:04.950275,bronze,2,314433
2025-03-01T12:21:04.950275,bronze,3,1213626
2025-03-01T12:21:04.950275,silver,1,213349
2025-03-01T12:21:04.950275,silver,2,244994
2025-03-01T12:21:04.950275,silver,3,285877
2025-03-01T12:21:04.950275,gold,1,158329
2025-03-01T12:21:04.950275,gold,2,188789
2025-03-01T12:21:04.950275,gold,3,272438
2025-03-01T12:21:04.950275,platinum,1,76267
2025-03-01T12:21:04.950275,platinum,2,114486
2025-03-01T12:21:04.950275,platinum,3,186170
2025-03-01T12:21:04.950275,diamond,1,29766
2025-03-01T12:21:04.950275,diamond,2,45337
2025-03-01T12:21:04.950275,diamond,3,79080
2025-03-01T12:21:04.950275,grandmaster,1,10916
2025-03-01T12:21:04.950275,grandmaster,2,18315
2025-03-01T12:21:04.950275,grandmaster,3,43756
2025-03-01T12:21:04.950275,celestial,1,1694
2025-03-01T12:21:04.950275,celestial,2,3984
2025-03-01T12:21:04.950275,celestial,3,11772
2025-03-01T12:21:04.950275,eternity,total,1566
2025-03-01T12:21:04.950275,one_above_all,total,563
2025-03-01T18:14:49.352462,bronze,1,264695
2025-03-01T18:14:49.352462,bronze,2,314433
2025-03-01T18:14:49.352462,bronze,3,1213626
2025-03-01T18:14:49.352462,silver,1,213349
2025-03-01T18:14:49.352462,silver,2,244994
2025-03-01T18:14:49.352462,silver,3,285877
2025-03-01T18:14:49.352462,gold,1,158329
2025-03-01T18:14:49.352462,gold,2,188789
2025-03-01T18:14:49.352462,gold,3,272438
2025-03-01T18:14:49.352462,platinum,1,76267
2025-03-01T18:14:49.352462,platinum,2,114486
2025-03-01T18:14:49.352462,platinum,3,186170
2025-03-01T18:14:49.352462,diamond,1,29766
2025-03-01T18:14:49.352462,diamond,2,45337
2025-03-01T18:14:49.352462,diamond,3,79080
2025-03-01T18:14:49.352462,grandmaster,1,10916
2025-03-01T18:14:49.352462,grandmaster,2,18315
2025-03-01T18:14:49.352462,grandmaster,3,43756
2025-03-01T18:14:49.352462,celestial,1,1694
2025-03-01T18:14:49.352462,celestial,2,3984
2025-03-01T18:14:49.352462,celestial,3,11772
2025-03-01T18:14:49.352462,eternity,total,1566
2025-03-01T18:14:49.352462,one_above_all,total,563
2025-03-02T01:01:38.036429,bronze,1,265234
2025-03-02T01:01:38.036429,bronze,2,315196
2025-03-02T01:01:38.036429,bronze,3,1217745
2025-03-02T01:01:38.036429,silver,1,213698
2025-03-02T01:01:38.036429,silver,2,245448
2025-03-02T01:01:38.036429,silver,3,286448
2025-03-02T01:01:38.036429,gold,1,158552
2025-03-02T01:01:38.036429,gold,2,189085
2025-03-02T01:01:38.036429,gold,3,272963
2025-03-02T01:01:38.036429,platinum,1,76450
2025-03-02T01:01:38.036429,platinum,2,114717
2025-03-02T01:01:38.036429,platinum,3,186508
2025-03-02T01:01:38.036429,diamond,1,29866
2025-03-02T01:01:38.036429,diamond,2,45499
2025-03-02T01:01:38.036429,diamond,3,79331
2025-03-02T01:01:38.036429,grandmaster,1,10954
2025-03-02T01:01:38.036429,grandmaster,2,18387
2025-03-02T01:01:38.036429,grandmaster,3,43928
2025-03-02T01:01:38.036429,celestial,1,1697
2025-03-02T01:01:38.036429,celestial,2,3995
2025-03-02T01:01:38.036429,celestial,3,11815
2025-03-02T01:01:38.036429,eternity,total,1569
2025-03-02T01:01:38.036429,one_above_all,total,563
2025-03-02T06:16:18.445980,bronze,1,265393
2025-03-02T06:16:18.445980,bronze,2,315448
2025-03-02T06:16:18.445980,bronze,3,1219017
2025-03-02T06:16:18.445980,silver,1,213813
2025-03-02T06:16:18.445980,silver,2,245566
2025-03-02T06:16:18.445980,silver,3,286616
2025-03-02T06:16:18.445980,gold,1,158614
2025-03-02T06:16:18.445980,gold,2,189182
2025-03-02T06:16:18.445980,gold,3,273160
2025-03-02T06:16:18.445980,platinum,1,76570
2025-03-02T06:16:18.445980,platinum,2,114844
2025-03-02T06:16:18.445980,platinum,3,186650
2025-03-02T06:16:18.445980,diamond,1,29963
2025-03-02T06:16:18.445980,diamond,2,45671
2025-03-02T06:16:18.445980,diamond,3,79533
2025-03-02T06:16:18.445980,grandmaster,1,11001
2025-03-02T06:16:18.445980,grandmaster,2,18482
2025-03-02T06:16:18.445980,grandmaster,3,44165
2025-03-02T06:16:18.445980,celestial,1,1710
2025-03-02T06:16:18.445980,celestial,2,4015
2025-03-02T06:16:18.445980,celestial,3,11865
2025-03-02T06:16:18.445980,eternity,total,1572
2025-03-02T06:16:18.445980,one_above_all,total,559
2025-03-02T12:20:40.703100,bronze,1,265392
2025-03-02T12:20:40.703100,bronze,2,315446
2025-03-02T12:20:40.703100,bronze,3,1219037
2025-03-02T12:20:40.703100,silver,1,213815
2025-03-02T12:20:40.703100,silver,2,245566
2025-03-02T12:20:40.703100,silver,3,286621
2025-03-02T12:20:40.703100,gold,1,158610
2025-03-02T12:20:40.703100,gold,2,189183
2025-03-02T12:20:40.703100,gold,3,273162
2025-03-02T12:20:40.703100,platinum,1,76581
2025-03-02T12:20:40.703100,platinum,2,114853
2025-03-02T12:20:40.703100,platinum,3,186652
2025-03-02T12:20:40.703100,diamond,1,29966
2025-03-02T12:20:40.703100,diamond,2,45679
2025-03-02T12:20:40.703100,diamond,3,79549
2025-03-02T12:20:40.703100,grandmaster,1,11007
2025-03-02T12:20:40.703100,grandmaster,2,18490
2025-03-02T12:20:40.703100,grandmaster,3,44182
2025-03-02T12:20:40.703100,celestial,1,1711
2025-03-02T12:20:40.703100,celestial,2,4019
2025-03-02T12:20:40.703100,celestial,3,11868
2025-03-02T12:20:40.703100,eternity,total,1571
2025-03-02T12:20:40.703100,one_above_all,total,559
2025-03-02T18:15:23.359682,bronze,1,265392
2025-03-02T18:15:23.359682,bronze,2,315446
2025-03-02T18:15:23.359682,bronze,3,1219037
2025-03-02T18:15:23.359682,silver,1,213815
2025-03-02T18:15:23.359682,silver,2,245566
2025-03-02T18:15:23.359682,silver,3,286621
2025-03-02T18:15:23.359682,gold,1,158610
2025-03-02T18:15:23.359682,gold,2,189183
2025-03-02T18:15:23.359682,gold,3,273162
2025-03-02T18:15:23.359682,platinum,1,76581
2025-03-02T18:15:23.359682,platinum,2,114853
2025-03-02T18:15:23.359682,platinum,3,186652
2025-03-02T18:15:23.359682,diamond,1,29966
2025-03-02T18:15:23.359682,diamond,2,45679
2025-03-02T18:15:23.359682,diamond,3,79549
2025-03-02T18:15:23.359682,grandmaster,1,11007
2025-03-02T18:15:23.359682,grandmaster,2,18490
2025-03-02T18:15:23.359682,grandmaster,3,44182
2025-03-02T18:15:23.359682,celestial,1,1711
2025-03-02T18:15:23.359682,celestial,2,4019
2025-03-02T18:15:23.359682,celestial,3,11868
2025-03-02T18:15:23.359682,eternity,total,1571
2025-03-02T18:15:23.359682,one_above_all,total,559
2025-03-03T01:00:01.747468,bronze,1,265285
2025-03-03T01:00:01.747468,bronze,2,315358
2025-03-03T01:00:01.747468,bronze,3,1218873
2025-03-03T01:00:01.747468,silver,1,213740
2025-03-03T01:00:01.747468,silver,2,245484
2025-03-03T01:00:01.747468,silver,3,286514
2025-03-03T01:00:01.747468,gold,1,158656
2025-03-03T01:00:01.747468,gold,2,189175
2025-03-03T01:00:01.747468,gold,3,273200
2025-03-03T01:00:01.747468,platinum,1,76741
2025-03-03T01:00:01.747468,platinum,2,115026
2025-03-03T01:00:01.747468,platinum,3,186803
2025-03-03T01:00:01.747468,diamond,1,30094
2025-03-03T01:00:01.747468,diamond,2,45847
2025-03-03T01:00:01.747468,diamond,3,79826
2025-03-03T01:00:01.747468,grandmaster,1,11050
2025-03-03T01:00:01.747468,grandmaster,2,18584
2025-03-03T01:00:01.747468,grandmaster,3,44449
2025-03-03T01:00:01.747468,celestial,1,1714
2025-03-03T01:00:01.747468,celestial,2,4037
2025-03-03T01:00:01.747468,celestial,3,11918
2025-03-03T01:00:01.747468,eternity,total,1576
2025-03-03T01:00:01.747468,one_above_all,total,560
2025-03-03T08:32:31.035716,bronze,1,265437
2025-03-03T08:32:31.035716,bronze,2,315561
2025-03-03T08:32:31.035716,bronze,3,1220088
2025-03-03T08:32:31.035716,silver,1,213804
2025-03-03T08:32:31.035716,silver,2,245586
2025-03-03T08:32:31.035716,silver,3,286568
2025-03-03T08:32:31.035716,gold,1,158750
2025-03-03T08:32:31.035716,gold,2,189272
2025-03-03T08:32:31.035716,gold,3,273444
2025-03-03T08:32:31.035716,platinum,1,76916
2025-03-03T08:32:31.035716,platinum,2,115190
2025-03-03T08:32:31.035716,platinum,3,187002
2025-03-03T08:32:31.035716,diamond,1,30213
2025-03-03T08:32:31.035716,diamond,2,46056
2025-03-03T08:32:31.035716,diamond,3,80087
2025-03-03T08:32:31.035716,grandmaster,1,11125
2025-03-03T08:32:31.035716,grandmaster,2,18747
2025-03-03T08:32:31.035716,grandmaster,3,44734
2025-03-03T08:32:31.035716,celestial,1,1720
2025-03-03T08:32:31.035716,celestial,2,4055
2025-03-03T08:32:31.035716,celestial,3,11969
2025-03-03T08:32:31.035716,eternity,total,1580
2025-03-03T08:32:31.035716,one_above_all,total,557
2025-03-03T12:24:02.191805,bronze,1,265540
2025-03-03T12:24:02.191805,bronze,2,315742
2025-03-03T12:24:02.191805,bronze,3,1220874
2025-03-03T12:24:02.191805,silver,1,213855
2025-03-03T12:24:02.191805,silver,2,245644
2025-03-03T12:24:02.191805,silver,3,286676
2025-03-03T12:24:02.191805,gold,1,158794
2025-03-03T12:24:02.191805,gold,2,189294
2025-03-03T12:24:02.191805,gold,3,273555
2025-03-03T12:24:02.191805,platinum,1,76994
2025-03-03T12:24:02.191805,platinum,2,115268
2025-03-03T12:24:02.191805,platinum,3,187075
2025-03-03T12:24:02.191805,diamond,1,30293
2025-03-03T12:24:02.191805,diamond,2,46179
2025-03-03T12:24:02.191805,diamond,3,80231
2025-03-03T12:24:02.191805,grandmaster,1,11154
2025-03-03T12:24:02.191805,grandmaster,2,18825
2025-03-03T12:24:02.191805,grandmaster,3,44905
2025-03-03T12:24:02.191805,celestial,1,1722
2025-03-03T12:24:02.191805,celestial,2,4074
2025-03-03T12:24:02.191805,celestial,3,12013
2025-03-03T12:24:02.191805,eternity,total,1586
2025-03-03T12:24:02.191805,one_above_all,total,557
2025-03-07T06:17:37.438973,bronze,1,265094
2025-03-07T06:17:37.438973,bronze,2,315334
2025-03-07T06:17:37.438973,bronze,3,1220814
2025-03-07T06:17:37.438973,silver,1,213428
2025-03-07T06:17:37.438973,silver,2,245111
2025-03-07T06:17:37.438973,silver,3,286176
2025-03-07T06:17:37.438973,gold,1,158980
2025-03-07T06:17:37.438973,gold,2,189341
2025-03-07T06:17:37.438973,gold,3,273810
2025-03-07T06:17:37.438973,platinum,1,78169
2025-03-07T06:17:37.438973,platinum,2,116290
2025-03-07T06:17:37.438973,platinum,3,187807
2025-03-07T06:17:37.438973,diamond,1,31294
2025-03-07T06:17:37.438973,diamond,2,47584
2025-03-07T06:17:37.438973,diamond,3,82217
2025-03-07T06:17:37.438973,grandmaster,1,11626
2025-03-07T06:17:37.438973,grandmaster,2,19605
2025-03-07T06:17:37.438973,grandmaster,3,47055
2025-03-07T06:17:37.438973,celestial,1,1767
2025-03-07T06:17:37.438973,celestial,2,4215
2025-03-07T06:17:37.438973,celestial,3,12571
2025-03-07T06:17:37.438973,eternity,total,1634
2025-03-07T06:17:37.438973,one_above_all,total,551
2025-03-07T12:22:59.730661,bronze,1,265086
2025-03-07T12:22:59.730661,bronze,2,315334
2025-03-07T12:22:59.730661,bronze,3,1220825
2025-03-07T12:22:59.730661,silver,1,213405
2025-03-07T12:22:59.730661,silver,2,245086
2025-03-07T12:22:59.730661,silver,3,286166
2025-03-07T12:22:59.730661,gold,1,158981
2025-03-07T12:22:59.730661,gold,2,189330
2025-03-07T12:22:59.730661,gold,3,273795
2025-03-07T12:22:59.730661,platinum,1,78204
2025-03-07T12:22:59.730661,platinum,2,116341
2025-03-07T12:22:59.730661,platinum,3,187810
2025-03-07T12:22:59.730661,diamond,1,31356
2025-03-07T12:22:59.730661,diamond,2,47672
2025-03-07T12:22:59.730661,diamond,3,82292
2025-03-07T12:22:59.730661,grandmaster,1,11643
2025-03-07T12:22:59.730661,grandmaster,2,19670
2025-03-07T12:22:59.730661,grandmaster,3,47231
2025-03-07T12:22:59.730661,celestial,1,1770
2025-03-07T12:22:59.730661,celestial,2,4225
2025-03-07T12:22:59.730661,celestial,3,12598
2025-03-07T12:22:59.730661,eternity,total,1636
2025-03-07T12:22:59.730661,one_above_all,total,550
2025-04-03T06:39:48.504018,bronze,1,21415
2025-04-03T06:39:48.504018,bronze,2,26509
2025-04-03T06:39:48.504018,bronze,3,107390
2025-04-03T06:39:48.504018,silver,1,18241
2025-04-03T06:39:48.504018,silver,2,20319
2025-04-03T06:39:48.504018,silver,3,23788
2025-04-03T06:39:48.504018,gold,1,19349
2025-04-03T06:39:48.504018,gold,2,21219
2025-04-03T06:39:48.504018,gold,3,30346
2025-04-03T06:39:48.504018,platinum,1,20351
2025-04-03T06:39:48.504018,platinum,2,22806
2025-04-03T06:39:48.504018,platinum,3,27954
2025-04-03T06:39:48.504018,diamond,1,20706
2025-04-03T06:39:48.504018,diamond,2,23122
2025-04-03T06:39:48.504018,diamond,3,28991
2025-04-03T06:39:48.504018,grandmaster,1,13633
2025-04-03T06:39:48.504018,grandmaster,2,19184
2025-04-03T06:39:48.504018,grandmaster,3,32854
2025-04-03T06:39:48.504018,celestial,1,4143
2025-04-03T06:39:48.504018,celestial,2,7510
2025-04-03T06:39:48.504018,celestial,3,16640
2025-04-03T06:39:48.504018,eternity,total,6164
2025-04-03T06:39:48.504018,one_above_all,total,1047
2025-04-03T06:45:42.357916,bronze,1,21415
2025-04-03T06:45:42.357916,bronze,2,26509
2025-04-03T06:45:42.357916,bronze,3,107390
2025-04-03T06:45:42.357916,silver,1,18241
2025-04-03T06:45:42.357916,silver,2,20319
2025-04-03T06:45:42.357916,silver,3,23788
2025-04-03T06:45:42.357916,gold,1,19349
2025-04-03T06:45:42.357916,gold,2,21219
2025-04-03T06:45:42.357916,gold,3,30346
2025-04-03T06:45:42.357916,platinum,1,20351
2025-04-03T06:45:42.357916,platinum,2,22806
2025-04-03T06:45:42.357916,platinum,3,27954
2025-04-03T06:45:42.357916,diamond,1,20706
2025-04-03T06:45:42.357916,diamond,2,23122
2025-04-03T06:45:42.357916,diamond,3,28991
2025-04-03T06:45:42.357916,grandmaster,1,13633
2025-04-03T06:45:42.357916,grandmaster,2,19184
2025-04-03T06:45:42.357916,grandmaster,3,32854
2025-04-03T06:45:42.357916,celestial,1,4143
2025-04-03T06:45:42.357916,celestial,2,7510
2025-04-03T06:45:42.357916,celestial,3,16640
2025-04-03T06:45:42.357916,eternity,total,6164
2025-04-03T06:45:42.357916,one_above_all,total,1047
2025-04-03T12:38:20.933022,bronze,1,21415
2025-04-03T12:38:20.933022,bronze,2,26509
2025-04-03T12:38:20.933022,bronze,3,107390
2025-04-03T12:38:20.933022,silver,1,18241
2025-04-03T12:38:20.933022,silver,2,20319
2025-04-03T12:38:20.933022,silver,3,23788
2025-04-03T12:38:20.933022,gold,1,19349
2025-04-03T12:38:20.933022,gold,2,21219
2025-04-03T12:38:20.933022,gold,3,30346
2025-04-03T12:38:20.933022,platinum,1,20351
2025-04-03T12:38:20.933022,platinum,2,22806
2025-04-03T12:38:20.933022,platinum,3,27954
2025-04-03T12:38:20.933022,diamond,1,20706
2025-04-03T12:38:20.933022,diamond,2,23122
2025-04-03T12:38:20.933022,diamond,3,28991
2025-04-03T12:38:20.933022,grandmaster,1,13633
2025-04-03T12:38:20.933022,grandmaster,2,19184
2025-04-03T12:38:20.933022,grandmaster,3,32854
2025-04-03T12:38:20.933022,celestial,1,4143
2025-04-03T12:38:20.933022,celestial,2,7510
2025-04-03T12:38:20.933022,celestial,3,16640
2025-04-03T12:38:20.933022,eternity,total,6164
2025-04-03T12:38:20.933022,one_above_all,total,1047
2025-04-03T18:26:32.458444,bronze,1,21422
2025-04-03T18:26:32.458444,bronze,2,26516
2025-04-03T18:26:32.458444,bronze,3,107406
2025-04-03T18:26:32.458444,silver,1,18250
2025-04-03T18:26:32.458444,silver,2,20329
2025-04-03T18:26:32.458444,silver,3,23791
2025-04-03T18:26:32.458444,gold,1,19367
2025-04-03T18:26:32.458444,gold,2,21224
2025-04-03T18:26:32.458444,gold,3,30359
2025-04-03T18:26:32.458444,platinum,1,20370
2025-04-03T18:26:32.458444,platinum,2,22835
2025-04-03T18:26:32.458444,platinum,3,27972
2025-04-03T18:26:32.458444,diamond,1,20762
2025-04-03T18:26:32.458444,diamond,2,23194
2025-04-03T18:26:32.458444,diamond,3,29038
2025-04-03T18:26:32.458444,grandmaster,1,13669
2025-04-03T18:26:32.458444,grandmaster,2,19253
2025-04-03T18:26:32.458444,grandmaster,3,32927
2025-04-03T18:26:32.458444,celestial,1,4185
2025-04-03T18:26:32.458444,celestial,2,7538
2025-04-03T18:26:32.458444,celestial,3,16708
2025-04-03T18:26:32.458444,eternity,total,6210
2025-04-03T18:26:32.458444,one_above_all,total,1042
2025-04-04T01:26:20.705687,bronze,1,21432
2025-04-04T01:26:20.705687,bronze,2,26531
2025-04-04T01:26:20.705687,bronze,3,107437
2025-04-04T01:26:20.705687,silver,1,18252
2025-04-04T01:26:20.705687,silver,2,20349
2025-04-04T01:26:20.705687,silver,3,23797
2025-04-04T01:26:20.705687,gold,1,19377
2025-04-04T01:26:20.705687,gold,2,21224
2025-04-04T01:26:20.705687,gold,3,30383
2025-04-04T01:26:20.705687,platinum,1,20401
2025-04-04T01:26:20.705687,platinum,2,22854
2025-04-04T01:26:20.705687,platinum,3,27999
2025-04-04T01:26:20.705687,diamond,1,20823
2025-04-04T01:26:20.705687,diamond,2,23248
2025-04-04T01:26:20.705687,diamond,3,29089
2025-04-04T01:26:20.705687,grandmaster,1,13710
2025-04-04T01:26:20.705687,grandmaster,2,19293
2025-04-04T01:26:20.705687,grandmaster,3,32973
2025-04-04T01:26:20.705687,celestial,1,4192
2025-04-04T01:26:20.705687,celestial,2,7554
2025-04-04T01:26:20.705687,celestial,3,16779
2025-04-04T01:26:20.705687,eternity,total,6252
2025-04-04T01:26:20.705687,one_above_all,total,1039
2025-04-04T06:27:22.627325,bronze,1,21450
2025-04-04T06:27:22.627325,bronze,2,26550
2025-04-04T06:27:22.627325,bronze,3,107468
2025-04-04T06:27:22.627325,silver,1,18269
2025-04-04T06:27:22.627325,silver,2,20357
2025-04-04T06:27:22.627325,silver,3,23815
2025-04-04T06:27:22.627325,gold,1,19406
2025-04-04T06:27:22.627325,gold,2,21242
2025-04-04T06:27:22.627325,gold,3,30405
2025-04-04T06:27:22.627325,platinum,1,20439
2025-04-04T06:27:22.627325,platinum,2,22888
2025-04-04T06:27:22.627325,platinum,3,28032
2025-04-04T06:27:22.627325,diamond,1,20885
2025-04-04T06:27:22.627325,diamond,2,23302
2025-04-04T06:27:22.627325,diamond,3,29137
2025-04-04T06:27:22.627325,grandmaster,1,13771
2025-04-04T06:27:22.627325,grandmaster,2,19403
2025-04-04T06:27:22.627325,grandmaster,3,33114
2025-04-04T06:27:22.627325,celestial,1,4206
2025-04-04T06:27:22.627325,celestial,2,7588
2025-04-04T06:27:22.627325,celestial,3,16855
2025-04-04T06:27:22.627325,eternity,total,6318
2025-04-04T06:27:22.627325,one_above_all,total,1034
2025-04-04T12:37:41.162597,bronze,1,21450
2025-04-04T12:37:41.162597,bronze,2,26550
2025-04-04T12:37:41.162597,bronze,3,107468
2025-04-04T12:37:41.162597,silver,1,18269
2025-04-04T12:37:41.162597,silver,2,20357
2025-04-04T12:37:41.162597,silver,3,23815
2025-04-04T12:37:41.162597,gold,1,19406
2025-04-04T12:37:41.162597,gold,2,21242
2025-04-04T12:37:41.162597,gold,3,30405
2025-04-04T12:37:41.162597,platinum,1,20439
2025-04-04T12:37:41.162597,platinum,2,22888
2025-04-04T12:37:41.162597,platinum,3,28032
2025-04-04T12:37:41.162597,diamond,1,20885
2025-04-04T12:37:41.162597,diamond,2,23302
2025-04-04T12:37:41.162597,diamond,3,29137
2025-04-04T12:37:41.162597,grandmaster,1,13771
2025-04-04T12:37:41.162597,grandmaster,2,19403
2025-04-04T12:37:41.162597,grandmaster,3,33114
2025-04-04T12:37:41.162597,celestial,1,4206
2025-04-04T12:37:41.162597,celestial,2,7588
2025-04-04T12:37:41.162597,celestial,3,16855
2025-04-04T12:37:41.162597,eternity,total,6318
2025-04-04T12:37:41.162597,one_above_all,total,1034
2025-04-04T18:25:59.555547,bronze,1,21464
2025-04-04T18:25:59.555547,bronze,2,26551
2025-04-04T18:25:59.555547,bronze,3,107498
2025-04-04T18:25:59.555547,silver,1,18274
2025-04-04T18:25:59.555547,silver,2,20369
2025-04-04T18:25:59.555547,silver,3,23827
2025-04-04T18:25:59.555547,gold,1,19424
2025-04-04T18:25:59.555547,gold,2,21245
2025-04-04T18:25:59.555547,gold,3,30426
2025-04-04T18:25:59.555547,platinum,1,20458
2025-04-04T18:25:59.555547,platinum,2,22913
2025-04-04T18:25:59.555547,platinum,3,28059
2025-04-04T18:25:59.555547,diamond,1,20951
2025-04-04T18:25:59.555547,diamond,2,23345
2025-04-04T18:25:59.555547,diamond,3,29185
2025-04-04T18:25:59.555547,grandmaster,1,13797
2025-04-04T18:25:59.555547,grandmaster,2,19447
2025-04-04T18:25:59.555547,grandmaster,3,33196
2025-04-04T18:25:59.555547,celestial,1,4217
2025-04-04T18:25:59.555547,celestial,2,7627
2025-04-04T18:25:59.555547,celestial,3,16938
2025-04-04T18:25:59.555547,eternity,total,6383
2025-04-04T18:25:59.555547,one_above_all,total,1033
2025-04-05T01:25:26.111546,bronze,1,21476
2025-04-05T01:25:26.111546,bronze,2,26559
2025-04-05T01:25:26.111546,bronze,3,107549
2025-04-05T01:25:26.111546,silver,1,18287
2025-04-05T01:25:26.111546,silver,2,20377
2025-04-05T01:25:26.111546,silver,3,23833
2025-04-05T01:25:26.111546,gold,1,19444
2025-04-05T01:25:26.111546,gold,2,21264
2025-04-05T01:25:26.111546,gold,3,30460
2025-04-05T01:25:26.111546,platinum,1,20486
2025-04-05T01:25:26.111546,platinum,2,22941
2025-04-05T01:25:26.111546,platinum,3,28073
2025-04-05T01:25:26.111546,diamond,1,21013
2025-04-05T01:25:26.111546,diamond,2,23415
2025-04-05T01:25:26.111546,diamond,3,29231
2025-04-05T01:25:26.111546,grandmaster,1,13830
2025-04-05T01:25:26.111546,grandmaster,2,19497
2025-04-05T01:25:26.111546,grandmaster,3,33272
2025-04-05T01:25:26.111546,celestial,1,4220
2025-04-05T01:25:26.111546,celestial,2,7669
2025-04-05T01:25:26.111546,celestial,3,17010
2025-04-05T01:25:26.111546,eternity,total,6423
2025-04-05T01:25:26.111546,one_above_all,total,1031
2025-04-05T06:25:02.863216,bronze,1,21485
2025-04-05T06:25:02.863216,bronze,2,26570
2025-04-05T06:25:02.863216,bronze,3,107571
2025-04-05T06:25:02.863216,silver,1,18298
2025-04-05T06:25:02.863216,silver,2,20386
2025-04-05T06:25:02.863216,silver,3,23846
2025-04-05T06:25:02.863216,gold,1,19450
2025-04-05T06:25:02.863216,gold,2,21300
2025-04-05T06:25:02.863216,gold,3,30493
2025-04-05T06:25:02.863216,platinum,1,20512
2025-04-05T06:25:02.863216,platinum,2,22974
2025-04-05T06:25:02.863216,platinum,3,28105
2025-04-05T06:25:02.863216,diamond,1,21074
2025-04-05T06:25:02.863216,diamond,2,23496
2025-04-05T06:25:02.863216,diamond,3,29272
2025-04-05T06:25:02.863216,grandmaster,1,13900
2025-04-05T06:25:02.863216,grandmaster,2,19560
2025-04-05T06:25:02.863216,grandmaster,3,33410
2025-04-05T06:25:02.863216,celestial,1,4215
2025-04-05T06:25:02.863216,celestial,2,7720
2025-04-05T06:25:02.863216,celestial,3,17122
2025-04-05T06:25:02.863216,eternity,total,6470
2025-04-05T06:25:02.863216,one_above_all,total,1038
2025-04-05T12:34:18.055956,bronze,1,21485
2025-04-05T12:34:18.055956,bronze,2,26570
2025-04-05T12:34:18.055956,bronze,3,107571
2025-04-05T12:34:18.055956,silver,1,18298
2025-04-05T12:34:18.055956,silver,2,20386
2025-04-05T12:34:18.055956,silver,3,23846
2025-04-05T12:34:18.055956,gold,1,19450
2025-04-05T12:34:18.055956,gold,2,21300
2025-04-05T12:34:18.055956,gold,3,30493
2025-04-05T12:34:18.055956,platinum,1,20512
2025-04-05T12:34:18.055956,platinum,2,22974
2025-04-05T12:34:18.055956,platinum,3,28105
2025-04-05T12:34:18.055956,diamond,1,21074
2025-04-05T12:34:18.055956,diamond,2,23496
2025-04-05T12:34:18.055956,diamond,3,29272
2025-04-05T12:34:18.055956,grandmaster,1,13900
2025-04-05T12:34:18.055956,grandmaster,2,19560
2025-04-05T12:34:18.055956,grandmaster,3,33410
2025-04-05T12:34:18.055956,celestial,1,4215
2025-04-05T12:34:18.055956,celestial,2,7720
2025-04-05T12:34:18.055956,celestial,3,17122
2025-04-05T12:34:18.055956,eternity,total,6470
2025-04-05T12:34:18.055956,one_above_all,total,1038
2025-04-05T18:23:21.469524,bronze,1,21492
2025-04-05T18:23:21.469524,bronze,2,26575
2025-04-05T18:23:21.469524,bronze,3,107589
2025-04-05T18:23:21.469524,silver,1,18316
2025-04-05T18:23:21.469524,silver,2,20394
2025-04-05T18:23:21.469524,silver,3,23860
2025-04-05T18:23:21.469524,gold,1,19451
2025-04-05T18:23:21.469524,gold,2,21326
2025-04-05T18:23:21.469524,gold,3,30522
2025-04-05T18:23:21.469524,platinum,1,20535
2025-04-05T18:23:21.469524,platinum,2,22996
2025-04-05T18:23:21.469524,platinum,3,28125
2025-04-05T18:23:21.469524,diamond,1,21120
2025-04-05T18:23:21.469524,diamond,2,23541
2025-04-05T18:23:21.469524,diamond,3,29313
2025-04-05T18:23:21.469524,grandmaster,1,13943
2025-04-05T18:23:21.469524,grandmaster,2,19597
2025-04-05T18:23:21.469524,grandmaster,3,33515
2025-04-05T18:23:21.469524,celestial,1,4235
2025-04-05T18:23:21.469524,celestial,2,7750
2025-04-05T18:23:21.469524,celestial,3,17183
2025-04-05T18:23:21.469524,eternity,total,6516
2025-04-05T18:23:21.469524,one_above_all,total,1041
2025-04-06T01:39:12.210090,bronze,1,21496
2025-04-06T01:39:12.210090,bronze,2,26591
2025-04-06T01:39:12.210090,bronze,3,107631
2025-04-06T01:39:12.210090,silver,1,18321
2025-04-06T01:39:12.210090,silver,2,20408
2025-04-06T01:39:12.210090,silver,3,23861
2025-04-06T01:39:12.210090,gold,1,19458
2025-04-06T01:39:12.210090,gold,2,21341
2025-04-06T01:39:12.210090,gold,3,30545
2025-04-06T01:39:12.210090,platinum,1,20561
2025-04-06T01:39:12.210090,platinum,2,23013
2025-04-06T01:39:12.210090,platinum,3,28161
2025-04-06T01:39:12.210090,diamond,1,21183
2025-04-06T01:39:12.210090,diamond,2,23620
2025-04-06T01:39:12.210090,diamond,3,29360
2025-04-06T01:39:12.210090,grandmaster,1,13981
2025-04-06T01:39:12.210090,grandmaster,2,19661
2025-04-06T01:39:12.210090,grandmaster,3,33617
2025-04-06T01:39:12.210090,celestial,1,4254
2025-04-06T01:39:12.210090,celestial,2,7782
2025-04-06T01:39:12.210090,celestial,3,17250
2025-04-06T01:39:12.210090,eternity,total,6553
2025-04-06T01:39:12.210090,one_above_all,total,1038
2025-04-06T06:26:23.364476,bronze,1,21506
2025-04-06T06:26:23.364476,bronze,2,26597
2025-04-06T06:26:23.364476,bronze,3,107679
2025-04-06T06:26:23.364476,silver,1,18334
2025-04-06T06:26:23.364476,silver,2,20427
2025-04-06T06:26:23.364476,silver,3,23875
2025-04-06T06:26:23.364476,gold,1,19467
2025-04-06T06:26:23.364476,gold,2,21355
2025-04-06T06:26:23.364476,gold,3,30571
2025-04-06T06:26:23.364476,platinum,1,20602
2025-04-06T06:26:23.364476,platinum,2,23053
2025-04-06T06:26:23.364476,platinum,3,28194
2025-04-06T06:26:23.364476,diamond,1,21273
2025-04-06T06:26:23.364476,diamond,2,23672
2025-04-06T06:26:23.364476,diamond,3,29421
2025-04-06T06:26:23.364476,grandmaster,1,14052
2025-04-06T06:26:23.364476,grandmaster,2,19737
2025-04-06T06:26:23.364476,grandmaster,3,33745
2025-04-06T06:26:23.364476,celestial,1,4289
2025-04-06T06:26:23.364476,celestial,2,7808
2025-04-06T06:26:23.364476,celestial,3,17325
2025-04-06T06:26:23.364476,eternity,total,6614
2025-04-06T06:26:23.364476,one_above_all,total,1042
2025-04-06T12:34:20.456124,bronze,1,21506
2025-04-06T12:34:20.456124,bronze,2,26597
2025-04-06T12:34:20.456124,bronze,3,107679
2025-04-06T12:34:20.456124,silver,1,18334
2025-04-06T12:34:20.456124,silver,2,20427
2025-04-06T12:34:20.456124,silver,3,23875
2025-04-06T12:34:20.456124,gold,1,19467
2025-04-06T12:34:20.456124,gold,2,21355
2025-04-06T12:34:20.456124,gold,3,30571
2025-04-06T12:34:20.456124,platinum,1,20602
2025-04-06T12:34:20.456124,platinum,2,23053
2025-04-06T12:34:20.456124,platinum,3,28194
2025-04-06T12:34:20.456124,diamond,1,21273
2025-04-06T12:34:20.456124,diamond,2,23672
2025-04-06T12:34:20.456124,diamond,3,29421
2025-04-06T12:34:20.456124,grandmaster,1,14052
2025-04-06T12:34:20.456124,grandmaster,2,19737
2025-04-06T12:34:20.456124,grandmaster,3,33745
2025-04-06T12:34:20.456124,celestial,1,4289
2025-04-06T12:34:20.456124,celestial,2,7808
2025-04-06T12:34:20.456124,celestial,3,17325
2025-04-06T12:34:20.456124,eternity,total,6614
2025-04-06T12:34:20.456124,one_above_all,total,1042
2025-04-06T18:23:48.579725,bronze,1,21515
2025-04-06T18:23:48.579725,bronze,2,26600
2025-04-06T18:23:48.579725,bronze,3,107707
2025-04-06T18:23:48.579725,silver,1,18341
2025-04-06T18:23:48.579725,silver,2,20420
2025-04-06T18:23:48.579725,silver,3,23883
2025-04-06T18:23:48.579725,gold,1,19485
2025-04-06T18:23:48.579725,gold,2,21352
2025-04-06T18:23:48.579725,gold,3,30585
2025-04-06T18:23:48.579725,platinum,1,20619
2025-04-06T18:23:48.579725,platinum,2,23085
2025-04-06T18:23:48.579725,platinum,3,28226
2025-04-06T18:23:48.579725,diamond,1,21313
2025-04-06T18:23:48.579725,diamond,2,23732
2025-04-06T18:23:48.579725,diamond,3,29468
2025-04-06T18:23:48.579725,grandmaster,1,14085
2025-04-06T18:23:48.579725,grandmaster,2,19814
2025-04-06T18:23:48.579725,grandmaster,3,33866
2025-04-06T18:23:48.579725,celestial,1,4312
2025-04-06T18:23:48.579725,celestial,2,7843
2025-04-06T18:23:48.579725,celestial,3,17409
2025-04-06T18:23:48.579725,eternity,total,6673
2025-04-06T18:23:48.579725,one_above_all,total,1038
2025-04-07T01:37:23.213586,bronze,1,21521
2025-04-07T01:37:23.213586,bronze,2,26610
2025-04-07T01:37:23.213586,bronze,3,107737
2025-04-07T01:37:23.213586,silver,1,18363
2025-04-07T01:37:23.213586,silver,2,20431
2025-04-07T01:37:23.213586,silver,3,23902
2025-04-07T01:37:23.213586,gold,1,19502
2025-04-07T01:37:23.213586,gold,2,21379
2025-04-07T01:37:23.213586,gold,3,30619
2025-04-07T01:37:23.213586,platinum,1,20679
2025-04-07T01:37:23.213586,platinum,2,23148
2025-04-07T01:37:23.213586,platinum,3,28263
2025-04-07T01:37:23.213586,diamond,1,21372
2025-04-07T01:37:23.213586,diamond,2,23805
2025-04-07T01:37:23.213586,diamond,3,29573
2025-04-07T01:37:23.213586,grandmaster,1,14140
2025-04-07T01:37:23.213586,grandmaster,2,19930
2025-04-07T01:37:23.213586,grandmaster,3,33978
2025-04-07T01:37:23.213586,celestial,1,4311
2025-04-07T01:37:23.213586,celestial,2,7864
2025-04-07T01:37:23.213586,celestial,3,17497
2025-04-07T01:37:23.213586,eternity,total,6733
2025-04-07T01:37:23.213586,one_above_all,total,1037
2025-04-07T06:28:21.431076,bronze,1,21531
2025-04-07T06:28:21.431076,bronze,2,26628
2025-04-07T06:28:21.431076,bronze,3,107804
2025-04-07T06:28:21.431076,silver,1,18380
2025-04-07T06:28:21.431076,silver,2,20445
2025-04-07T06:28:21.431076,silver,3,23925
2025-04-07T06:28:21.431076,gold,1,19529
2025-04-07T06:28:21.431076,gold,2,21416
2025-04-07T06:28:21.431076,gold,3,30678
2025-04-07T06:28:21.431076,platinum,1,20754
2025-04-07T06:28:21.431076,platinum,2,23197
2025-04-07T06:28:21.431076,platinum,3,28322
2025-04-07T06:28:21.431076,diamond,1,21465
2025-04-07T06:28:21.431076,diamond,2,23898
2025-04-07T06:28:21.431076,diamond,3,29661
2025-04-07T06:28:21.431076,grandmaster,1,14204
2025-04-07T06:28:21.431076,grandmaster,2,20038
2025-04-07T06:28:21.431076,grandmaster,3,34129
2025-04-07T06:28:21.431076,celestial,1,4338
2025-04-07T06:28:21.431076,celestial,2,7912
2025-04-07T06:28:21.431076,celestial,3,17613
2025-04-07T06:28:21.431076,eternity,total,6799
2025-04-07T06:28:21.431076,one_above_all,total,1036
2025-04-07T18:27:12.631279,bronze,1,21543
2025-04-07T18:27:12.631279,bronze,2,26636
2025-04-07T18:27:12.631279,bronze,3,107839
2025-04-07T18:27:12.631279,silver,1,18378
2025-04-07T18:27:12.631279,silver,2,20449
2025-04-07T18:27:12.631279,silver,3,23932
2025-04-07T18:27:12.631279,gold,1,19549
2025-04-07T18:27:12.631279,gold,2,21430
2025-04-07T18:27:12.631279,gold,3,30707
2025-04-07T18:27:12.631279,platinum,1,20779
2025-04-07T18:27:12.631279,platinum,2,23212
2025-04-07T18:27:12.631279,platinum,3,28336
2025-04-07T18:27:12.631279,diamond,1,21518
2025-04-07T18:27:12.631279,diamond,2,23938
2025-04-07T18:27:12.631279,diamond,3,29676
2025-04-07T18:27:12.631279,grandmaster,1,14262
2025-04-07T18:27:12.631279,grandmaster,2,20092
2025-04-07T18:27:12.631279,grandmaster,3,34238
2025-04-07T18:27:12.631279,celestial,1,4365
2025-04-07T18:27:12.631279,celestial,2,7945
2025-04-07T18:27:12.631279,celestial,3,17716
2025-04-07T18:27:12.631279,eternity,total,6845
2025-04-07T18:27:12.631279,one_above_all,total,1038
2025-04-08T01:26:52.106593,bronze,1,21561
2025-04-08T01:26:52.106593,bronze,2,26649
2025-04-08T01:26:52.106593,bronze,3,107879
2025-04-08T01:26:52.106593,silver,1,18384
2025-04-08T01:26:52.106593,silver,2,20457
2025-04-08T01:26:52.106593,silver,3,23951
2025-04-08T01:26:52.106593,gold,1,19569
2025-04-08T01:26:52.106593,gold,2,21456
2025-04-08T01:26:52.106593,gold,3,30729
2025-04-08T01:26:52.106593,platinum,1,20810
2025-04-08T01:26:52.106593,platinum,2,23255
2025-04-08T01:26:52.106593,platinum,3,28379
2025-04-08T01:26:52.106593,diamond,1,21588
2025-04-08T01:26:52.106593,diamond,2,23996
2025-04-08T01:26:52.106593,diamond,3,29736
2025-04-08T01:26:52.106593,grandmaster,1,14289
2025-04-08T01:26:52.106593,grandmaster,2,20155
2025-04-08T01:26:52.106593,grandmaster,3,34352
2025-04-08T01:26:52.106593,celestial,1,4401
2025-04-08T01:26:52.106593,celestial,2,7959
2025-04-08T01:26:52.106593,celestial,3,17819
2025-04-08T01:26:52.106593,eternity,total,6885
2025-04-08T01:26:52.106593,one_above_all,total,1038
2025-04-08T06:28:13.509338,bronze,1,21570
2025-04-08T06:28:13.509338,bronze,2,26662
2025-04-08T06:28:13.509338,bronze,3,107920
2025-04-08T06:28:13.509338,silver,1,18402
2025-04-08T06:28:13.509338,silver,2,20476
2025-04-08T06:28:13.509338,silver,3,23976
2025-04-08T06:28:13.509338,gold,1,19590
2025-04-08T06:28:13.509338,gold,2,21481
2025-04-08T06:28:13.509338,gold,3,30779
2025-04-08T06:28:13.509338,platinum,1,20847
2025-04-08T06:28:13.509338,platinum,2,23275
2025-04-08T06:28:13.509338,platinum,3,28428
2025-04-08T06:28:13.509338,diamond,1,21646
2025-04-08T06:28:13.509338,diamond,2,24065
2025-04-08T06:28:13.509338,diamond,3,29823
2025-04-08T06:28:13.509338,grandmaster,1,14368
2025-04-08T06:28:13.509338,grandmaster,2,20242
2025-04-08T06:28:13.509338,grandmaster,3,34492
2025-04-08T06:28:13.509338,celestial,1,4419
2025-04-08T06:28:13.509338,celestial,2,7993
2025-04-08T06:28:13.509338,celestial,3,17919
2025-04-08T06:28:13.509338,eternity,total,6966
2025-04-08T06:28:13.509338,one_above_all,total,1037
2025-04-08T12:39:12.338608,bronze,1,21570
2025-04-08T12:39:12.338608,bronze,2,26662
2025-04-08T12:39:12.338608,bronze,3,107920
2025-04-08T12:39:12.338608,silver,1,18402
2025-04-08T12:39:12.338608,silver,2,20476
2025-04-08T12:39:12.338608,silver,3,23976
2025-04-08T12:39:12.338608,gold,1,19590
2025-04-08T12:39:12.338608,gold,2,21481
2025-04-08T12:39:12.338608,gold,3,30779
2025-04-08T12:39:12.338608,platinum,1,20847
2025-04-08T12:39:12.338608,platinum,2,23275
2025-04-08T12:39:12.338608,platinum,3,28428
2025-04-08T12:39:12.338608,diamond,1,21646
2025-04-08T12:39:12.338608,diamond,2,24065
2025-04-08T12:39:12.338608,diamond,3,29823
2025-04-08T12:39:12.338608,grandmaster,1,14368
2025-04-08T12:39:12.338608,grandmaster,2,20242
2025-04-08T12:39:12.338608,grandmaster,3,34492
2025-04-08T12:39:12.338608,celestial,1,4419
2025-04-08T12:39:12.338608,celestial,2,7993
2025-04-08T12:39:12.338608,celestial,3,17919
2025-04-08T12:39:12.338608,eternity,total,6966
2025-04-08T12:39:12.338608,one_above_all,total,1037
2025-04-08T18:26:26.815201,bronze,1,21583
2025-04-08T18:26:26.815201,bronze,2,26677
2025-04-08T18:26:26.815201,bronze,3,107960
2025-04-08T18:26:26.815201,silver,1,18414
2025-04-08T18:26:26.815201,silver,2,20486
2025-04-08T18:26:26.815201,silver,3,23980
2025-04-08T18:26:26.815201,gold,1,19622
2025-04-08T18:26:26.815201,gold,2,21491
2025-04-08T18:26:26.815201,gold,3,30795
2025-04-08T18:26:26.815201,platinum,1,20868
2025-04-08T18:26:26.815201,platinum,2,23305
2025-04-08T18:26:26.815201,platinum,3,28457
2025-04-08T18:26:26.815201,diamond,1,21701
2025-04-08T18:26:26.815201,diamond,2,24096
2025-04-08T18:26:26.815201,diamond,3,29863
2025-04-08T18:26:26.815201,grandmaster,1,14401
2025-04-08T18:26:26.815201,grandmaster,2,20315
2025-04-08T18:26:26.815201,grandmaster,3,34604
2025-04-08T18:26:26.815201,celestial,1,4426
2025-04-08T18:26:26.815201,celestial,2,8023
2025-04-08T18:26:26.815201,celestial,3,18013
2025-04-08T18:26:26.815201,eternity,total,7049
2025-04-08T18:26:26.815201,one_above_all,total,1037
2025-04-09T01:27:25.479423,bronze,1,21590
2025-04-09T01:27:25.479423,bronze,2,26683
2025-04-09T01:27:25.479423,bronze,3,107977
2025-04-09T01:27:25.479423,silver,1,18421
2025-04-09T01:27:25.479423,silver,2,20492
2025-04-09T01:27:25.479423,silver,3,23985
2025-04-09T01:27:25.479423,gold,1,19641
2025-04-09T01:27:25.479423,gold,2,21502
2025-04-09T01:27:25.479423,gold,3,30816
2025-04-09T01:27:25.479423,platinum,1,20889
2025-04-09T01:27:25.479423,platinum,2,23311
2025-04-09T01:27:25.479423,platinum,3,28487
2025-04-09T01:27:25.479423,diamond,1,21735
2025-04-09T01:27:25.479423,diamond,2,24127
2025-04-09T01:27:25.479423,diamond,3,29910
2025-04-09T01:27:25.479423,grandmaster,1,14424
2025-04-09T01:27:25.479423,grandmaster,2,20350
2025-04-09T01:27:25.479423,grandmaster,3,34670
2025-04-09T01:27:25.479423,celestial,1,4439
2025-04-09T01:27:25.479423,celestial,2,8035
2025-04-09T01:27:25.479423,celestial,3,18062
2025-04-09T01:27:25.479423,eternity,total,7089
2025-04-09T01:27:25.479423,one_above_all,total,1033
2025-04-09T06:28:18.996607,bronze,1,21602
2025-04-09T06:28:18.996607,bronze,2,26699
2025-04-09T06:28:18.996607,bronze,3,108021
2025-04-09T06:28:18.996607,silver,1,18436
2025-04-09T06:28:18.996607,silver,2,20502
2025-04-09T06:28:18.996607,silver,3,24001
2025-04-09T06:28:18.996607,gold,1,19657
2025-04-09T06:28:18.996607,gold,2,21531
2025-04-09T06:28:18.996607,gold,3,30850
2025-04-09T06:28:18.996607,platinum,1,20938
2025-04-09T06:28:18.996607,platinum,2,23326
2025-04-09T06:28:18.996607,platinum,3,28550
2025-04-09T06:28:18.996607,diamond,1,21818
2025-04-09T06:28:18.996607,diamond,2,24188
2025-04-09T06:28:18.996607,diamond,3,29989
2025-04-09T06:28:18.996607,grandmaster,1,14498
2025-04-09T06:28:18.996607,grandmaster,2,20437
2025-04-09T06:28:18.996607,grandmaster,3,34855
2025-04-09T06:28:18.996607,celestial,1,4446
2025-04-09T06:28:18.996607,celestial,2,8060
2025-04-09T06:28:18.996607,celestial,3,18176
2025-04-09T06:28:18.996607,eternity,total,7168
2025-04-09T06:28:18.996607,one_above_all,total,1037
2025-04-09T12:39:14.767620,bronze,1,21602
2025-04-09T12:39:14.767620,bronze,2,26699
2025-04-09T12:39:14.767620,bronze,3,108021
2025-04-09T12:39:14.767620,silver,1,18436
2025-04-09T12:39:14.767620,silver,2,20502
2025-04-09T12:39:14.767620,silver,3,24001
2025-04-09T12:39:14.767620,gold,1,19657
2025-04-09T12:39:14.767620,gold,2,21531
2025-04-09T12:39:14.767620,gold,3,30850
2025-04-09T12:39:14.767620,platinum,1,20938
2025-04-09T12:39:14.767620,platinum,2,23326
2025-04-09T12:39:14.767620,platinum,3,28550
2025-04-09T12:39:14.767620,diamond,1,21818
2025-04-09T12:39:14.767620,diamond,2,24188
2025-04-09T12:39:14.767620,diamond,3,29989
2025-04-09T12:39:14.767620,grandmaster,1,14498
2025-04-09T12:39:14.767620,grandmaster,2,20437
2025-04-09T12:39:14.767620,grandmaster,3,34855
2025-04-09T12:39:14.767620,celestial,1,4446
2025-04-09T12:39:14.767620,celestial,2,8060
2025-04-09T12:39:14.767620,celestial,3,18176
2025-04-09T12:39:14.767620,eternity,total,7168
2025-04-09T12:39:14.767620,one_above_all,total,1037
2025-04-09T18:27:12.340908,bronze,1,21619
2025-04-09T18:27:12.340908,bronze,2,26708
2025-04-09T18:27:12.340908,bronze,3,108053
2025-04-09T18:27:12.340908,silver,1,18441
2025-04-09T18:27:12.340908,silver,2,20522
2025-04-09T18:27:12.340908,silver,3,24013
2025-04-09T18:27:12.340908,gold,1,19657
2025-04-09T18:27:12.340908,gold,2,21551
2025-04-09T18:27:12.340908,gold,3,30887
2025-04-09T18:27:12.340908,platinum,1,20972
2025-04-09T18:27:12.340908,platinum,2,23348
2025-04-09T18:27:12.340908,platinum,3,28582
2025-04-09T18:27:12.340908,diamond,1,21859
2025-04-09T18:27:12.340908,diamond,2,24249
2025-04-09T18:27:12.340908,diamond,3,30044
2025-04-09T18:27:12.340908,grandmaster,1,14548
2025-04-09T18:27:12.340908,grandmaster,2,20482
2025-04-09T18:27:12.340908,grandmaster,3,34962
2025-04-09T18:27:12.340908,celestial,1,4460
2025-04-09T18:27:12.340908,celestial,2,8073
2025-04-09T18:27:12.340908,celestial,3,18227
2025-04-09T18:27:12.340908,eternity,total,7225
2025-04-09T18:27:12.340908,one_above_all,total,1035
2025-04-10T01:26:58.352567,bronze,1,21621
2025-04-10T01:26:58.352567,bronze,2,26719
2025-04-10T01:26:58.352567,bronze,3,108103
2025-04-10T01:26:58.352567,silver,1,18452
2025-04-10T01:26:58.352567,silver,2,20538
2025-04-10T01:26:58.352567,silver,3,24035
2025-04-10T01:26:58.352567,gold,1,19676
2025-04-10T01:26:58.352567,gold,2,21572
2025-04-10T01:26:58.352567,gold,3,30915
2025-04-10T01:26:58.352567,platinum,1,20991
2025-04-10T01:26:58.352567,platinum,2,23388
2025-04-10T01:26:58.352567,platinum,3,28617
2025-04-10T01:26:58.352567,diamond,1,21912
2025-04-10T01:26:58.352567,diamond,2,24284
2025-04-10T01:26:58.352567,diamond,3,30086
2025-04-10T01:26:58.352567,grandmaster,1,14608
2025-04-10T01:26:58.352567,grandmaster,2,20538
2025-04-10T01:26:58.352567,grandmaster,3,35069
2025-04-10T01:26:58.352567,celestial,1,4470
2025-04-10T01:26:58.352567,celestial,2,8120
2025-04-10T01:26:58.352567,celestial,3,18310
2025-04-10T01:26:58.352567,eternity,total,7270
2025-04-10T01:26:58.352567,one_above_all,total,1032
2025-04-10T06:27:55.406818,bronze,1,21631
2025-04-10T06:27:55.406818,bronze,2,26731
2025-04-10T06:27:55.406818,bronze,3,108136
2025-04-10T06:27:55.406818,silver,1,18463
2025-04-10T06:27:55.406818,silver,2,20549
2025-04-10T06:27:55.406818,silver,3,24047
2025-04-10T06:27:55.406818,gold,1,19694
2025-04-10T06:27:55.406818,gold,2,21591
2025-04-10T06:27:55.406818,gold,3,30948
2025-04-10T06:27:55.406818,platinum,1,21005
2025-04-10T06:27:55.406818,platinum,2,23400
2025-04-10T06:27:55.406818,platinum,3,28643
2025-04-10T06:27:55.406818,diamond,1,22010
2025-04-10T06:27:55.406818,diamond,2,24336
2025-04-10T06:27:55.406818,diamond,3,30147
2025-04-10T06:27:55.406818,grandmaster,1,14655
2025-04-10T06:27:55.406818,grandmaster,2,20642
2025-04-10T06:27:55.406818,grandmaster,3,35217
2025-04-10T06:27:55.406818,celestial,1,4481
2025-04-10T06:27:55.406818,celestial,2,8178
2025-04-10T06:27:55.406818,celestial,3,18400
2025-04-10T06:27:55.406818,eternity,total,7340
2025-04-10T06:27:55.406818,one_above_all,total,1032
2025-04-10T12:39:13.448040,bronze,1,21631
2025-04-10T12:39:13.448040,bronze,2,26731
2025-04-10T12:39:13.448040,bronze,3,108136
2025-04-10T12:39:13.448040,silver,1,18463
2025-04-10T12:39:13.448040,silver,2,20549
2025-04-10T12:39:13.448040,silver,3,24047
2025-04-10T12:39:13.448040,gold,1,19694
2025-04-10T12:39:13.448040,gold,2,21591
2025-04-10T12:39:13.448040,gold,3,30948
2025-04-10T12:39:13.448040,platinum,1,21005
2025-04-10T12:39:13.448040,platinum,2,23400
2025-04-10T12:39:13.448040,platinum,3,28643
2025-04-10T12:39:13.448040,diamond,1,22010
2025-04-10T12:39:13.448040,diamond,2,24336
2025-04-10T12:39:13.448040,diamond,3,30147
2025-04-10T12:39:13.448040,grandmaster,1,14655
2025-04-10T12:39:13.448040,grandmaster,2,20642
2025-04-10T12:39:13.448040,grandmaster,3,35217
2025-04-10T12:39:13.448040,celestial,1,4481
2025-04-10T12:39:13.448040,celestial,2,8178
2025-04-10T12:39:13.448040,celestial,3,18400
2025-04-10T12:39:13.448040,eternity,total,7340
2025-04-10T12:39:13.448040,one_above_all,total,1032
2025-04-10T18:24:44.622008,bronze,1,21639
2025-04-10T18:24:44.622008,bronze,2,26734
2025-04-10T18:24:44.622008,bronze,3,108164
2025-04-10T18:24:44.622008,silver,1,18468
2025-04-10T18:24:44.622008,silver,2,20555
2025-04-10T18:24:44.622008,silver,3,24065
2025-04-10T18:24:44.622008,gold,1,19710
2025-04-10T18:24:44.622008,gold,2,21613
2025-04-10T18:24:44.622008,gold,3,30974
2025-04-10T18:24:44.622008,platinum,1,21026
2025-04-10T18:24:44.622008,platinum,2,23412
2025-04-10T18:24:44.622008,platinum,3,28681
2025-04-10T18:24:44.622008,diamond,1,22043
2025-04-10T18:24:44.622008,diamond,2,24377
2025-04-10T18:24:44.622008,diamond,3,30199
2025-04-10T18:24:44.622008,grandmaster,1,14729
2025-04-10T18:24:44.622008,grandmaster,2,20689
2025-04-10T18:24:44.622008,grandmaster,3,35332
2025-04-10T18:24:44.622008,celestial,1,4483
2025-04-10T18:24:44.622008,celestial,2,8221
2025-04-10T18:24:44.622008,celestial,3,18484
2025-04-10T18:24:44.622008,eternity,total,7386
2025-04-10T18:24:44.622008,one_above_all,total,1044
2025-04-11T01:27:47.956481,bronze,1,21650
2025-04-11T01:27:47.956481,bronze,2,26740
2025-04-11T01:27:47.956481,bronze,3,108189
2025-04-11T01:27:47.956481,silver,1,18478
2025-04-11T01:27:47.956481,silver,2,20568
2025-04-11T01:27:47.956481,silver,3,24075
2025-04-11T01:27:47.956481,gold,1,19737
2025-04-11T01:27:47.956481,gold,2,21624
2025-04-11T01:27:47.956481,gold,3,30994
2025-04-11T01:27:47.956481,platinum,1,21042
2025-04-11T01:27:47.956481,platinum,2,23436
2025-04-11T01:27:47.956481,platinum,3,28720
2025-04-11T01:27:47.956481,diamond,1,22084
2025-04-11T01:27:47.956481,diamond,2,24437
2025-04-11T01:27:47.956481,diamond,3,30244
2025-04-11T01:27:47.956481,grandmaster,1,14754
2025-04-11T01:27:47.956481,grandmaster,2,20741
2025-04-11T01:27:47.956481,grandmaster,3,35461
2025-04-11T01:27:47.956481,celestial,1,4517
2025-04-11T01:27:47.956481,celestial,2,8231
2025-04-11T01:27:47.956481,celestial,3,18562
2025-04-11T01:27:47.956481,eternity,total,7438
2025-04-11T01:27:47.956481,one_above_all,total,1043
2025-04-11T06:27:43.069961,bronze,1,21654
2025-04-11T06:27:43.069961,bronze,2,26751
2025-04-11T06:27:43.069961,bronze,3,108236
2025-04-11T06:27:43.069961,silver,1,18494
2025-04-11T06:27:43.069961,silver,2,20580
2025-04-11T06:27:43.069961,silver,3,24101
2025-04-11T06:27:43.069961,gold,1,19762
2025-04-11T06:27:43.069961,gold,2,21643
2025-04-11T06:27:43.069961,gold,3,31036
2025-04-11T06:27:43.069961,platinum,1,21088
2025-04-11T06:27:43.069961,platinum,2,23461
2025-04-11T06:27:43.069961,platinum,3,28755
2025-04-11T06:27:43.069961,diamond,1,22138
2025-04-11T06:27:43.069961,diamond,2,24506
2025-04-11T06:27:43.069961,diamond,3,30312
2025-04-11T06:27:43.069961,grandmaster,1,14817
2025-04-11T06:27:43.069961,grandmaster,2,20798
2025-04-11T06:27:43.069961,grandmaster,3,35618
2025-04-11T06:27:43.069961,celestial,1,4549
2025-04-11T06:27:43.069961,celestial,2,8246
2025-04-11T06:27:43.069961,celestial,3,18687
2025-04-11T06:27:43.069961,eternity,total,7513
2025-04-11T06:27:43.069961,one_above_all,total,1042
2025-04-11T12:38:13.143046,bronze,1,21654
2025-04-11T12:38:13.143046,bronze,2,26751
2025-04-11T12:38:13.143046,bronze,3,108236
2025-04-11T12:38:13.143046,silver,1,18494
2025-04-11T12:38:13.143046,silver,2,20580
2025-04-11T12:38:13.143046,silver,3,24101
2025-04-11T12:38:13.143046,gold,1,19762
2025-04-11T12:38:13.143046,gold,2,21643
2025-04-11T12:38:13.143046,gold,3,31036
2025-04-11T12:38:13.143046,platinum,1,21088
2025-04-11T12:38:13.143046,platinum,2,23461
2025-04-11T12:38:13.143046,platinum,3,28755
2025-04-11T12:38:13.143046,diamond,1,22138
2025-04-11T12:38:13.143046,diamond,2,24506
2025-04-11T12:38:13.143046,diamond,3,30312
2025-04-11T12:38:13.143046,grandmaster,1,14817
2025-04-11T12:38:13.143046,grandmaster,2,20798
2025-04-11T12:38:13.143046,grandmaster,3,35618
2025-04-11T12:38:13.143046,celestial,1,4549
2025-04-11T12:38:13.143046,celestial,2,8246
2025-04-11T12:38:13.143046,celestial,3,18687
2025-04-11T12:38:13.143046,eternity,total,7513
2025-04-11T12:38:13.143046,one_above_all,total,1042
2025-04-11T18:27:15.785058,bronze,1,21662
2025-04-11T18:27:15.785058,bronze,2,26758
2025-04-11T18:27:15.785058,bronze,3,108263
2025-04-11T18:27:15.785058,silver,1,18506
2025-04-11T18:27:15.785058,silver,2,20591
2025-04-11T18:27:15.785058,silver,3,24109
2025-04-11T18:27:15.785058,gold,1,19782
2025-04-11T18:27:15.785058,gold,2,21648
2025-04-11T18:27:15.785058,gold,3,31065
2025-04-11T18:27:15.785058,platinum,1,21112
2025-04-11T18:27:15.785058,platinum,2,23473
2025-04-11T18:27:15.785058,platinum,3,28788
2025-04-11T18:27:15.785058,diamond,1,22173
2025-04-11T18:27:15.785058,diamond,2,24529
2025-04-11T18:27:15.785058,diamond,3,30340
2025-04-11T18:27:15.785058,grandmaster,1,14867
2025-04-11T18:27:15.785058,grandmaster,2,20847
2025-04-11T18:27:15.785058,grandmaster,3,35726
2025-04-11T18:27:15.785058,celestial,1,4546
2025-04-11T18:27:15.785058,celestial,2,8287
2025-04-11T18:27:15.785058,celestial,3,18779
2025-04-11T18:27:15.785058,eternity,total,7590
2025-04-11T18:27:15.785058,one_above_all,total,1048
2025-04-12T01:25:48.565683,bronze,1,21662
2025-04-12T01:25:48.565683,bronze,2,26758
2025-04-12T01:25:48.565683,bronze,3,108263
2025-04-12T01:25:48.565683,silver,1,18506
2025-04-12T01:25:48.565683,silver,2,20591
2025-04-12T01:25:48.565683,silver,3,24109
2025-04-12T01:25:48.565683,gold,1,19782
2025-04-12T01:25:48.565683,gold,2,21648
2025-04-12T01:25:48.565683,gold,3,31065
2025-04-12T01:25:48.565683,platinum,1,21112
2025-04-12T01:25:48.565683,platinum,2,23473
2025-04-12T01:25:48.565683,platinum,3,28788
2025-04-12T01:25:48.565683,diamond,1,22173
2025-04-12T01:25:48.565683,diamond,2,24529
2025-04-12T01:25:48.565683,diamond,3,30340
2025-04-12T01:25:48.565683,grandmaster,1,14867
2025-04-12T01:25:48.565683,grandmaster,2,20847
2025-04-12T01:25:48.565683,grandmaster,3,35726
2025-04-12T01:25:48.565683,celestial,1,4546
2025-04-12T01:25:48.565683,celestial,2,8287
2025-04-12T01:25:48.565683,celestial,3,18779
2025-04-12T01:25:48.565683,eternity,total,7590
2025-04-12T01:25:48.565683,one_above_all,total,1048
2025-04-12T06:24:50.897667,bronze,1,21673
2025-04-12T06:24:50.897667,bronze,2,26774
2025-04-12T06:24:50.897667,bronze,3,108319
2025-04-12T06:24:50.897667,silver,1,18514
2025-04-12T06:24:50.897667,silver,2,20607
2025-04-12T06:24:50.897667,silver,3,24123
2025-04-12T06:24:50.897667,gold,1,19802
2025-04-12T06:24:50.897667,gold,2,21673
2025-04-12T06:24:50.897667,gold,3,31115
2025-04-12T06:24:50.897667,platinum,1,21131
2025-04-12T06:24:50.897667,platinum,2,23502
2025-04-12T06:24:50.897667,platinum,3,28834
2025-04-12T06:24:50.897667,diamond,1,22226
2025-04-12T06:24:50.897667,diamond,2,24589
2025-04-12T06:24:50.897667,diamond,3,30423
2025-04-12T06:24:50.897667,grandmaster,1,14880
2025-04-12T06:24:50.897667,grandmaster,2,20938
2025-04-12T06:24:50.897667,grandmaster,3,35906
2025-04-12T06:24:50.897667,celestial,1,4552
2025-04-12T06:24:50.897667,celestial,2,8309
2025-04-12T06:24:50.897667,celestial,3,18903
2025-04-12T06:24:50.897667,eternity,total,7642
2025-04-12T06:24:50.897667,one_above_all,total,1043
2025-04-12T12:34:18.389835,bronze,1,21686
2025-04-12T12:34:18.389835,bronze,2,26788
2025-04-12T12:34:18.389835,bronze,3,108355
2025-04-12T12:34:18.389835,silver,1,18522
2025-04-12T12:34:18.389835,silver,2,20616
2025-04-12T12:34:18.389835,silver,3,24139
2025-04-12T12:34:18.389835,gold,1,19820
2025-04-12T12:34:18.389835,gold,2,21701
2025-04-12T12:34:18.389835,gold,3,31145
2025-04-12T12:34:18.389835,platinum,1,21163
2025-04-12T12:34:18.389835,platinum,2,23543
2025-04-12T12:34:18.389835,platinum,3,28870
2025-04-12T12:34:18.389835,diamond,1,22258
2025-04-12T12:34:18.389835,diamond,2,24624
2025-04-12T12:34:18.389835,diamond,3,30475
2025-04-12T12:34:18.389835,grandmaster,1,14897
2025-04-12T12:34:18.389835,grandmaster,2,20993
2025-04-12T12:34:18.389835,grandmaster,3,35985
2025-04-12T12:34:18.389835,celestial,1,4554
2025-04-12T12:34:18.389835,celestial,2,8340
2025-04-12T12:34:18.389835,celestial,3,18967
2025-04-12T12:34:18.389835,eternity,total,7677
2025-04-12T12:34:18.389835,one_above_all,total,1042
2025-04-12T18:24:06.535843,bronze,1,21692
2025-04-12T18:24:06.535843,bronze,2,26799
2025-04-12T18:24:06.535843,bronze,3,108385
2025-04-12T18:24:06.535843,silver,1,18524
2025-04-12T18:24:06.535843,silver,2,20626
2025-04-12T18:24:06.535843,silver,3,24148
2025-04-12T18:24:06.535843,gold,1,19835
2025-04-12T18:24:06.535843,gold,2,21708
2025-04-12T18:24:06.535843,gold,3,31167
2025-04-12T18:24:06.535843,platinum,1,21186
2025-04-12T18:24:06.535843,platinum,2,23565
2025-04-12T18:24:06.535843,platinum,3,28909
2025-04-12T18:24:06.535843,diamond,1,22276
2025-04-12T18:24:06.535843,diamond,2,24661
2025-04-12T18:24:06.535843,diamond,3,30528
2025-04-12T18:24:06.535843,grandmaster,1,14927
2025-04-12T18:24:06.535843,grandmaster,2,21039
2025-04-12T18:24:06.535843,grandmaster,3,36060
2025-04-12T18:24:06.535843,celestial,1,4558
2025-04-12T18:24:06.535843,celestial,2,8351
2025-04-12T18:24:06.535843,celestial,3,19037
2025-04-12T18:24:06.535843,eternity,total,7699
2025-04-12T18:24:06.535843,one_above_all,total,1039
2025-04-13T02:54:57.518812,bronze,1,21692
2025-04-13T02:54:57.518812,bronze,2,26799
2025-04-13T02:54:57.518812,bronze,3,108385
2025-04-13T02:54:57.518812,silver,1,18524
2025-04-13T02:54:57.518812,silver,2,20626
2025-04-13T02:54:57.518812,silver,3,24148
2025-04-13T02:54:57.518812,gold,1,19835
2025-04-13T02:54:57.518812,gold,2,21708
2025-04-13T02:54:57.518812,gold,3,31167
2025-04-13T02:54:57.518812,platinum,1,21186
2025-04-13T02:54:57.518812,platinum,2,23565
2025-04-13T02:54:57.518812,platinum,3,28909
2025-04-13T02:54:57.518812,diamond,1,22276
2025-04-13T02:54:57.518812,diamond,2,24661
2025-04-13T02:54:57.518812,diamond,3,30528
2025-04-13T02:54:57.518812,grandmaster,1,14927
2025-04-13T02:54:57.518812,grandmaster,2,21039
2025-04-13T02:54:57.518812,grandmaster,3,36060
2025-04-13T02:54:57.518812,celestial,1,4558
2025-04-13T02:54:57.518812,celestial,2,8351
2025-04-13T02:54:57.518812,celestial,3,19037
2025-04-13T02:54:57.518812,eternity,total,7699
2025-04-13T02:54:57.518812,one_above_all,total,1039
2025-04-13T06:26:09.568664,bronze,1,21692
2025-04-13T06:26:09.568664,bronze,2,26799
2025-04-13T06:26:09.568664,bronze,3,108385
2025-04-13T06:26:09.568664,silver,1,18524
2025-04-13T06:26:09.568664,silver,2,20626
2025-04-13T06:26:09.568664,silver,3,24148
2025-04-13T06:26:09.568664,gold,1,19835
2025-04-13T06:26:09.568664,gold,2,21708
2025-04-13T06:26:09.568664,gold,3,31167
2025-04-13T06:26:09.568664,platinum,1,21186
2025-04-13T06:26:09.568664,platinum,2,23565
2025-04-13T06:26:09.568664,platinum,3,28909
2025-04-13T06:26:09.568664,diamond,1,22276
2025-04-13T06:26:09.568664,diamond,2,24661
2025-04-13T06:26:09.568664,diamond,3,30528
2025-04-13T06:26:09.568664,grandmaster,1,14927
2025-04-13T06:26:09.568664,grandmaster,2,21039
2025-04-13T06:26:09.568664,grandmaster,3,36060
2025-04-13T06:26:09.568664,celestial,1,4558
2025-04-13T06:26:09.568664,celestial,2,8351
2025-04-13T06:26:09.568664,celestial,3,19037
2025-04-13T06:26:09.568664,eternity,total,7699
2025-04-13T06:26:09.568664,one_above_all,total,1039
2025-04-13T12:35:05.417001,bronze,1,21709
2025-04-13T12:35:05.417001,bronze,2,26826
2025-04-13T12:35:05.417001,bronze,3,108463
2025-04-13T12:35:05.417001,silver,1,18548
2025-04-13T12:35:05.417001,silver,2,20654
2025-04-13T12:35:05.417001,silver,3,24155
2025-04-13T12:35:05.417001,gold,1,19874
2025-04-13T12:35:05.417001,gold,2,21753
2025-04-13T12:35:05.417001,gold,3,31235
2025-04-13T12:35:05.417001,platinum,1,21252
2025-04-13T12:35:05.417001,platinum,2,23619
2025-04-13T12:35:05.417001,platinum,3,28968
2025-04-13T12:35:05.417001,diamond,1,22340
2025-04-13T12:35:05.417001,diamond,2,24770
2025-04-13T12:35:05.417001,diamond,3,30686
2025-04-13T12:35:05.417001,grandmaster,1,14981
2025-04-13T12:35:05.417001,grandmaster,2,21150
2025-04-13T12:35:05.417001,grandmaster,3,36268
2025-04-13T12:35:05.417001,celestial,1,4566
2025-04-13T12:35:05.417001,celestial,2,8387
2025-04-13T12:35:05.417001,celestial,3,19196
2025-04-13T12:35:05.417001,eternity,total,7778
2025-04-13T12:35:05.417001,one_above_all,total,1031
2025-04-13T18:24:45.969103,bronze,1,21716
2025-04-13T18:24:45.969103,bronze,2,26837
2025-04-13T18:24:45.969103,bronze,3,108488
2025-04-13T18:24:45.969103,silver,1,18551
2025-04-13T18:24:45.969103,silver,2,20660
2025-04-13T18:24:45.969103,silver,3,24166
2025-04-13T18:24:45.969103,gold,1,19883
2025-04-13T18:24:45.969103,gold,2,21765
2025-04-13T18:24:45.969103,gold,3,31261
2025-04-13T18:24:45.969103,platinum,1,21269
2025-04-13T18:24:45.969103,platinum,2,23636
2025-04-13T18:24:45.969103,platinum,3,28991
2025-04-13T18:24:45.969103,diamond,1,22367
2025-04-13T18:24:45.969103,diamond,2,24815
2025-04-13T18:24:45.969103,diamond,3,30725
2025-04-13T18:24:45.969103,grandmaster,1,14992
2025-04-13T18:24:45.969103,grandmaster,2,21197
2025-04-13T18:24:45.969103,grandmaster,3,36350
2025-04-13T18:24:45.969103,celestial,1,4573
2025-04-13T18:24:45.969103,celestial,2,8405
2025-04-13T18:24:45.969103,celestial,3,19269
2025-04-13T18:24:45.969103,eternity,total,7791
2025-04-13T18:24:45.969103,one_above_all,total,1031
2025-04-14T01:39:02.502446,bronze,1,21716
2025-04-14T01:39:02.502446,bronze,2,26837
2025-04-14T01:39:02.502446,bronze,3,108488
2025-04-14T01:39:02.502446,silver,1,18551
2025-04-14T01:39:02.502446,silver,2,20660
2025-04-14T01:39:02.502446,silver,3,24166
2025-04-14T01:39:02.502446,gold,1,19883
2025-04-14T01:39:02.502446,gold,2,21765
2025-04-14T01:39:02.502446,gold,3,31261
2025-04-14T01:39:02.502446,platinum,1,21269
2025-04-14T01:39:02.502446,platinum,2,23636
2025-04-14T01:39:02.502446,platinum,3,28991
2025-04-14T01:39:02.502446,diamond,1,22367
2025-04-14T01:39:02.502446,diamond,2,24815
2025-04-14T01:39:02.502446,diamond,3,30725
2025-04-14T01:39:02.502446,grandmaster,1,14992
2025-04-14T01:39:02.502446,grandmaster,2,21197
2025-04-14T01:39:02.502446,grandmaster,3,36350
2025-04-14T01:39:02.502446,celestial,1,4573
2025-04-14T01:39:02.502446,celestial,2,8405
2025-04-14T01:39:02.502446,celestial,3,19269
2025-04-14T01:39:02.502446,eternity,total,7791
2025-04-14T01:39:02.502446,one_above_all,total,1031
2025-04-14T06:29:35.164526,bronze,1,21720
2025-04-14T06:29:35.164526,bronze,2,26844
2025-04-14T06:29:35.164526,bronze,3,108506
2025-04-14T06:29:35.164526,silver,1,18560
2025-04-14T06:29:35.164526,silver,2,20666
2025-04-14T06:29:35.164526,silver,3,24174
2025-04-14T06:29:35.164526,gold,1,19896
2025-04-14T06:29:35.164526,gold,2,21783
2025-04-14T06:29:35.164526,gold,3,31269
2025-04-14T06:29:35.164526,platinum,1,21290
2025-04-14T06:29:35.164526,platinum,2,23662
2025-04-14T06:29:35.164526,platinum,3,29015
2025-04-14T06:29:35.164526,diamond,1,22392
2025-04-14T06:29:35.164526,diamond,2,24851
2025-04-14T06:29:35.164526,diamond,3,30767
2025-04-14T06:29:35.164526,grandmaster,1,15010
2025-04-14T06:29:35.164526,grandmaster,2,21210
2025-04-14T06:29:35.164526,grandmaster,3,36417
2025-04-14T06:29:35.164526,celestial,1,4578
2025-04-14T06:29:35.164526,celestial,2,8422
2025-04-14T06:29:35.164526,celestial,3,19315
2025-04-14T06:29:35.164526,eternity,total,7801
2025-04-14T06:29:35.164526,one_above_all,total,1032
2025-04-14T12:39:22.317041,bronze,1,21733
2025-04-14T12:39:22.317041,bronze,2,26858
2025-04-14T12:39:22.317041,bronze,3,108555
2025-04-14T12:39:22.317041,silver,1,18574
2025-04-14T12:39:22.317041,silver,2,20684
2025-04-14T12:39:22.317041,silver,3,24196
2025-04-14T12:39:22.317041,gold,1,19911
2025-04-14T12:39:22.317041,gold,2,21811
2025-04-14T12:39:22.317041,gold,3,31292
2025-04-14T12:39:22.317041,platinum,1,21325
2025-04-14T12:39:22.317041,platinum,2,23704
2025-04-14T12:39:22.317041,platinum,3,29057
2025-04-14T12:39:22.317041,diamond,1,22433
2025-04-14T12:39:22.317041,diamond,2,24894
2025-04-14T12:39:22.317041,diamond,3,30841
2025-04-14T12:39:22.317041,grandmaster,1,15052
2025-04-14T12:39:22.317041,grandmaster,2,21261
2025-04-14T12:39:22.317041,grandmaster,3,36553
2025-04-14T12:39:22.317041,celestial,1,4597
2025-04-14T12:39:22.317041,celestial,2,8447
2025-04-14T12:39:22.317041,celestial,3,19416
2025-04-14T12:39:22.317041,eternity,total,7831
2025-04-14T12:39:22.317041,one_above_all,total,1035
2025-04-14T18:27:31.110769,bronze,1,21733
2025-04-14T18:27:31.110769,bronze,2,26858
2025-04-14T18:27:31.110769,bronze,3,108555
2025-04-14T18:27:31.110769,silver,1,18574
2025-04-14T18:27:31.110769,silver,2,20684
2025-04-14T18:27:31.110769,silver,3,24196
2025-04-14T18:27:31.110769,gold,1,19911
2025-04-14T18:27:31.110769,gold,2,21811
2025-04-14T18:27:31.110769,gold,3,31292
2025-04-14T18:27:31.110769,platinum,1,21325
2025-04-14T18:27:31.110769,platinum,2,23704
2025-04-14T18:27:31.110769,platinum,3,29057
2025-04-14T18:27:31.110769,diamond,1,22433
2025-04-14T18:27:31.110769,diamond,2,24894
2025-04-14T18:27:31.110769,diamond,3,30841
2025-04-14T18:27:31.110769,grandmaster,1,15052
2025-04-14T18:27:31.110769,grandmaster,2,21261
2025-04-14T18:27:31.110769,grandmaster,3,36553
2025-04-14T18:27:31.110769,celestial,1,4597
2025-04-14T18:27:31.110769,celestial,2,8447
2025-04-14T18:27:31.110769,celestial,3,19416
2025-04-14T18:27:31.110769,eternity,total,7831
2025-04-14T18:27:31.110769,one_above_all,total,1035
2025-04-15T01:38:10.951754,bronze,1,21762
2025-04-15T01:38:10.951754,bronze,2,26885
2025-04-15T01:38:10.951754,bronze,3,108650
2025-04-15T01:38:10.951754,silver,1,18594
2025-04-15T01:38:10.951754,silver,2,20697
2025-04-15T01:38:10.951754,silver,3,24224
2025-04-15T01:38:10.951754,gold,1,19952
2025-04-15T01:38:10.951754,gold,2,21847
2025-04-15T01:38:10.951754,gold,3,31369
2025-04-15T01:38:10.951754,platinum,1,21397
2025-04-15T01:38:10.951754,platinum,2,23752
2025-04-15T01:38:10.951754,platinum,3,29116
2025-04-15T01:38:10.951754,diamond,1,22523
2025-04-15T01:38:10.951754,diamond,2,24969
2025-04-15T01:38:10.951754,diamond,3,30982
2025-04-15T01:38:10.951754,grandmaster,1,15100
2025-04-15T01:38:10.951754,grandmaster,2,21360
2025-04-15T01:38:10.951754,grandmaster,3,36784
2025-04-15T01:38:10.951754,celestial,1,4599
2025-04-15T01:38:10.951754,celestial,2,8481
2025-04-15T01:38:10.951754,celestial,3,19573
2025-04-15T01:38:10.951754,eternity,total,7869
2025-04-15T01:38:10.951754,one_above_all,total,1034
2025-04-15T06:28:01.363789,bronze,1,21762
2025-04-15T06:28:01.363789,bronze,2,26885
2025-04-15T06:28:01.363789,bronze,3,108650
2025-04-15T06:28:01.363789,silver,1,18594
2025-04-15T06:28:01.363789,silver,2,20697
2025-04-15T06:28:01.363789,silver,3,24224
2025-04-15T06:28:01.363789,gold,1,19952
2025-04-15T06:28:01.363789,gold,2,21847
2025-04-15T06:28:01.363789,gold,3,31369
2025-04-15T06:28:01.363789,platinum,1,21397
2025-04-15T06:28:01.363789,platinum,2,23752
2025-04-15T06:28:01.363789,platinum,3,29116
2025-04-15T06:28:01.363789,diamond,1,22523
2025-04-15T06:28:01.363789,diamond,2,24969
2025-04-15T06:28:01.363789,diamond,3,30982
2025-04-15T06:28:01.363789,grandmaster,1,15100
2025-04-15T06:28:01.363789,grandmaster,2,21360
2025-04-15T06:28:01.363789,grandmaster,3,36784
2025-04-15T06:28:01.363789,celestial,1,4599
2025-04-15T06:28:01.363789,celestial,2,8481
2025-04-15T06:28:01.363789,celestial,3,19573
2025-04-15T06:28:01.363789,eternity,total,7869
2025-04-15T06:28:01.363789,one_above_all,total,1034
2025-04-15T12:38:46.531079,bronze,1,21771
2025-04-15T12:38:46.531079,bronze,2,26896
2025-04-15T12:38:46.531079,bronze,3,108719
2025-04-15T12:38:46.531079,silver,1,18598
2025-04-15T12:38:46.531079,silver,2,20707
2025-04-15T12:38:46.531079,silver,3,24250
2025-04-15T12:38:46.531079,gold,1,19974
2025-04-15T12:38:46.531079,gold,2,21876
2025-04-15T12:38:46.531079,gold,3,31399
2025-04-15T12:38:46.531079,platinum,1,21439
2025-04-15T12:38:46.531079,platinum,2,23792
2025-04-15T12:38:46.531079,platinum,3,29191
2025-04-15T12:38:46.531079,diamond,1,22574
2025-04-15T12:38:46.531079,diamond,2,25024
2025-04-15T12:38:46.531079,diamond,3,31054
2025-04-15T12:38:46.531079,grandmaster,1,15137
2025-04-15T12:38:46.531079,grandmaster,2,21425
2025-04-15T12:38:46.531079,grandmaster,3,36926
2025-04-15T12:38:46.531079,celestial,1,4597
2025-04-15T12:38:46.531079,celestial,2,8506
2025-04-15T12:38:46.531079,celestial,3,19669
2025-04-15T12:38:46.531079,eternity,total,7897
2025-04-15T12:38:46.531079,one_above_all,total,1033
2025-04-15T18:25:24.365965,bronze,1,21784
2025-04-15T18:25:24.365965,bronze,2,26902
2025-04-15T18:25:24.365965,bronze,3,108745
2025-04-15T18:25:24.365965,silver,1,18601
2025-04-15T18:25:24.365965,silver,2,20713
2025-04-15T18:25:24.365965,silver,3,24266
2025-04-15T18:25:24.365965,gold,1,19985
2025-04-15T18:25:24.365965,gold,2,21887
2025-04-15T18:25:24.365965,gold,3,31419
2025-04-15T18:25:24.365965,platinum,1,21469
2025-04-15T18:25:24.365965,platinum,2,23803
2025-04-15T18:25:24.365965,platinum,3,29217
2025-04-15T18:25:24.365965,diamond,1,22601
2025-04-15T18:25:24.365965,diamond,2,25071
2025-04-15T18:25:24.365965,diamond,3,31108
2025-04-15T18:25:24.365965,grandmaster,1,15159
2025-04-15T18:25:24.365965,grandmaster,2,21481
2025-04-15T18:25:24.365965,grandmaster,3,37014
2025-04-15T18:25:24.365965,celestial,1,4597
2025-04-15T18:25:24.365965,celestial,2,8523
2025-04-15T18:25:24.365965,celestial,3,19716
2025-04-15T18:25:24.365965,eternity,total,7921
2025-04-15T18:25:24.365965,one_above_all,total,1032
2025-04-16T01:37:50.912036,bronze,1,21805
2025-04-16T01:37:50.912036,bronze,2,26923
2025-04-16T01:37:50.912036,bronze,3,108804
2025-04-16T01:37:50.912036,silver,1,18616
2025-04-16T01:37:50.912036,silver,2,20729
2025-04-16T01:37:50.912036,silver,3,24274
2025-04-16T01:37:50.912036,gold,1,20009
2025-04-16T01:37:50.912036,gold,2,21909
2025-04-16T01:37:50.912036,gold,3,31454
2025-04-16T01:37:50.912036,platinum,1,21504
2025-04-16T01:37:50.912036,platinum,2,23836
2025-04-16T01:37:50.912036,platinum,3,29278
2025-04-16T01:37:50.912036,diamond,1,22645
2025-04-16T01:37:50.912036,diamond,2,25118
2025-04-16T01:37:50.912036,diamond,3,31155
2025-04-16T01:37:50.912036,grandmaster,1,15199
2025-04-16T01:37:50.912036,grandmaster,2,21538
2025-04-16T01:37:50.912036,grandmaster,3,37153
2025-04-16T01:37:50.912036,celestial,1,4600
2025-04-16T01:37:50.912036,celestial,2,8540
2025-04-16T01:37:50.912036,celestial,3,19800
2025-04-16T01:37:50.912036,eternity,total,7943
2025-04-16T01:37:50.912036,one_above_all,total,1030
2025-04-16T06:28:20.821263,bronze,1,21805
2025-04-16T06:28:20.821263,bronze,2,26923
2025-04-16T06:28:20.821263,bronze,3,108804
2025-04-16T06:28:20.821263,silver,1,18616
2025-04-16T06:28:20.821263,silver,2,20729
2025-04-16T06:28:20.821263,silver,3,24274
2025-04-16T06:28:20.821263,gold,1,20009
2025-04-16T06:28:20.821263,gold,2,21909
2025-04-16T06:28:20.821263,gold,3,31454
2025-04-16T06:28:20.821263,platinum,1,21504
2025-04-16T06:28:20.821263,platinum,2,23836
2025-04-16T06:28:20.821263,platinum,3,29278
2025-04-16T06:28:20.821263,diamond,1,22645
2025-04-16T06:28:20.821263,diamond,2,25118
2025-04-16T06:28:20.821263,diamond,3,31155
2025-04-16T06:28:20.821263,grandmaster,1,15199
2025-04-16T06:28:20.821263,grandmaster,2,21538
2025-04-16T06:28:20.821263,grandmaster,3,37153
2025-04-16T06:28:20.821263,celestial,1,4600
2025-04-16T06:28:20.821263,celestial,2,8540
2025-04-16T06:28:20.821263,celestial,3,19800
2025-04-16T06:28:20.821263,eternity,total,7943
2025-04-16T06:28:20.821263,one_above_all,total,1030
2025-04-16T12:39:13.587323,bronze,1,21808
2025-04-16T12:39:13.587323,bronze,2,26940
2025-04-16T12:39:13.587323,bronze,3,108845
2025-04-16T12:39:13.587323,silver,1,18632
2025-04-16T12:39:13.587323,silver,2,20748
2025-04-16T12:39:13.587323,silver,3,24291
2025-04-16T12:39:13.587323,gold,1,20028
2025-04-16T12:39:13.587323,gold,2,21927
2025-04-16T12:39:13.587323,gold,3,31489
2025-04-16T12:39:13.587323,platinum,1,21539
2025-04-16T12:39:13.587323,platinum,2,23865
2025-04-16T12:39:13.587323,platinum,3,29312
2025-04-16T12:39:13.587323,diamond,1,22696
2025-04-16T12:39:13.587323,diamond,2,25160
2025-04-16T12:39:13.587323,diamond,3,31224
2025-04-16T12:39:13.587323,grandmaster,1,15225
2025-04-16T12:39:13.587323,grandmaster,2,21582
2025-04-16T12:39:13.587323,grandmaster,3,37259
2025-04-16T12:39:13.587323,celestial,1,4617
2025-04-16T12:39:13.587323,celestial,2,8568
2025-04-16T12:39:13.587323,celestial,3,19880
2025-04-16T12:39:13.587323,eternity,total,7958
2025-04-16T12:39:13.587323,one_above_all,total,1029
2025-04-16T18:27:51.067041,bronze,1,21815
2025-04-16T18:27:51.067041,bronze,2,26950
2025-04-16T18:27:51.067041,bronze,3,108896
2025-04-16T18:27:51.067041,silver,1,18645
2025-04-16T18:27:51.067041,silver,2,20755
2025-04-16T18:27:51.067041,silver,3,24307
2025-04-16T18:27:51.067041,gold,1,20048
2025-04-16T18:27:51.067041,gold,2,21950
2025-04-16T18:27:51.067041,gold,3,31513
2025-04-16T18:27:51.067041,platinum,1,21572
2025-04-16T18:27:51.067041,platinum,2,23887
2025-04-16T18:27:51.067041,platinum,3,29329
2025-04-16T18:27:51.067041,diamond,1,22739
2025-04-16T18:27:51.067041,diamond,2,25191
2025-04-16T18:27:51.067041,diamond,3,31283
2025-04-16T18:27:51.067041,grandmaster,1,15273
2025-04-16T18:27:51.067041,grandmaster,2,21620
2025-04-16T18:27:51.067041,grandmaster,3,37358
2025-04-16T18:27:51.067041,celestial,1,4621
2025-04-16T18:27:51.067041,celestial,2,8584
2025-04-16T18:27:51.067041,celestial,3,19941
2025-04-16T18:27:51.067041,eternity,total,7979
2025-04-16T18:27:51.067041,one_above_all,total,1028
2025-04-17T01:36:25.444794,bronze,1,21829
2025-04-17T01:36:25.444794,bronze,2,26964
2025-04-17T01:36:25.444794,bronze,3,108950
2025-04-17T01:36:25.444794,silver,1,18657
2025-04-17T01:36:25.444794,silver,2,20775
2025-04-17T01:36:25.444794,silver,3,24315
2025-04-17T01:36:25.444794,gold,1,20074
2025-04-17T01:36:25.444794,gold,2,21973
2025-04-17T01:36:25.444794,gold,3,31547
2025-04-17T01:36:25.444794,platinum,1,21627
2025-04-17T01:36:25.444794,platinum,2,23933
2025-04-17T01:36:25.444794,platinum,3,29397
2025-04-17T01:36:25.444794,diamond,1,22797
2025-04-17T01:36:25.444794,diamond,2,25248
2025-04-17T01:36:25.444794,diamond,3,31359
2025-04-17T01:36:25.444794,grandmaster,1,15311
2025-04-17T01:36:25.444794,grandmaster,2,21681
2025-04-17T01:36:25.444794,grandmaster,3,37497
2025-04-17T01:36:25.444794,celestial,1,4624
2025-04-17T01:36:25.444794,celestial,2,8593
2025-04-17T01:36:25.444794,celestial,3,20017
2025-04-17T01:36:25.444794,eternity,total,8007
2025-04-17T01:36:25.444794,one_above_all,total,1024
2025-04-17T06:27:47.173921,bronze,1,21829
2025-04-17T06:27:47.173921,bronze,2,26964
2025-04-17T06:27:47.173921,bronze,3,108950
2025-04-17T06:27:47.173921,silver,1,18657
2025-04-17T06:27:47.173921,silver,2,20775
2025-04-17T06:27:47.173921,silver,3,24315
2025-04-17T06:27:47.173921,gold,1,20074
2025-04-17T06:27:47.173921,gold,2,21973
2025-04-17T06:27:47.173921,gold,3,31547
2025-04-17T06:27:47.173921,platinum,1,21627
2025-04-17T06:27:47.173921,platinum,2,23933
2025-04-17T06:27:47.173921,platinum,3,29397
2025-04-17T06:27:47.173921,diamond,1,22797
2025-04-17T06:27:47.173921,diamond,2,25248
2025-04-17T06:27:47.173921,diamond,3,31359
2025-04-17T06:27:47.173921,grandmaster,1,15311
2025-04-17T06:27:47.173921,grandmaster,2,21681
2025-04-17T06:27:47.173921,grandmaster,3,37497
2025-04-17T06:27:47.173921,celestial,1,4624
2025-04-17T06:27:47.173921,celestial,2,8593
2025-04-17T06:27:47.173921,celestial,3,20017
2025-04-17T06:27:47.173921,eternity,total,8007
2025-04-17T06:27:47.173921,one_above_all,total,1024
2025-04-17T12:38:31.462453,bronze,1,21839
2025-04-17T12:38:31.462453,bronze,2,26970
2025-04-17T12:38:31.462453,bronze,3,109017
2025-04-17T12:38:31.462453,silver,1,18675
2025-04-17T12:38:31.462453,silver,2,20784
2025-04-17T12:38:31.462453,silver,3,24335
2025-04-17T12:38:31.462453,gold,1,20102
2025-04-17T12:38:31.462453,gold,2,21994
2025-04-17T12:38:31.462453,gold,3,31578
2025-04-17T12:38:31.462453,platinum,1,21670
2025-04-17T12:38:31.462453,platinum,2,23976
2025-04-17T12:38:31.462453,platinum,3,29439
2025-04-17T12:38:31.462453,diamond,1,22852
2025-04-17T12:38:31.462453,diamond,2,25310
2025-04-17T12:38:31.462453,diamond,3,31411
2025-04-17T12:38:31.462453,grandmaster,1,15362
2025-04-17T12:38:31.462453,grandmaster,2,21740
2025-04-17T12:38:31.462453,grandmaster,3,37631
2025-04-17T12:38:31.462453,celestial,1,4625
2025-04-17T12:38:31.462453,celestial,2,8602
2025-04-17T12:38:31.462453,celestial,3,20108
2025-04-17T12:38:31.462453,eternity,total,8046
2025-04-17T12:38:31.462453,one_above_all,total,1022
2025-04-17T18:26:43.840469,bronze,1,21854
2025-04-17T18:26:43.840469,bronze,2,26977
2025-04-17T18:26:43.840469,bronze,3,109065
2025-04-17T18:26:43.840469,silver,1,18689
2025-04-17T18:26:43.840469,silver,2,20800
2025-04-17T18:26:43.840469,silver,3,24341
2025-04-17T18:26:43.840469,gold,1,20119
2025-04-17T18:26:43.840469,gold,2,22004
2025-04-17T18:26:43.840469,gold,3,31599
2025-04-17T18:26:43.840469,platinum,1,21695
2025-04-17T18:26:43.840469,platinum,2,24000
2025-04-17T18:26:43.840469,platinum,3,29464
2025-04-17T18:26:43.840469,diamond,1,22886
2025-04-17T18:26:43.840469,diamond,2,25361
2025-04-17T18:26:43.840469,diamond,3,31454
2025-04-17T18:26:43.840469,grandmaster,1,15386
2025-04-17T18:26:43.840469,grandmaster,2,21764
2025-04-17T18:26:43.840469,grandmaster,3,37727
2025-04-17T18:26:43.840469,celestial,1,4631
2025-04-17T18:26:43.840469,celestial,2,8605
2025-04-17T18:26:43.840469,celestial,3,20153
2025-04-17T18:26:43.840469,eternity,total,8070
2025-04-17T18:26:43.840469,one_above_all,total,1021
2025-04-18T01:27:18.354627,bronze,1,21868
2025-04-18T01:27:18.354627,bronze,2,26990
2025-04-18T01:27:18.354627,bronze,3,109129
2025-04-18T01:27:18.354627,silver,1,18702
2025-04-18T01:27:18.354627,silver,2,20819
2025-04-18T01:27:18.354627,silver,3,24357
2025-04-18T01:27:18.354627,gold,1,20144
2025-04-18T01:27:18.354627,gold,2,22031
2025-04-18T01:27:18.354627,gold,3,31641
2025-04-18T01:27:18.354627,platinum,1,21752
2025-04-18T01:27:18.354627,platinum,2,24036
2025-04-18T01:27:18.354627,platinum,3,29513
2025-04-18T01:27:18.354627,diamond,1,22942
2025-04-18T01:27:18.354627,diamond,2,25406
2025-04-18T01:27:18.354627,diamond,3,31503
2025-04-18T01:27:18.354627,grandmaster,1,15417
2025-04-18T01:27:18.354627,grandmaster,2,21826
2025-04-18T01:27:18.354627,grandmaster,3,37850
2025-04-18T01:27:18.354627,celestial,1,4634
2025-04-18T01:27:18.354627,celestial,2,8616
2025-04-18T01:27:18.354627,celestial,3,20233
2025-04-18T01:27:18.354627,eternity,total,8090
2025-04-18T01:27:18.354627,one_above_all,total,1023
2025-04-18T06:27:49.368103,bronze,1,21868
2025-04-18T06:27:49.368103,bronze,2,26990
2025-04-18T06:27:49.368103,bronze,3,109129
2025-04-18T06:27:49.368103,silver,1,18702
2025-04-18T06:27:49.368103,silver,2,20819
2025-04-18T06:27:49.368103,silver,3,24357
2025-04-18T06:27:49.368103,gold,1,20144
2025-04-18T06:27:49.368103,gold,2,22031
2025-04-18T06:27:49.368103,gold,3,31641
2025-04-18T06:27:49.368103,platinum,1,21752
2025-04-18T06:27:49.368103,platinum,2,24036
2025-04-18T06:27:49.368103,platinum,3,29513
2025-04-18T06:27:49.368103,diamond,1,22942
2025-04-18T06:27:49.368103,diamond,2,25406
2025-04-18T06:27:49.368103,diamond,3,31503
2025-04-18T06:27:49.368103,grandmaster,1,15417
2025-04-18T06:27:49.368103,grandmaster,2,21826
2025-04-18T06:27:49.368103,grandmaster,3,37850
2025-04-18T06:27:49.368103,celestial,1,4634
2025-04-18T06:27:49.368103,celestial,2,8616
2025-04-18T06:27:49.368103,celestial,3,20233
2025-04-18T06:27:49.368103,eternity,total,8090
2025-04-18T06:27:49.368103,one_above_all,total,1023
2025-04-18T12:37:06.224860,bronze,1,21876
2025-04-18T12:37:06.224860,bronze,2,26997
2025-04-18T12:37:06.224860,bronze,3,109170
2025-04-18T12:37:06.224860,silver,1,18712
2025-04-18T12:37:06.224860,silver,2,20836
2025-04-18T12:37:06.224860,silver,3,24376
2025-04-18T12:37:06.224860,gold,1,20158
2025-04-18T12:37:06.224860,gold,2,22052
2025-04-18T12:37:06.224860,gold,3,31678
2025-04-18T12:37:06.224860,platinum,1,21796
2025-04-18T12:37:06.224860,platinum,2,24052
2025-04-18T12:37:06.224860,platinum,3,29574
2025-04-18T12:37:06.224860,diamond,1,23018
2025-04-18T12:37:06.224860,diamond,2,25450
2025-04-18T12:37:06.224860,diamond,3,31571
2025-04-18T12:37:06.224860,grandmaster,1,15445
2025-04-18T12:37:06.224860,grandmaster,2,21871
2025-04-18T12:37:06.224860,grandmaster,3,37986
2025-04-18T12:37:06.224860,celestial,1,4642
2025-04-18T12:37:06.224860,celestial,2,8636
2025-04-18T12:37:06.224860,celestial,3,20311
2025-04-18T12:37:06.224860,eternity,total,8125
2025-04-18T12:37:06.224860,one_above_all,total,1022
2025-04-18T18:26:07.092361,bronze,1,21876
2025-04-18T18:26:07.092361,bronze,2,27015
2025-04-18T18:26:07.092361,bronze,3,109196
2025-04-18T18:26:07.092361,silver,1,18725
2025-04-18T18:26:07.092361,silver,2,20853
2025-04-18T18:26:07.092361,silver,3,24387
2025-04-18T18:26:07.092361,gold,1,20172
2025-04-18T18:26:07.092361,gold,2,22068
2025-04-18T18:26:07.092361,gold,3,31700
2025-04-18T18:26:07.092361,platinum,1,21823
2025-04-18T18:26:07.092361,platinum,2,24085
2025-04-18T18:26:07.092361,platinum,3,29594
2025-04-18T18:26:07.092361,diamond,1,23053
2025-04-18T18:26:07.092361,diamond,2,25496
2025-04-18T18:26:07.092361,diamond,3,31611
2025-04-18T18:26:07.092361,grandmaster,1,15485
2025-04-18T18:26:07.092361,grandmaster,2,21919
2025-04-18T18:26:07.092361,grandmaster,3,38054
2025-04-18T18:26:07.092361,celestial,1,4641
2025-04-18T18:26:07.092361,celestial,2,8654
2025-04-18T18:26:07.092361,celestial,3,20362
2025-04-18T18:26:07.092361,eternity,total,8149
2025-04-18T18:26:07.092361,one_above_all,total,1020
2025-04-19T01:25:00.316290,bronze,1,21886
2025-04-19T01:25:00.316290,bronze,2,27028
2025-04-19T01:25:00.316290,bronze,3,109264
2025-04-19T01:25:00.316290,silver,1,18732
2025-04-19T01:25:00.316290,silver,2,20865
2025-04-19T01:25:00.316290,silver,3,24402
2025-04-19T01:25:00.316290,gold,1,20181
2025-04-19T01:25:00.316290,gold,2,22085
2025-04-19T01:25:00.316290,gold,3,31742
2025-04-19T01:25:00.316290,platinum,1,21855
2025-04-19T01:25:00.316290,platinum,2,24131
2025-04-19T01:25:00.316290,platinum,3,29639
2025-04-19T01:25:00.316290,diamond,1,23117
2025-04-19T01:25:00.316290,diamond,2,25542
2025-04-19T01:25:00.316290,diamond,3,31683
2025-04-19T01:25:00.316290,grandmaster,1,15522
2025-04-19T01:25:00.316290,grandmaster,2,21981
2025-04-19T01:25:00.316290,grandmaster,3,38191
2025-04-19T01:25:00.316290,celestial,1,4650
2025-04-19T01:25:00.316290,celestial,2,8674
2025-04-19T01:25:00.316290,celestial,3,20441
2025-04-19T01:25:00.316290,eternity,total,8169
2025-04-19T01:25:00.316290,one_above_all,total,1017
2025-04-19T06:25:59.861120,bronze,1,21886
2025-04-19T06:25:59.861120,bronze,2,27028
2025-04-19T06:25:59.861120,bronze,3,109264
2025-04-19T06:25:59.861120,silver,1,18732
2025-04-19T06:25:59.861120,silver,2,20865
2025-04-19T06:25:59.861120,silver,3,24402
2025-04-19T06:25:59.861120,gold,1,20181
2025-04-19T06:25:59.861120,gold,2,22085
2025-04-19T06:25:59.861120,gold,3,31742
2025-04-19T06:25:59.861120,platinum,1,21855
2025-04-19T06:25:59.861120,platinum,2,24131
2025-04-19T06:25:59.861120,platinum,3,29639
2025-04-19T06:25:59.861120,diamond,1,23117
2025-04-19T06:25:59.861120,diamond,2,25542
2025-04-19T06:25:59.861120,diamond,3,31683
2025-04-19T06:25:59.861120,grandmaster,1,15522
2025-04-19T06:25:59.861120,grandmaster,2,21981
2025-04-19T06:25:59.861120,grandmaster,3,38191
2025-04-19T06:25:59.861120,celestial,1,4650
2025-04-19T06:25:59.861120,celestial,2,8674
2025-04-19T06:25:59.861120,celestial,3,20441
2025-04-19T06:25:59.861120,eternity,total,8169
2025-04-19T06:25:59.861120,one_above_all,total,1017
2025-04-19T12:34:29.629724,bronze,1,21901
2025-04-19T12:34:29.629724,bronze,2,27046
2025-04-19T12:34:29.629724,bronze,3,109319
2025-04-19T12:34:29.629724,silver,1,18747
2025-04-19T12:34:29.629724,silver,2,20870
2025-04-19T12:34:29.629724,silver,3,24417
2025-04-19T12:34:29.629724,gold,1,20209
2025-04-19T12:34:29.629724,gold,2,22108
2025-04-19T12:34:29.629724,gold,3,31781
2025-04-19T12:34:29.629724,platinum,1,21892
2025-04-19T12:34:29.629724,platinum,2,24161
2025-04-19T12:34:29.629724,platinum,3,29675
2025-04-19T12:34:29.629724,diamond,1,23174
2025-04-19T12:34:29.629724,diamond,2,25599
2025-04-19T12:34:29.629724,diamond,3,31744
2025-04-19T12:34:29.629724,grandmaster,1,15568
2025-04-19T12:34:29.629724,grandmaster,2,22039
2025-04-19T12:34:29.629724,grandmaster,3,38294
2025-04-19T12:34:29.629724,celestial,1,4659
2025-04-19T12:34:29.629724,celestial,2,8689
2025-04-19T12:34:29.629724,celestial,3,20519
2025-04-19T12:34:29.629724,eternity,total,8193
2025-04-19T12:34:29.629724,one_above_all,total,1015
2025-04-19T18:23:52.530227,bronze,1,21907
2025-04-19T18:23:52.530227,bronze,2,27044
2025-04-19T18:23:52.530227,bronze,3,109345
2025-04-19T18:23:52.530227,silver,1,18754
2025-04-19T18:23:52.530227,silver,2,20883
2025-04-19T18:23:52.530227,silver,3,24427
2025-04-19T18:23:52.530227,gold,1,20224
2025-04-19T18:23:52.530227,gold,2,22133
2025-04-19T18:23:52.530227,gold,3,31803
2025-04-19T18:23:52.530227,platinum,1,21902
2025-04-19T18:23:52.530227,platinum,2,24180
2025-04-19T18:23:52.530227,platinum,3,29689
2025-04-19T18:23:52.530227,diamond,1,23199
2025-04-19T18:23:52.530227,diamond,2,25631
2025-04-19T18:23:52.530227,diamond,3,31784
2025-04-19T18:23:52.530227,grandmaster,1,15593
2025-04-19T18:23:52.530227,grandmaster,2,22080
2025-04-19T18:23:52.530227,grandmaster,3,38404
2025-04-19T18:23:52.530227,celestial,1,4668
2025-04-19T18:23:52.530227,celestial,2,8698
2025-04-19T18:23:52.530227,celestial,3,20573
2025-04-19T18:23:52.530227,eternity,total,8213
2025-04-19T18:23:52.530227,one_above_all,total,1013
2025-04-20T01:41:58.962492,bronze,1,21917
2025-04-20T01:41:58.962492,bronze,2,27063
2025-04-20T01:41:58.962492,bronze,3,109402
2025-04-20T01:41:58.962492,silver,1,18769
2025-04-20T01:41:58.962492,silver,2,20891
2025-04-20T01:41:58.962492,silver,3,24446
2025-04-20T01:41:58.962492,gold,1,20249
2025-04-20T01:41:58.962492,gold,2,22151
2025-04-20T01:41:58.962492,gold,3,31839
2025-04-20T01:41:58.962492,platinum,1,21940
2025-04-20T01:41:58.962492,platinum,2,24214
2025-04-20T01:41:58.962492,platinum,3,29733
2025-04-20T01:41:58.962492,diamond,1,23243
2025-04-20T01:41:58.962492,diamond,2,25692
2025-04-20T01:41:58.962492,diamond,3,31861
2025-04-20T01:41:58.962492,grandmaster,1,15646
2025-04-20T01:41:58.962492,grandmaster,2,22125
2025-04-20T01:41:58.962492,grandmaster,3,38506
2025-04-20T01:41:58.962492,celestial,1,4672
2025-04-20T01:41:58.962492,celestial,2,8711
2025-04-20T01:41:58.962492,celestial,3,20646
2025-04-20T01:41:58.962492,eternity,total,8248
2025-04-20T01:41:58.962492,one_above_all,total,1011
2025-04-20T06:26:12.189406,bronze,1,21917
2025-04-20T06:26:12.189406,bronze,2,27063
2025-04-20T06:26:12.189406,bronze,3,109402
2025-04-20T06:26:12.189406,silver,1,18769
2025-04-20T06:26:12.189406,silver,2,20891
2025-04-20T06:26:12.189406,silver,3,24446
2025-04-20T06:26:12.189406,gold,1,20249
2025-04-20T06:26:12.189406,gold,2,22151
2025-04-20T06:26:12.189406,gold,3,31839
2025-04-20T06:26:12.189406,platinum,1,21940
2025-04-20T06:26:12.189406,platinum,2,24214
2025-04-20T06:26:12.189406,platinum,3,29733
2025-04-20T06:26:12.189406,diamond,1,23243
2025-04-20T06:26:12.189406,diamond,2,25692
2025-04-20T06:26:12.189406,diamond,3,31861
2025-04-20T06:26:12.189406,grandmaster,1,15646
2025-04-20T06:26:12.189406,grandmaster,2,22125
2025-04-20T06:26:12.189406,grandmaster,3,38506
2025-04-20T06:26:12.189406,celestial,1,4672
2025-04-20T06:26:12.189406,celestial,2,8711
2025-04-20T06:26:12.189406,celestial,3,20646
2025-04-20T06:26:12.189406,eternity,total,8248
2025-04-20T06:26:12.189406,one_above_all,total,1011
2025-04-20T12:35:00.343565,bronze,1,21926
2025-04-20T12:35:00.343565,bronze,2,27075
2025-04-20T12:35:00.343565,bronze,3,109450
2025-04-20T12:35:00.343565,silver,1,18785
2025-04-20T12:35:00.343565,silver,2,20899
2025-04-20T12:35:00.343565,silver,3,24457
2025-04-20T12:35:00.343565,gold,1,20268
2025-04-20T12:35:00.343565,gold,2,22179
2025-04-20T12:35:00.343565,gold,3,31870
2025-04-20T12:35:00.343565,platinum,1,21957
2025-04-20T12:35:00.343565,platinum,2,24249
2025-04-20T12:35:00.343565,platinum,3,29777
2025-04-20T12:35:00.343565,diamond,1,23301
2025-04-20T12:35:00.343565,diamond,2,25750
2025-04-20T12:35:00.343565,diamond,3,31930
2025-04-20T12:35:00.343565,grandmaster,1,15683
2025-04-20T12:35:00.343565,grandmaster,2,22173
2025-04-20T12:35:00.343565,grandmaster,3,38638
2025-04-20T12:35:00.343565,celestial,1,4671
2025-04-20T12:35:00.343565,celestial,2,8737
2025-04-20T12:35:00.343565,celestial,3,20713
2025-04-20T12:35:00.343565,eternity,total,8277
2025-04-20T12:35:00.343565,one_above_all,total,1010
2025-04-20T18:24:32.919929,bronze,1,21935
2025-04-20T18:24:32.919929,bronze,2,27090
2025-04-20T18:24:32.919929,bronze,3,109479
2025-04-20T18:24:32.919929,silver,1,18791
2025-04-20T18:24:32.919929,silver,2,20910
2025-04-20T18:24:32.919929,silver,3,24470
2025-04-20T18:24:32.919929,gold,1,20288
2025-04-20T18:24:32.919929,gold,2,22201
2025-04-20T18:24:32.919929,gold,3,31891
2025-04-20T18:24:32.919929,platinum,1,21998
2025-04-20T18:24:32.919929,platinum,2,24273
2025-04-20T18:24:32.919929,platinum,3,29813
2025-04-20T18:24:32.919929,diamond,1,23325
2025-04-20T18:24:32.919929,diamond,2,25793
2025-04-20T18:24:32.919929,diamond,3,31967
2025-04-20T18:24:32.919929,grandmaster,1,15709
2025-04-20T18:24:32.919929,grandmaster,2,22239
2025-04-20T18:24:32.919929,grandmaster,3,38740
2025-04-20T18:24:32.919929,celestial,1,4679
2025-04-20T18:24:32.919929,celestial,2,8760
2025-04-20T18:24:32.919929,celestial,3,20768
2025-04-20T18:24:32.919929,eternity,total,8291
2025-04-20T18:24:32.919929,one_above_all,total,1012
2025-04-21T01:41:13.701919,bronze,1,21949
2025-04-21T01:41:13.701919,bronze,2,27104
2025-04-21T01:41:13.701919,bronze,3,109532
2025-04-21T01:41:13.701919,silver,1,18800
2025-04-21T01:41:13.701919,silver,2,20920
2025-04-21T01:41:13.701919,silver,3,24479
2025-04-21T01:41:13.701919,gold,1,20308
2025-04-21T01:41:13.701919,gold,2,22223
2025-04-21T01:41:13.701919,gold,3,31924
2025-04-21T01:41:13.701919,platinum,1,22035
2025-04-21T01:41:13.701919,platinum,2,24316
2025-04-21T01:41:13.701919,platinum,3,29859
2025-04-21T01:41:13.701919,diamond,1,23371
2025-04-21T01:41:13.701919,diamond,2,25861
2025-04-21T01:41:13.701919,diamond,3,32038
2025-04-21T01:41:13.701919,grandmaster,1,15716
2025-04-21T01:41:13.701919,grandmaster,2,22306
2025-04-21T01:41:13.701919,grandmaster,3,38837
2025-04-21T01:41:13.701919,celestial,1,4684
2025-04-21T01:41:13.701919,celestial,2,8779
2025-04-21T01:41:13.701919,celestial,3,20847
2025-04-21T01:41:13.701919,eternity,total,8321
2025-04-21T01:41:13.701919,one_above_all,total,1009
2025-04-21T06:27:57.256306,bronze,1,21949
2025-04-21T06:27:57.256306,bronze,2,27104
2025-04-21T06:27:57.256306,bronze,3,109532
2025-04-21T06:27:57.256306,silver,1,18800
2025-04-21T06:27:57.256306,silver,2,20920
2025-04-21T06:27:57.256306,silver,3,24479
2025-04-21T06:27:57.256306,gold,1,20308
2025-04-21T06:27:57.256306,gold,2,22223
2025-04-21T06:27:57.256306,gold,3,31924
2025-04-21T06:27:57.256306,platinum,1,22035
2025-04-21T06:27:57.256306,platinum,2,24316
2025-04-21T06:27:57.256306,platinum,3,29859
2025-04-21T06:27:57.256306,diamond,1,23371
2025-04-21T06:27:57.256306,diamond,2,25861
2025-04-21T06:27:57.256306,diamond,3,32038
2025-04-21T06:27:57.256306,grandmaster,1,15716
2025-04-21T06:27:57.256306,grandmaster,2,22306
2025-04-21T06:27:57.256306,grandmaster,3,38837
2025-04-21T06:27:57.256306,celestial,1,4684
2025-04-21T06:27:57.256306,celestial,2,8779
2025-04-21T06:27:57.256306,celestial,3,20847
2025-04-21T06:27:57.256306,eternity,total,8321
2025-04-21T06:27:57.256306,one_above_all,total,1009
2025-04-21T12:38:08.742743,bronze,1,21962
2025-04-21T12:38:08.742743,bronze,2,27119
2025-04-21T12:38:08.742743,bronze,3,109571
2025-04-21T12:38:08.742743,silver,1,18812
2025-04-21T12:38:08.742743,silver,2,20937
2025-04-21T12:38:08.742743,silver,3,24494
2025-04-21T12:38:08.742743,gold,1,20324
2025-04-21T12:38:08.742743,gold,2,22261
2025-04-21T12:38:08.742743,gold,3,31971
2025-04-21T12:38:08.742743,platinum,1,22072
2025-04-21T12:38:08.742743,platinum,2,24348
2025-04-21T12:38:08.742743,platinum,3,29910
2025-04-21T12:38:08.742743,diamond,1,23409
2025-04-21T12:38:08.742743,diamond,2,25927
2025-04-21T12:38:08.742743,diamond,3,32111
2025-04-21T12:38:08.742743,grandmaster,1,15757
2025-04-21T12:38:08.742743,grandmaster,2,22363
2025-04-21T12:38:08.742743,grandmaster,3,38975
2025-04-21T12:38:08.742743,celestial,1,4673
2025-04-21T12:38:08.742743,celestial,2,8805
2025-04-21T12:38:08.742743,celestial,3,20920
2025-04-21T12:38:08.742743,eternity,total,8349
2025-04-21T12:38:08.742743,one_above_all,total,1011
2025-04-21T18:26:48.911648,bronze,1,21976
2025-04-21T18:26:48.911648,bronze,2,27132
2025-04-21T18:26:48.911648,bronze,3,109611
2025-04-21T18:26:48.911648,silver,1,18827
2025-04-21T18:26:48.911648,silver,2,20950
2025-04-21T18:26:48.911648,silver,3,24511
2025-04-21T18:26:48.911648,gold,1,20333
2025-04-21T18:26:48.911648,gold,2,22273
2025-04-21T18:26:48.911648,gold,3,31994
2025-04-21T18:26:48.911648,platinum,1,22106
2025-04-21T18:26:48.911648,platinum,2,24368
2025-04-21T18:26:48.911648,platinum,3,29941
2025-04-21T18:26:48.911648,diamond,1,23437
2025-04-21T18:26:48.911648,diamond,2,25961
2025-04-21T18:26:48.911648,diamond,3,32169
2025-04-21T18:26:48.911648,grandmaster,1,15779
2025-04-21T18:26:48.911648,grandmaster,2,22387
2025-04-21T18:26:48.911648,grandmaster,3,39071
2025-04-21T18:26:48.911648,celestial,1,4677
2025-04-21T18:26:48.911648,celestial,2,8825
2025-04-21T18:26:48.911648,celestial,3,20985
2025-04-21T18:26:48.911648,eternity,total,8373
2025-04-21T18:26:48.911648,one_above_all,total,1011
2025-04-22T01:37:14.125735,bronze,1,21990
2025-04-22T01:37:14.125735,bronze,2,27152
2025-04-22T01:37:14.125735,bronze,3,109681
2025-04-22T01:37:14.125735,silver,1,18849
2025-04-22T01:37:14.125735,silver,2,20969
2025-04-22T01:37:14.125735,silver,3,24521
2025-04-22T01:37:14.125735,gold,1,20357
2025-04-22T01:37:14.125735,gold,2,22299
2025-04-22T01:37:14.125735,gold,3,32030
2025-04-22T01:37:14.125735,platinum,1,22147
2025-04-22T01:37:14.125735,platinum,2,24408
2025-04-22T01:37:14.125735,platinum,3,29989
2025-04-22T01:37:14.125735,diamond,1,23483
2025-04-22T01:37:14.125735,diamond,2,26018
2025-04-22T01:37:14.125735,diamond,3,32238
2025-04-22T01:37:14.125735,grandmaster,1,15823
2025-04-22T01:37:14.125735,grandmaster,2,22440
2025-04-22T01:37:14.125735,grandmaster,3,39198
2025-04-22T01:37:14.125735,celestial,1,4687
2025-04-22T01:37:14.125735,celestial,2,8840
2025-04-22T01:37:14.125735,celestial,3,21065
2025-04-22T01:37:14.125735,eternity,total,8398
2025-04-22T01:37:14.125735,one_above_all,total,1009
2025-04-22T06:27:58.990673,bronze,1,21990
2025-04-22T06:27:58.990673,bronze,2,27152
2025-04-22T06:27:58.990673,bronze,3,109681
2025-04-22T06:27:58.990673,silver,1,18849
2025-04-22T06:27:58.990673,silver,2,20969
2025-04-22T06:27:58.990673,silver,3,24521
2025-04-22T06:27:58.990673,gold,1,20357
2025-04-22T06:27:58.990673,gold,2,22299
2025-04-22T06:27:58.990673,gold,3,32030
2025-04-22T06:27:58.990673,platinum,1,22147
2025-04-22T06:27:58.990673,platinum,2,24408
2025-04-22T06:27:58.990673,platinum,3,29989
2025-04-22T06:27:58.990673,diamond,1,23483
2025-04-22T06:27:58.990673,diamond,2,26018
2025-04-22T06:27:58.990673,diamond,3,32238
2025-04-22T06:27:58.990673,grandmaster,1,15823
2025-04-22T06:27:58.990673,grandmaster,2,22440
2025-04-22T06:27:58.990673,grandmaster,3,39198
2025-04-22T06:27:58.990673,celestial,1,4687
2025-04-22T06:27:58.990673,celestial,2,8840
2025-04-22T06:27:58.990673,celestial,3,21065
2025-04-22T06:27:58.990673,eternity,total,8398
2025-04-22T06:27:58.990673,one_above_all,total,1009
2025-04-22T12:38:49.727651,bronze,1,22000
2025-04-22T12:38:49.727651,bronze,2,27163
2025-04-22T12:38:49.727651,bronze,3,109747
2025-04-22T12:38:49.727651,silver,1,18860
2025-04-22T12:38:49.727651,silver,2,20978
2025-04-22T12:38:49.727651,silver,3,24541
2025-04-22T12:38:49.727651,gold,1,20379
2025-04-22T12:38:49.727651,gold,2,22326
2025-04-22T12:38:49.727651,gold,3,32060
2025-04-22T12:38:49.727651,platinum,1,22186
2025-04-22T12:38:49.727651,platinum,2,24442
2025-04-22T12:38:49.727651,platinum,3,30030
2025-04-22T12:38:49.727651,diamond,1,23541
2025-04-22T12:38:49.727651,diamond,2,26066
2025-04-22T12:38:49.727651,diamond,3,32329
2025-04-22T12:38:49.727651,grandmaster,1,15855
2025-04-22T12:38:49.727651,grandmaster,2,22495
2025-04-22T12:38:49.727651,grandmaster,3,39340
2025-04-22T12:38:49.727651,celestial,1,4692
2025-04-22T12:38:49.727651,celestial,2,8872
2025-04-22T12:38:49.727651,celestial,3,21121
2025-04-22T12:38:49.727651,eternity,total,8415
2025-04-22T12:38:49.727651,one_above_all,total,1008
2025-04-22T18:27:21.255564,bronze,1,22014
2025-04-22T18:27:21.255564,bronze,2,27171
2025-04-22T18:27:21.255564,bronze,3,109789
2025-04-22T18:27:21.255564,silver,1,18869
2025-04-22T18:27:21.255564,silver,2,20985
2025-04-22T18:27:21.255564,silver,3,24550
2025-04-22T18:27:21.255564,gold,1,20394
2025-04-22T18:27:21.255564,gold,2,22349
2025-04-22T18:27:21.255564,gold,3,32081
2025-04-22T18:27:21.255564,platinum,1,22210
2025-04-22T18:27:21.255564,platinum,2,24467
2025-04-22T18:27:21.255564,platinum,3,30067
2025-04-22T18:27:21.255564,diamond,1,23554
2025-04-22T18:27:21.255564,diamond,2,26104
2025-04-22T18:27:21.255564,diamond,3,32378
2025-04-22T18:27:21.255564,grandmaster,1,15876
2025-04-22T18:27:21.255564,grandmaster,2,22537
2025-04-22T18:27:21.255564,grandmaster,3,39411
2025-04-22T18:27:21.255564,celestial,1,4694
2025-04-22T18:27:21.255564,celestial,2,8891
2025-04-22T18:27:21.255564,celestial,3,21163
2025-04-22T18:27:21.255564,eternity,total,8427
2025-04-22T18:27:21.255564,one_above_all,total,1008
2025-04-23T01:37:25.599488,bronze,1,22024
2025-04-23T01:37:25.599488,bronze,2,27198
2025-04-23T01:37:25.599488,bronze,3,109840
2025-04-23T01:37:25.599488,silver,1,18878
2025-04-23T01:37:25.599488,silver,2,20992
2025-04-23T01:37:25.599488,silver,3,24557
2025-04-23T01:37:25.599488,gold,1,20413
2025-04-23T01:37:25.599488,gold,2,22376
2025-04-23T01:37:25.599488,gold,3,32116
2025-04-23T01:37:25.599488,platinum,1,22243
2025-04-23T01:37:25.599488,platinum,2,24504
2025-04-23T01:37:25.599488,platinum,3,30102
2025-04-23T01:37:25.599488,diamond,1,23583
2025-04-23T01:37:25.599488,diamond,2,26165
2025-04-23T01:37:25.599488,diamond,3,32448
2025-04-23T01:37:25.599488,grandmaster,1,15900
2025-04-23T01:37:25.599488,grandmaster,2,22572
2025-04-23T01:37:25.599488,grandmaster,3,39525
2025-04-23T01:37:25.599488,celestial,1,4697
2025-04-23T01:37:25.599488,celestial,2,8901
2025-04-23T01:37:25.599488,celestial,3,21233
2025-04-23T01:37:25.599488,eternity,total,8448
2025-04-23T01:37:25.599488,one_above_all,total,1010
2025-04-23T06:28:02.077463,bronze,1,22024
2025-04-23T06:28:02.077463,bronze,2,27198
2025-04-23T06:28:02.077463,bronze,3,109840
2025-04-23T06:28:02.077463,silver,1,18878
2025-04-23T06:28:02.077463,silver,2,20992
2025-04-23T06:28:02.077463,silver,3,24557
2025-04-23T06:28:02.077463,gold,1,20413
2025-04-23T06:28:02.077463,gold,2,22376
2025-04-23T06:28:02.077463,gold,3,32116
2025-04-23T06:28:02.077463,platinum,1,22243
2025-04-23T06:28:02.077463,platinum,2,24504
2025-04-23T06:28:02.077463,platinum,3,30102
2025-04-23T06:28:02.077463,diamond,1,23583
2025-04-23T06:28:02.077463,diamond,2,26165
2025-04-23T06:28:02.077463,diamond,3,32448
2025-04-23T06:28:02.077463,grandmaster,1,15900
2025-04-23T06:28:02.077463,grandmaster,2,22572
2025-04-23T06:28:02.077463,grandmaster,3,39525
2025-04-23T06:28:02.077463,celestial,1,4697
2025-04-23T06:28:02.077463,celestial,2,8901
2025-04-23T06:28:02.077463,celestial,3,21233
2025-04-23T06:28:02.077463,eternity,total,8448
2025-04-23T06:28:02.077463,one_above_all,total,1010
2025-04-23T12:39:36.840213,bronze,1,22036
2025-04-23T12:39:36.840213,bronze,2,27216
2025-04-23T12:39:36.840213,bronze,3,109900
2025-04-23T12:39:36.840213,silver,1,18883
2025-04-23T12:39:36.840213,silver,2,21009
2025-04-23T12:39:36.840213,silver,3,24576
2025-04-23T12:39:36.840213,gold,1,20441
2025-04-23T12:39:36.840213,gold,2,22408
2025-04-23T12:39:36.840213,gold,3,32143
2025-04-23T12:39:36.840213,platinum,1,22293
2025-04-23T12:39:36.840213,platinum,2,24535
2025-04-23T12:39:36.840213,platinum,3,30154
2025-04-23T12:39:36.840213,diamond,1,23639
2025-04-23T12:39:36.840213,diamond,2,26224
2025-04-23T12:39:36.840213,diamond,3,32522
2025-04-23T12:39:36.840213,grandmaster,1,15931
2025-04-23T12:39:36.840213,grandmaster,2,22642
2025-04-23T12:39:36.840213,grandmaster,3,39613
2025-04-23T12:39:36.840213,celestial,1,4716
2025-04-23T12:39:36.840213,celestial,2,8917
2025-04-23T12:39:36.840213,celestial,3,21310
2025-04-23T12:39:36.840213,eternity,total,8469
2025-04-23T12:39:36.840213,one_above_all,total,1012
2025-04-23T18:28:44.907961,bronze,1,22052
2025-04-23T18:28:44.907961,bronze,2,27229
2025-04-23T18:28:44.907961,bronze,3,109939
2025-04-23T18:28:44.907961,silver,1,18888
2025-04-23T18:28:44.907961,silver,2,21019
2025-04-23T18:28:44.907961,silver,3,24588
2025-04-23T18:28:44.907961,gold,1,20458
2025-04-23T18:28:44.907961,gold,2,22425
2025-04-23T18:28:44.907961,gold,3,32167
2025-04-23T18:28:44.907961,platinum,1,22318
2025-04-23T18:28:44.907961,platinum,2,24564
2025-04-23T18:28:44.907961,platinum,3,30178
2025-04-23T18:28:44.907961,diamond,1,23678
2025-04-23T18:28:44.907961,diamond,2,26255
2025-04-23T18:28:44.907961,diamond,3,32555
2025-04-23T18:28:44.907961,grandmaster,1,15966
2025-04-23T18:28:44.907961,grandmaster,2,22664
2025-04-23T18:28:44.907961,grandmaster,3,39696
2025-04-23T18:28:44.907961,celestial,1,4723
2025-04-23T18:28:44.907961,celestial,2,8934
2025-04-23T18:28:44.907961,celestial,3,21340
2025-04-23T18:28:44.907961,eternity,total,8478
2025-04-23T18:28:44.907961,one_above_all,total,1011
2025-04-24T01:37:44.982929,bronze,1,22071
2025-04-24T01:37:44.982929,bronze,2,27248
2025-04-24T01:37:44.982929,bronze,3,109999
2025-04-24T01:37:44.982929,silver,1,18901
2025-04-24T01:37:44.982929,silver,2,21024
2025-04-24T01:37:44.982929,silver,3,24601
2025-04-24T01:37:44.982929,gold,1,20492
2025-04-24T01:37:44.982929,gold,2,22457
2025-04-24T01:37:44.982929,gold,3,32203
2025-04-24T01:37:44.982929,platinum,1,22360
2025-04-24T01:37:44.982929,platinum,2,24599
2025-04-24T01:37:44.982929,platinum,3,30243
2025-04-24T01:37:44.982929,diamond,1,23730
2025-04-24T01:37:44.982929,diamond,2,26328
2025-04-24T01:37:44.982929,diamond,3,32641
2025-04-24T01:37:44.982929,grandmaster,1,15991
2025-04-24T01:37:44.982929,grandmaster,2,22725
2025-04-24T01:37:44.982929,grandmaster,3,39842
2025-04-24T01:37:44.982929,celestial,1,4728
2025-04-24T01:37:44.982929,celestial,2,8962
2025-04-24T01:37:44.982929,celestial,3,21398
2025-04-24T01:37:44.982929,eternity,total,8498
2025-04-24T01:37:44.982929,one_above_all,total,1011
2025-04-24T06:28:45.706764,bronze,1,22071
2025-04-24T06:28:45.706764,bronze,2,27248
2025-04-24T06:28:45.706764,bronze,3,109999
2025-04-24T06:28:45.706764,silver,1,18901
2025-04-24T06:28:45.706764,silver,2,21024
2025-04-24T06:28:45.706764,silver,3,24601
2025-04-24T06:28:45.706764,gold,1,20492
2025-04-24T06:28:45.706764,gold,2,22457
2025-04-24T06:28:45.706764,gold,3,32203
2025-04-24T06:28:45.706764,platinum,1,22360
2025-04-24T06:28:45.706764,platinum,2,24599
2025-04-24T06:28:45.706764,platinum,3,30243
2025-04-24T06:28:45.706764,diamond,1,23730
2025-04-24T06:28:45.706764,diamond,2,26328
2025-04-24T06:28:45.706764,diamond,3,32641
2025-04-24T06:28:45.706764,grandmaster,1,15991
2025-04-24T06:28:45.706764,grandmaster,2,22725
2025-04-24T06:28:45.706764,grandmaster,3,39842
2025-04-24T06:28:45.706764,celestial,1,4728
2025-04-24T06:28:45.706764,celestial,2,8962
2025-04-24T06:28:45.706764,celestial,3,21398
2025-04-24T06:28:45.706764,eternity,total,8498
2025-04-24T06:28:45.706764,one_above_all,total,1011
2025-04-24T12:40:16.469241,bronze,1,22074
2025-04-24T12:40:16.469241,bronze,2,27258
2025-04-24T12:40:16.469241,bronze,3,110048
2025-04-24T12:40:16.469241,silver,1,18910
2025-04-24T12:40:16.469241,silver,2,21034
2025-04-24T12:40:16.469241,silver,3,24623
2025-04-24T12:40:16.469241,gold,1,20516
2025-04-24T12:40:16.469241,gold,2,22474
2025-04-24T12:40:16.469241,gold,3,32234
2025-04-24T12:40:16.469241,platinum,1,22396
2025-04-24T12:40:16.469241,platinum,2,24629
2025-04-24T12:40:16.469241,platinum,3,30279
2025-04-24T12:40:16.469241,diamond,1,23788
2025-04-24T12:40:16.469241,diamond,2,26377
2025-04-24T12:40:16.469241,diamond,3,32720
2025-04-24T12:40:16.469241,grandmaster,1,16019
2025-04-24T12:40:16.469241,grandmaster,2,22780
2025-04-24T12:40:16.469241,grandmaster,3,39937
2025-04-24T12:40:16.469241,celestial,1,4728
2025-04-24T12:40:16.469241,celestial,2,8972
2025-04-24T12:40:16.469241,celestial,3,21463
2025-04-24T12:40:16.469241,eternity,total,8515
2025-04-24T12:40:16.469241,one_above_all,total,1012
2025-04-24T18:27:16.193126,bronze,1,22078
2025-04-24T18:27:16.193126,bronze,2,27268
2025-04-24T18:27:16.193126,bronze,3,110085
2025-04-24T18:27:16.193126,silver,1,18916
2025-04-24T18:27:16.193126,silver,2,21043
2025-04-24T18:27:16.193126,silver,3,24634
2025-04-24T18:27:16.193126,gold,1,20527
2025-04-24T18:27:16.193126,gold,2,22492
2025-04-24T18:27:16.193126,gold,3,32254
2025-04-24T18:27:16.193126,platinum,1,22424
2025-04-24T18:27:16.193126,platinum,2,24647
2025-04-24T18:27:16.193126,platinum,3,30308
2025-04-24T18:27:16.193126,diamond,1,23812
2025-04-24T18:27:16.193126,diamond,2,26414
2025-04-24T18:27:16.193126,diamond,3,32763
2025-04-24T18:27:16.193126,grandmaster,1,16034
2025-04-24T18:27:16.193126,grandmaster,2,22804
2025-04-24T18:27:16.193126,grandmaster,3,39999
2025-04-24T18:27:16.193126,celestial,1,4734
2025-04-24T18:27:16.193126,celestial,2,8977
2025-04-24T18:27:16.193126,celestial,3,21524
2025-04-24T18:27:16.193126,eternity,total,8531
2025-04-24T18:27:16.193126,one_above_all,total,1011
2025-04-25T01:38:11.083720,bronze,1,22086
2025-04-25T01:38:11.083720,bronze,2,27287
2025-04-25T01:38:11.083720,bronze,3,110177
2025-04-25T01:38:11.083720,silver,1,18937
2025-04-25T01:38:11.083720,silver,2,21047
2025-04-25T01:38:11.083720,silver,3,24646
2025-04-25T01:38:11.083720,gold,1,20557
2025-04-25T01:38:11.083720,gold,2,22509
2025-04-25T01:38:11.083720,gold,3,32289
2025-04-25T01:38:11.083720,platinum,1,22469
2025-04-25T01:38:11.083720,platinum,2,24683
2025-04-25T01:38:11.083720,platinum,3,30368
2025-04-25T01:38:11.083720,diamond,1,23856
2025-04-25T01:38:11.083720,diamond,2,26462
2025-04-25T01:38:11.083720,diamond,3,32812
2025-04-25T01:38:11.083720,grandmaster,1,16056
2025-04-25T01:38:11.083720,grandmaster,2,22847
2025-04-25T01:38:11.083720,grandmaster,3,40101
2025-04-25T01:38:11.083720,celestial,1,4745
2025-04-25T01:38:11.083720,celestial,2,8977
2025-04-25T01:38:11.083720,celestial,3,21613
2025-04-25T01:38:11.083720,eternity,total,8552
2025-04-25T01:38:11.083720,one_above_all,total,1012
2025-04-25T06:28:13.457757,bronze,1,22086
2025-04-25T06:28:13.457757,bronze,2,27287
2025-04-25T06:28:13.457757,bronze,3,110177
2025-04-25T06:28:13.457757,silver,1,18937
2025-04-25T06:28:13.457757,silver,2,21047
2025-04-25T06:28:13.457757,silver,3,24646
2025-04-25T06:28:13.457757,gold,1,20557
2025-04-25T06:28:13.457757,gold,2,22509
2025-04-25T06:28:13.457757,gold,3,32289
2025-04-25T06:28:13.457757,platinum,1,22469
2025-04-25T06:28:13.457757,platinum,2,24683
2025-04-25T06:28:13.457757,platinum,3,30368
2025-04-25T06:28:13.457757,diamond,1,23856
2025-04-25T06:28:13.457757,diamond,2,26462
2025-04-25T06:28:13.457757,diamond,3,32812
2025-04-25T06:28:13.457757,grandmaster,1,16056
2025-04-25T06:28:13.457757,grandmaster,2,22847
2025-04-25T06:28:13.457757,grandmaster,3,40101
2025-04-25T06:28:13.457757,celestial,1,4745
2025-04-25T06:28:13.457757,celestial,2,8977
2025-04-25T06:28:13.457757,celestial,3,21613
2025-04-25T06:28:13.457757,eternity,total,8552
2025-04-25T06:28:13.457757,one_above_all,total,1012
2025-04-25T12:39:01.897177,bronze,1,22095
2025-04-25T12:39:01.897177,bronze,2,27297
2025-04-25T12:39:01.897177,bronze,3,110225
2025-04-25T12:39:01.897177,silver,1,18946
2025-04-25T12:39:01.897177,silver,2,21056
2025-04-25T12:39:01.897177,silver,3,24662
2025-04-25T12:39:01.897177,gold,1,20587
2025-04-25T12:39:01.897177,gold,2,22528
2025-04-25T12:39:01.897177,gold,3,32313
2025-04-25T12:39:01.897177,platinum,1,22502
2025-04-25T12:39:01.897177,platinum,2,24714
2025-04-25T12:39:01.897177,platinum,3,30387
2025-04-25T12:39:01.897177,diamond,1,23882
2025-04-25T12:39:01.897177,diamond,2,26510
2025-04-25T12:39:01.897177,diamond,3,32874
2025-04-25T12:39:01.897177,grandmaster,1,16081
2025-04-25T12:39:01.897177,grandmaster,2,22884
2025-04-25T12:39:01.897177,grandmaster,3,40191
2025-04-25T12:39:01.897177,celestial,1,4749
2025-04-25T12:39:01.897177,celestial,2,8995
2025-04-25T12:39:01.897177,celestial,3,21669
2025-04-25T12:39:01.897177,eternity,total,8561
2025-04-25T12:39:01.897177,one_above_all,total,1011
2025-04-25T18:27:06.389062,bronze,1,22099
2025-04-25T18:27:06.389062,bronze,2,27304
2025-04-25T18:27:06.389062,bronze,3,110268
2025-04-25T18:27:06.389062,silver,1,18952
2025-04-25T18:27:06.389062,silver,2,21063
2025-04-25T18:27:06.389062,silver,3,24672
2025-04-25T18:27:06.389062,gold,1,20595
2025-04-25T18:27:06.389062,gold,2,22543
2025-04-25T18:27:06.389062,gold,3,32331
2025-04-25T18:27:06.389062,platinum,1,22521
2025-04-25T18:27:06.389062,platinum,2,24736
2025-04-25T18:27:06.389062,platinum,3,30406
2025-04-25T18:27:06.389062,diamond,1,23911
2025-04-25T18:27:06.389062,diamond,2,26533
2025-04-25T18:27:06.389062,diamond,3,32894
2025-04-25T18:27:06.389062,grandmaster,1,16095
2025-04-25T18:27:06.389062,grandmaster,2,22910
2025-04-25T18:27:06.389062,grandmaster,3,40247
2025-04-25T18:27:06.389062,celestial,1,4752
2025-04-25T18:27:06.389062,celestial,2,9009
2025-04-25T18:27:06.389062,celestial,3,21718
2025-04-25T18:27:06.389062,eternity,total,8580
2025-04-25T18:27:06.389062,one_above_all,total,1009
2025-04-26T01:26:56.766633,bronze,1,22106
2025-04-26T01:26:56.766633,bronze,2,27323
2025-04-26T01:26:56.766633,bronze,3,110337
2025-04-26T01:26:56.766633,silver,1,18973
2025-04-26T01:26:56.766633,silver,2,21081
2025-04-26T01:26:56.766633,silver,3,24689
2025-04-26T01:26:56.766633,gold,1,20612
2025-04-26T01:26:56.766633,gold,2,22571
2025-04-26T01:26:56.766633,gold,3,32354
2025-04-26T01:26:56.766633,platinum,1,22542
2025-04-26T01:26:56.766633,platinum,2,24777
2025-04-26T01:26:56.766633,platinum,3,30437
2025-04-26T01:26:56.766633,diamond,1,23934
2025-04-26T01:26:56.766633,diamond,2,26591
2025-04-26T01:26:56.766633,diamond,3,32944
2025-04-26T01:26:56.766633,grandmaster,1,16119
2025-04-26T01:26:56.766633,grandmaster,2,22953
2025-04-26T01:26:56.766633,grandmaster,3,40345
2025-04-26T01:26:56.766633,celestial,1,4757
2025-04-26T01:26:56.766633,celestial,2,9025
2025-04-26T01:26:56.766633,celestial,3,21784
2025-04-26T01:26:56.766633,eternity,total,8600
2025-04-26T01:26:56.766633,one_above_all,total,1006
2025-04-26T06:25:32.228479,bronze,1,22106
2025-04-26T06:25:32.228479,bronze,2,27323
2025-04-26T06:25:32.228479,bronze,3,110337
2025-04-26T06:25:32.228479,silver,1,18973
2025-04-26T06:25:32.228479,silver,2,21081
2025-04-26T06:25:32.228479,silver,3,24689
2025-04-26T06:25:32.228479,gold,1,20612
2025-04-26T06:25:32.228479,gold,2,22571
2025-04-26T06:25:32.228479,gold,3,32354
2025-04-26T06:25:32.228479,platinum,1,22542
2025-04-26T06:25:32.228479,platinum,2,24777
2025-04-26T06:25:32.228479,platinum,3,30437
2025-04-26T06:25:32.228479,diamond,1,23934
2025-04-26T06:25:32.228479,diamond,2,26591
2025-04-26T06:25:32.228479,diamond,3,32944
2025-04-26T06:25:32.228479,grandmaster,1,16119
2025-04-26T06:25:32.228479,grandmaster,2,22953
2025-04-26T06:25:32.228479,grandmaster,3,40345
2025-04-26T06:25:32.228479,celestial,1,4757
2025-04-26T06:25:32.228479,celestial,2,9025
2025-04-26T06:25:32.228479,celestial,3,21784
2025-04-26T06:25:32.228479,eternity,total,8600
2025-04-26T06:25:32.228479,one_above_all,total,1006
2025-04-26T12:35:04.660607,bronze,1,22116
2025-04-26T12:35:04.660607,bronze,2,27333
2025-04-26T12:35:04.660607,bronze,3,110375
2025-04-26T12:35:04.660607,silver,1,18984
2025-04-26T12:35:04.660607,silver,2,21086
2025-04-26T12:35:04.660607,silver,3,24701
2025-04-26T12:35:04.660607,gold,1,20644
2025-04-26T12:35:04.660607,gold,2,22585
2025-04-26T12:35:04.660607,gold,3,32372
2025-04-26T12:35:04.660607,platinum,1,22575
2025-04-26T12:35:04.660607,platinum,2,24803
2025-04-26T12:35:04.660607,platinum,3,30472
2025-04-26T12:35:04.660607,diamond,1,23956
2025-04-26T12:35:04.660607,diamond,2,26619
2025-04-26T12:35:04.660607,diamond,3,32989
2025-04-26T12:35:04.660607,grandmaster,1,16138
2025-04-26T12:35:04.660607,grandmaster,2,22996
2025-04-26T12:35:04.660607,grandmaster,3,40452
2025-04-26T12:35:04.660607,celestial,1,4763
2025-04-26T12:35:04.660607,celestial,2,9042
2025-04-26T12:35:04.660607,celestial,3,21839
2025-04-26T12:35:04.660607,eternity,total,8624
2025-04-26T12:35:04.660607,one_above_all,total,1006
2025-04-26T18:24:13.752796,bronze,1,22128
2025-04-26T18:24:13.752796,bronze,2,27339
2025-04-26T18:24:13.752796,bronze,3,110410
2025-04-26T18:24:13.752796,silver,1,18992
2025-04-26T18:24:13.752796,silver,2,21094
2025-04-26T18:24:13.752796,silver,3,24707
2025-04-26T18:24:13.752796,gold,1,20655
2025-04-26T18:24:13.752796,gold,2,22598
2025-04-26T18:24:13.752796,gold,3,32406
2025-04-26T18:24:13.752796,platinum,1,22587
2025-04-26T18:24:13.752796,platinum,2,24822
2025-04-26T18:24:13.752796,platinum,3,30503
2025-04-26T18:24:13.752796,diamond,1,23972
2025-04-26T18:24:13.752796,diamond,2,26655
2025-04-26T18:24:13.752796,diamond,3,33026
2025-04-26T18:24:13.752796,grandmaster,1,16144
2025-04-26T18:24:13.752796,grandmaster,2,23025
2025-04-26T18:24:13.752796,grandmaster,3,40532
2025-04-26T18:24:13.752796,celestial,1,4769
2025-04-26T18:24:13.752796,celestial,2,9043
2025-04-26T18:24:13.752796,celestial,3,21890
2025-04-26T18:24:13.752796,eternity,total,8638
2025-04-26T18:24:13.752796,one_above_all,total,1004
2025-04-27T01:42:18.381787,bronze,1,22141
2025-04-27T01:42:18.381787,bronze,2,27359
2025-04-27T01:42:18.381787,bronze,3,110469
2025-04-27T01:42:18.381787,silver,1,19004
2025-04-27T01:42:18.381787,silver,2,21105
2025-04-27T01:42:18.381787,silver,3,24717
2025-04-27T01:42:18.381787,gold,1,20673
2025-04-27T01:42:18.381787,gold,2,22609
2025-04-27T01:42:18.381787,gold,3,32436
2025-04-27T01:42:18.381787,platinum,1,22639
2025-04-27T01:42:18.381787,platinum,2,24855
2025-04-27T01:42:18.381787,platinum,3,30537
2025-04-27T01:42:18.381787,diamond,1,24002
2025-04-27T01:42:18.381787,diamond,2,26705
2025-04-27T01:42:18.381787,diamond,3,33091
2025-04-27T01:42:18.381787,grandmaster,1,16187
2025-04-27T01:42:18.381787,grandmaster,2,23063
2025-04-27T01:42:18.381787,grandmaster,3,40649
2025-04-27T01:42:18.381787,celestial,1,4769
2025-04-27T01:42:18.381787,celestial,2,9064
2025-04-27T01:42:18.381787,celestial,3,21948
2025-04-27T01:42:18.381787,eternity,total,8660
2025-04-27T01:42:18.381787,one_above_all,total,1004
2025-04-27T12:35:13.139933,bronze,1,22151
2025-04-27T12:35:13.139933,bronze,2,27368
2025-04-27T12:35:13.139933,bronze,3,110528
2025-04-27T12:35:13.139933,silver,1,19024
2025-04-27T12:35:13.139933,silver,2,21129
2025-04-27T12:35:13.139933,silver,3,24731
2025-04-27T12:35:13.139933,gold,1,20697
2025-04-27T12:35:13.139933,gold,2,22623
2025-04-27T12:35:13.139933,gold,3,32469
2025-04-27T12:35:13.139933,platinum,1,22670
2025-04-27T12:35:13.139933,platinum,2,24878
2025-04-27T12:35:13.139933,platinum,3,30588
2025-04-27T12:35:13.139933,diamond,1,24044
2025-04-27T12:35:13.139933,diamond,2,26738
2025-04-27T12:35:13.139933,diamond,3,33157
2025-04-27T12:35:13.139933,grandmaster,1,16210
2025-04-27T12:35:13.139933,grandmaster,2,23119
2025-04-27T12:35:13.139933,grandmaster,3,40747
2025-04-27T12:35:13.139933,celestial,1,4772
2025-04-27T12:35:13.139933,celestial,2,9085
2025-04-27T12:35:13.139933,celestial,3,21990
2025-04-27T12:35:13.139933,eternity,total,8673
2025-04-27T12:35:13.139933,one_above_all,total,1004
2025-04-27T18:24:41.773365,bronze,1,22164
2025-04-27T18:24:41.773365,bronze,2,27382
2025-04-27T18:24:41.773365,bronze,3,110582
2025-04-27T18:24:41.773365,silver,1,19029
2025-04-27T18:24:41.773365,silver,2,21145
2025-04-27T18:24:41.773365,silver,3,24739
2025-04-27T18:24:41.773365,gold,1,20708
2025-04-27T18:24:41.773365,gold,2,22640
2025-04-27T18:24:41.773365,gold,3,32509
2025-04-27T18:24:41.773365,platinum,1,22699
2025-04-27T18:24:41.773365,platinum,2,24903
2025-04-27T18:24:41.773365,platinum,3,30626
2025-04-27T18:24:41.773365,diamond,1,24072
2025-04-27T18:24:41.773365,diamond,2,26770
2025-04-27T18:24:41.773365,diamond,3,33196
2025-04-27T18:24:41.773365,grandmaster,1,16228
2025-04-27T18:24:41.773365,grandmaster,2,23153
2025-04-27T18:24:41.773365,grandmaster,3,40823
2025-04-27T18:24:41.773365,celestial,1,4777
2025-04-27T18:24:41.773365,celestial,2,9091
2025-04-27T18:24:41.773365,celestial,3,22026
2025-04-27T18:24:41.773365,eternity,total,8685
2025-04-27T18:24:41.773365,one_above_all,total,1003
2025-04-28T01:40:41.836096,bronze,1,22174
2025-04-28T01:40:41.836096,bronze,2,27392
2025-04-28T01:40:41.836096,bronze,3,110629
2025-04-28T01:40:41.836096,silver,1,19039
2025-04-28T01:40:41.836096,silver,2,21158
2025-04-28T01:40:41.836096,silver,3,24755
2025-04-28T01:40:41.836096,gold,1,20734
2025-04-28T01:40:41.836096,gold,2,22661
2025-04-28T01:40:41.836096,gold,3,32534
2025-04-28T01:40:41.836096,platinum,1,22727
2025-04-28T01:40:41.836096,platinum,2,24934
2025-04-28T01:40:41.836096,platinum,3,30673
2025-04-28T01:40:41.836096,diamond,1,24098
2025-04-28T01:40:41.836096,diamond,2,26790
2025-04-28T01:40:41.836096,diamond,3,33234
2025-04-28T01:40:41.836096,grandmaster,1,16269
2025-04-28T01:40:41.836096,grandmaster,2,23208
2025-04-28T01:40:41.836096,grandmaster,3,40923
2025-04-28T01:40:41.836096,celestial,1,4782
2025-04-28T01:40:41.836096,celestial,2,9100
2025-04-28T01:40:41.836096,celestial,3,22082
2025-04-28T01:40:41.836096,eternity,total,8707
2025-04-28T01:40:41.836096,one_above_all,total,1001
2025-04-28T06:35:14.827192,bronze,1,22174
2025-04-28T06:35:14.827192,bronze,2,27392
2025-04-28T06:35:14.827192,bronze,3,110629
2025-04-28T06:35:14.827192,silver,1,19039
2025-04-28T06:35:14.827192,silver,2,21158
2025-04-28T06:35:14.827192,silver,3,24755
2025-04-28T06:35:14.827192,gold,1,20734
2025-04-28T06:35:14.827192,gold,2,22661
2025-04-28T06:35:14.827192,gold,3,32534
2025-04-28T06:35:14.827192,platinum,1,22727
2025-04-28T06:35:14.827192,platinum,2,24934
2025-04-28T06:35:14.827192,platinum,3,30673
2025-04-28T06:35:14.827192,diamond,1,24098
2025-04-28T06:35:14.827192,diamond,2,26790
2025-04-28T06:35:14.827192,diamond,3,33234
2025-04-28T06:35:14.827192,grandmaster,1,16269
2025-04-28T06:35:14.827192,grandmaster,2,23208
2025-04-28T06:35:14.827192,grandmaster,3,40923
2025-04-28T06:35:14.827192,celestial,1,4782
2025-04-28T06:35:14.827192,celestial,2,9100
2025-04-28T06:35:14.827192,celestial,3,22082
2025-04-28T06:35:14.827192,eternity,total,8707
2025-04-28T06:35:14.827192,one_above_all,total,1001
2025-04-28T12:42:40.375942,bronze,1,22187
2025-04-28T12:42:40.375942,bronze,2,27403
2025-04-28T12:42:40.375942,bronze,3,110678
2025-04-28T12:42:40.375942,silver,1,19044
2025-04-28T12:42:40.375942,silver,2,21167
2025-04-28T12:42:40.375942,silver,3,24772
2025-04-28T12:42:40.375942,gold,1,20759
2025-04-28T12:42:40.375942,gold,2,22681
2025-04-28T12:42:40.375942,gold,3,32569
2025-04-28T12:42:40.375942,platinum,1,22754
2025-04-28T12:42:40.375942,platinum,2,24952
2025-04-28T12:42:40.375942,platinum,3,30710
2025-04-28T12:42:40.375942,diamond,1,24134
2025-04-28T12:42:40.375942,diamond,2,26812
2025-04-28T12:42:40.375942,diamond,3,33295
2025-04-28T12:42:40.375942,grandmaster,1,16284
2025-04-28T12:42:40.375942,grandmaster,2,23264
2025-04-28T12:42:40.375942,grandmaster,3,41009
2025-04-28T12:42:40.375942,celestial,1,4786
2025-04-28T12:42:40.375942,celestial,2,9123
2025-04-28T12:42:40.375942,celestial,3,22142
2025-04-28T12:42:40.375942,eternity,total,8730
2025-04-28T12:42:40.375942,one_above_all,total,1002
2025-04-28T18:28:04.103931,bronze,1,22196
2025-04-28T18:28:04.103931,bronze,2,27409
2025-04-28T18:28:04.103931,bronze,3,110708
2025-04-28T18:28:04.103931,silver,1,19056
2025-04-28T18:28:04.103931,silver,2,21177
2025-04-28T18:28:04.103931,silver,3,24781
2025-04-28T18:28:04.103931,gold,1,20779
2025-04-28T18:28:04.103931,gold,2,22700
2025-04-28T18:28:04.103931,gold,3,32597
2025-04-28T18:28:04.103931,platinum,1,22783
2025-04-28T18:28:04.103931,platinum,2,24975
2025-04-28T18:28:04.103931,platinum,3,30736
2025-04-28T18:28:04.103931,diamond,1,24154
2025-04-28T18:28:04.103931,diamond,2,26858
2025-04-28T18:28:04.103931,diamond,3,33333
2025-04-28T18:28:04.103931,grandmaster,1,16305
2025-04-28T18:28:04.103931,grandmaster,2,23287
2025-04-28T18:28:04.103931,grandmaster,3,41062
2025-04-28T18:28:04.103931,celestial,1,4790
2025-04-28T18:28:04.103931,celestial,2,9127
2025-04-28T18:28:04.103931,celestial,3,22187
2025-04-28T18:28:04.103931,eternity,total,8743
2025-04-28T18:28:04.103931,one_above_all,total,1001
2025-04-29T01:38:56.428016,bronze,1,22209
2025-04-29T01:38:56.428016,bronze,2,27422
2025-04-29T01:38:56.428016,bronze,3,110753
2025-04-29T01:38:56.428016,silver,1,19072
2025-04-29T01:38:56.428016,silver,2,21181
2025-04-29T01:38:56.428016,silver,3,24790
2025-04-29T01:38:56.428016,gold,1,20794
2025-04-29T01:38:56.428016,gold,2,22710
2025-04-29T01:38:56.428016,gold,3,32620
2025-04-29T01:38:56.428016,platinum,1,22828
2025-04-29T01:38:56.428016,platinum,2,25015
2025-04-29T01:38:56.428016,platinum,3,30786
2025-04-29T01:38:56.428016,diamond,1,24187
2025-04-29T01:38:56.428016,diamond,2,26907
2025-04-29T01:38:56.428016,diamond,3,33388
2025-04-29T01:38:56.428016,grandmaster,1,16340
2025-04-29T01:38:56.428016,grandmaster,2,23323
2025-04-29T01:38:56.428016,grandmaster,3,41139
2025-04-29T01:38:56.428016,celestial,1,4800
2025-04-29T01:38:56.428016,celestial,2,9145
2025-04-29T01:38:56.428016,celestial,3,22250
2025-04-29T01:38:56.428016,eternity,total,8758
2025-04-29T01:38:56.428016,one_above_all,total,1001
2025-04-29T06:28:56.953023,bronze,1,22209
2025-04-29T06:28:56.953023,bronze,2,27422
2025-04-29T06:28:56.953023,bronze,3,110753
2025-04-29T06:28:56.953023,silver,1,19072
2025-04-29T06:28:56.953023,silver,2,21181
2025-04-29T06:28:56.953023,silver,3,24790
2025-04-29T06:28:56.953023,gold,1,20794
2025-04-29T06:28:56.953023,gold,2,22710
2025-04-29T06:28:56.953023,gold,3,32620
2025-04-29T06:28:56.953023,platinum,1,22828
2025-04-29T06:28:56.953023,platinum,2,25015
2025-04-29T06:28:56.953023,platinum,3,30786
2025-04-29T06:28:56.953023,diamond,1,24187
2025-04-29T06:28:56.953023,diamond,2,26907
2025-04-29T06:28:56.953023,diamond,3,33388
2025-04-29T06:28:56.953023,grandmaster,1,16340
2025-04-29T06:28:56.953023,grandmaster,2,23323
2025-04-29T06:28:56.953023,grandmaster,3,41139
2025-04-29T06:28:56.953023,celestial,1,4800
2025-04-29T06:28:56.953023,celestial,2,9145
2025-04-29T06:28:56.953023,celestial,3,22250
2025-04-29T06:28:56.953023,eternity,total,8758
2025-04-29T06:28:56.953023,one_above_all,total,1001
2025-04-29T12:41:43.922355,bronze,1,22227
2025-04-29T12:41:43.922355,bronze,2,27434
2025-04-29T12:41:43.922355,bronze,3,110820
2025-04-29T12:41:43.922355,silver,1,19078
2025-04-29T12:41:43.922355,silver,2,21201
2025-04-29T12:41:43.922355,silver,3,24806
2025-04-29T12:41:43.922355,gold,1,20819
2025-04-29T12:41:43.922355,gold,2,22730
2025-04-29T12:41:43.922355,gold,3,32654
2025-04-29T12:41:43.922355,platinum,1,22870
2025-04-29T12:41:43.922355,platinum,2,25045
2025-04-29T12:41:43.922355,platinum,3,30836
2025-04-29T12:41:43.922355,diamond,1,24235
2025-04-29T12:41:43.922355,diamond,2,26973
2025-04-29T12:41:43.922355,diamond,3,33465
2025-04-29T12:41:43.922355,grandmaster,1,16372
2025-04-29T12:41:43.922355,grandmaster,2,23389
2025-04-29T12:41:43.922355,grandmaster,3,41242
2025-04-29T12:41:43.922355,celestial,1,4803
2025-04-29T12:41:43.922355,celestial,2,9164
2025-04-29T12:41:43.922355,celestial,3,22335
2025-04-29T12:41:43.922355,eternity,total,8784
2025-04-29T12:41:43.922355,one_above_all,total,1000
2025-04-29T18:26:30.661359,bronze,1,22239
2025-04-29T18:26:30.661359,bronze,2,27447
2025-04-29T18:26:30.661359,bronze,3,110859
2025-04-29T18:26:30.661359,silver,1,19092
2025-04-29T18:26:30.661359,silver,2,21213
2025-04-29T18:26:30.661359,silver,3,24813
2025-04-29T18:26:30.661359,gold,1,20841
2025-04-29T18:26:30.661359,gold,2,22754
2025-04-29T18:26:30.661359,gold,3,32680
2025-04-29T18:26:30.661359,platinum,1,22909
2025-04-29T18:26:30.661359,platinum,2,25061
2025-04-29T18:26:30.661359,platinum,3,30864
2025-04-29T18:26:30.661359,diamond,1,24269
2025-04-29T18:26:30.661359,diamond,2,27007
2025-04-29T18:26:30.661359,diamond,3,33518
2025-04-29T18:26:30.661359,grandmaster,1,16410
2025-04-29T18:26:30.661359,grandmaster,2,23418
2025-04-29T18:26:30.661359,grandmaster,3,41318
2025-04-29T18:26:30.661359,celestial,1,4807
2025-04-29T18:26:30.661359,celestial,2,9171
2025-04-29T18:26:30.661359,celestial,3,22366
2025-04-29T18:26:30.661359,eternity,total,8793
2025-04-29T18:26:30.661359,one_above_all,total,1000
2025-04-30T01:38:19.768476,bronze,1,22250
2025-04-30T01:38:19.768476,bronze,2,27468
2025-04-30T01:38:19.768476,bronze,3,110924
2025-04-30T01:38:19.768476,silver,1,19099
2025-04-30T01:38:19.768476,silver,2,21229
2025-04-30T01:38:19.768476,silver,3,24827
2025-04-30T01:38:19.768476,gold,1,20852
2025-04-30T01:38:19.768476,gold,2,22775
2025-04-30T01:38:19.768476,gold,3,32718
2025-04-30T01:38:19.768476,platinum,1,22941
2025-04-30T01:38:19.768476,platinum,2,25099
2025-04-30T01:38:19.768476,platinum,3,30912
2025-04-30T01:38:19.768476,diamond,1,24317
2025-04-30T01:38:19.768476,diamond,2,27059
2025-04-30T01:38:19.768476,diamond,3,33578
2025-04-30T01:38:19.768476,grandmaster,1,16443
2025-04-30T01:38:19.768476,grandmaster,2,23452
2025-04-30T01:38:19.768476,grandmaster,3,41403
2025-04-30T01:38:19.768476,celestial,1,4813
2025-04-30T01:38:19.768476,celestial,2,9186
2025-04-30T01:38:19.768476,celestial,3,22418
2025-04-30T01:38:19.768476,eternity,total,8806
2025-04-30T01:38:19.768476,one_above_all,total,1000
2025-04-30T06:28:34.879083,bronze,1,22250
2025-04-30T06:28:34.879083,bronze,2,27468
2025-04-30T06:28:34.879083,bronze,3,110924
2025-04-30T06:28:34.879083,silver,1,19099
2025-04-30T06:28:34.879083,silver,2,21229
2025-04-30T06:28:34.879083,silver,3,24827
2025-04-30T06:28:34.879083,gold,1,20852
2025-04-30T06:28:34.879083,gold,2,22775
2025-04-30T06:28:34.879083,gold,3,32718
2025-04-30T06:28:34.879083,platinum,1,22941
2025-04-30T06:28:34.879083,platinum,2,25099
2025-04-30T06:28:34.879083,platinum,3,30912
2025-04-30T06:28:34.879083,diamond,1,24317
2025-04-30T06:28:34.879083,diamond,2,27059
2025-04-30T06:28:34.879083,diamond,3,33578
2025-04-30T06:28:34.879083,grandmaster,1,16443
2025-04-30T06:28:34.879083,grandmaster,2,23452
2025-04-30T06:28:34.879083,grandmaster,3,41403
2025-04-30T06:28:34.879083,celestial,1,4813
2025-04-30T06:28:34.879083,celestial,2,9186
2025-04-30T06:28:34.879083,celestial,3,22418
2025-04-30T06:28:34.879083,eternity,total,8806
2025-04-30T06:28:34.879083,one_above_all,total,1000
2025-04-30T12:38:45.453584,bronze,1,22255
2025-04-30T12:38:45.453584,bronze,2,27480
2025-04-30T12:38:45.453584,bronze,3,110967
2025-04-30T12:38:45.453584,silver,1,19115
2025-04-30T12:38:45.453584,silver,2,21246
2025-04-30T12:38:45.453584,silver,3,24845
2025-04-30T12:38:45.453584,gold,1,20864
2025-04-30T12:38:45.453584,gold,2,22792
2025-04-30T12:38:45.453584,gold,3,32743
2025-04-30T12:38:45.453584,platinum,1,22983
2025-04-30T12:38:45.453584,platinum,2,25113
2025-04-30T12:38:45.453584,platinum,3,30955
2025-04-30T12:38:45.453584,diamond,1,24368
2025-04-30T12:38:45.453584,diamond,2,27110
2025-04-30T12:38:45.453584,diamond,3,33632
2025-04-30T12:38:45.453584,grandmaster,1,16481
2025-04-30T12:38:45.453584,grandmaster,2,23481
2025-04-30T12:38:45.453584,grandmaster,3,41487
2025-04-30T12:38:45.453584,celestial,1,4819
2025-04-30T12:38:45.453584,celestial,2,9199
2025-04-30T12:38:45.453584,celestial,3,22462
2025-04-30T12:38:45.453584,eternity,total,8820
2025-04-30T12:38:45.453584,one_above_all,total,996
2025-04-30T18:27:45.325512,bronze,1,22260
2025-04-30T18:27:45.325512,bronze,2,27485
2025-04-30T18:27:45.325512,bronze,3,110991
2025-04-30T18:27:45.325512,silver,1,19121
2025-04-30T18:27:45.325512,silver,2,21251
2025-04-30T18:27:45.325512,silver,3,24854
2025-04-30T18:27:45.325512,gold,1,20871
2025-04-30T18:27:45.325512,gold,2,22803
2025-04-30T18:27:45.325512,gold,3,32763
2025-04-30T18:27:45.325512,platinum,1,22995
2025-04-30T18:27:45.325512,platinum,2,25132
2025-04-30T18:27:45.325512,platinum,3,30977
2025-04-30T18:27:45.325512,diamond,1,24391
2025-04-30T18:27:45.325512,diamond,2,27126
2025-04-30T18:27:45.325512,diamond,3,33662
2025-04-30T18:27:45.325512,grandmaster,1,16499
2025-04-30T18:27:45.325512,grandmaster,2,23501
2025-04-30T18:27:45.325512,grandmaster,3,41537
2025-04-30T18:27:45.325512,celestial,1,4822
2025-04-30T18:27:45.325512,celestial,2,9200
2025-04-30T18:27:45.325512,celestial,3,22492
2025-04-30T18:27:45.325512,eternity,total,8841
2025-04-30T18:27:45.325512,one_above_all,total,994
2025-05-01T01:46:34.557544,bronze,1,22266
2025-05-01T01:46:34.557544,bronze,2,27495
2025-05-01T01:46:34.557544,bronze,3,111028
2025-05-01T01:46:34.557544,silver,1,19133
2025-05-01T01:46:34.557544,silver,2,21262
2025-05-01T01:46:34.557544,silver,3,24867
2025-05-01T01:46:34.557544,gold,1,20891
2025-05-01T01:46:34.557544,gold,2,22825
2025-05-01T01:46:34.557544,gold,3,32792
2025-05-01T01:46:34.557544,platinum,1,23010
2025-05-01T01:46:34.557544,platinum,2,25164
2025-05-01T01:46:34.557544,platinum,3,31020
2025-05-01T01:46:34.557544,diamond,1,24426
2025-05-01T01:46:34.557544,diamond,2,27168
2025-05-01T01:46:34.557544,diamond,3,33710
2025-05-01T01:46:34.557544,grandmaster,1,16519
2025-05-01T01:46:34.557544,grandmaster,2,23537
2025-05-01T01:46:34.557544,grandmaster,3,41605
2025-05-01T01:46:34.557544,celestial,1,4828
2025-05-01T01:46:34.557544,celestial,2,9215
2025-05-01T01:46:34.557544,celestial,3,22533
2025-05-01T01:46:34.557544,eternity,total,8857
2025-05-01T01:46:34.557544,one_above_all,total,994
2025-05-01T06:29:08.175472,bronze,1,22266
2025-05-01T06:29:08.175472,bronze,2,27495
2025-05-01T06:29:08.175472,bronze,3,111028
2025-05-01T06:29:08.175472,silver,1,19133
2025-05-01T06:29:08.175472,silver,2,21262
2025-05-01T06:29:08.175472,silver,3,24867
2025-05-01T06:29:08.175472,gold,1,20891
2025-05-01T06:29:08.175472,gold,2,22825
2025-05-01T06:29:08.175472,gold,3,32792
2025-05-01T06:29:08.175472,platinum,1,23010
2025-05-01T06:29:08.175472,platinum,2,25164
2025-05-01T06:29:08.175472,platinum,3,31020
2025-05-01T06:29:08.175472,diamond,1,24426
2025-05-01T06:29:08.175472,diamond,2,27168
2025-05-01T06:29:08.175472,diamond,3,33710
2025-05-01T06:29:08.175472,grandmaster,1,16519
2025-05-01T06:29:08.175472,grandmaster,2,23537
2025-05-01T06:29:08.175472,grandmaster,3,41605
2025-05-01T06:29:08.175472,celestial,1,4828
2025-05-01T06:29:08.175472,celestial,2,9215
2025-05-01T06:29:08.175472,celestial,3,22533
2025-05-01T06:29:08.175472,eternity,total,8857
2025-05-01T06:29:08.175472,one_above_all,total,994
2025-05-01T12:38:17.759551,bronze,1,22275
2025-05-01T12:38:17.759551,bronze,2,27501
2025-05-01T12:38:17.759551,bronze,3,111089
2025-05-01T12:38:17.759551,silver,1,19144
2025-05-01T12:38:17.759551,silver,2,21283
2025-05-01T12:38:17.759551,silver,3,24872
2025-05-01T12:38:17.759551,gold,1,20906
2025-05-01T12:38:17.759551,gold,2,22834
2025-05-01T12:38:17.759551,gold,3,32813
2025-05-01T12:38:17.759551,platinum,1,23030
2025-05-01T12:38:17.759551,platinum,2,25192
2025-05-01T12:38:17.759551,platinum,3,31058
2025-05-01T12:38:17.759551,diamond,1,24448
2025-05-01T12:38:17.759551,diamond,2,27215
2025-05-01T12:38:17.759551,diamond,3,33772
2025-05-01T12:38:17.759551,grandmaster,1,16543
2025-05-01T12:38:17.759551,grandmaster,2,23580
2025-05-01T12:38:17.759551,grandmaster,3,41677
2025-05-01T12:38:17.759551,celestial,1,4835
2025-05-01T12:38:17.759551,celestial,2,9227
2025-05-01T12:38:17.759551,celestial,3,22574
2025-05-01T12:38:17.759551,eternity,total,8873
2025-05-01T12:38:17.759551,one_above_all,total,992
2025-05-01T18:27:34.856263,bronze,1,22278
2025-05-01T18:27:34.856263,bronze,2,27505
2025-05-01T18:27:34.856263,bronze,3,111107
2025-05-01T18:27:34.856263,silver,1,19147
2025-05-01T18:27:34.856263,silver,2,21289
2025-05-01T18:27:34.856263,silver,3,24878
2025-05-01T18:27:34.856263,gold,1,20911
2025-05-01T18:27:34.856263,gold,2,22835
2025-05-01T18:27:34.856263,gold,3,32819
2025-05-01T18:27:34.856263,platinum,1,23035
2025-05-01T18:27:34.856263,platinum,2,25203
2025-05-01T18:27:34.856263,platinum,3,31067
2025-05-01T18:27:34.856263,diamond,1,24462
2025-05-01T18:27:34.856263,diamond,2,27232
2025-05-01T18:27:34.856263,diamond,3,33786
2025-05-01T18:27:34.856263,grandmaster,1,16552
2025-05-01T18:27:34.856263,grandmaster,2,23592
2025-05-01T18:27:34.856263,grandmaster,3,41701
2025-05-01T18:27:34.856263,celestial,1,4838
2025-05-01T18:27:34.856263,celestial,2,9231
2025-05-01T18:27:34.856263,celestial,3,22585
2025-05-01T18:27:34.856263,eternity,total,8877
2025-05-01T18:27:34.856263,one_above_all,total,992
2025-05-02T01:38:51.267265,bronze,1,22284
2025-05-02T01:38:51.267265,bronze,2,27513
2025-05-02T01:38:51.267265,bronze,3,111145
2025-05-02T01:38:51.267265,silver,1,19158
2025-05-02T01:38:51.267265,silver,2,21297
2025-05-02T01:38:51.267265,silver,3,24886
2025-05-02T01:38:51.267265,gold,1,20916
2025-05-02T01:38:51.267265,gold,2,22849
2025-05-02T01:38:51.267265,gold,3,32827
2025-05-02T01:38:51.267265,platinum,1,23058
2025-05-02T01:38:51.267265,platinum,2,25227
2025-05-02T01:38:51.267265,platinum,3,31093
2025-05-02T01:38:51.267265,diamond,1,24480
2025-05-02T01:38:51.267265,diamond,2,27245
2025-05-02T01:38:51.267265,diamond,3,33825
2025-05-02T01:38:51.267265,grandmaster,1,16564
2025-05-02T01:38:51.267265,grandmaster,2,23616
2025-05-02T01:38:51.267265,grandmaster,3,41750
2025-05-02T01:38:51.267265,celestial,1,4845
2025-05-02T01:38:51.267265,celestial,2,9242
2025-05-02T01:38:51.267265,celestial,3,22607
2025-05-02T01:38:51.267265,eternity,total,8884
2025-05-02T01:38:51.267265,one_above_all,total,992
2025-05-02T06:28:17.258511,bronze,1,22284
2025-05-02T06:28:17.258511,bronze,2,27513
2025-05-02T06:28:17.258511,bronze,3,111145
2025-05-02T06:28:17.258511,silver,1,19158
2025-05-02T06:28:17.258511,silver,2,21297
2025-05-02T06:28:17.258511,silver,3,24886
2025-05-02T06:28:17.258511,gold,1,20916
2025-05-02T06:28:17.258511,gold,2,22849
2025-05-02T06:28:17.258511,gold,3,32827
2025-05-02T06:28:17.258511,platinum,1,23058
2025-05-02T06:28:17.258511,platinum,2,25227
2025-05-02T06:28:17.258511,platinum,3,31093
2025-05-02T06:28:17.258511,diamond,1,24480
2025-05-02T06:28:17.258511,diamond,2,27245
2025-05-02T06:28:17.258511,diamond,3,33825
2025-05-02T06:28:17.258511,grandmaster,1,16564
2025-05-02T06:28:17.258511,grandmaster,2,23616
2025-05-02T06:28:17.258511,grandmaster,3,41750
2025-05-02T06:28:17.258511,celestial,1,4845
2025-05-02T06:28:17.258511,celestial,2,9242
2025-05-02T06:28:17.258511,celestial,3,22607
2025-05-02T06:28:17.258511,eternity,total,8884
2025-05-02T06:28:17.258511,one_above_all,total,992
2025-05-02T12:38:41.706669,bronze,1,22294
2025-05-02T12:38:41.706669,bronze,2,27525
2025-05-02T12:38:41.706669,bronze,3,111180
2025-05-02T12:38:41.706669,silver,1,19163
2025-05-02T12:38:41.706669,silver,2,21304
2025-05-02T12:38:41.706669,silver,3,24897
2025-05-02T12:38:41.706669,gold,1,20924
2025-05-02T12:38:41.706669,gold,2,22865
2025-05-02T12:38:41.706669,gold,3,32846
2025-05-02T12:38:41.706669,platinum,1,23085
2025-05-02T12:38:41.706669,platinum,2,25248
2025-05-02T12:38:41.706669,platinum,3,31120
2025-05-02T12:38:41.706669,diamond,1,24503
2025-05-02T12:38:41.706669,diamond,2,27283
2025-05-02T12:38:41.706669,diamond,3,33868
2025-05-02T12:38:41.706669,grandmaster,1,16583
2025-05-02T12:38:41.706669,grandmaster,2,23645
2025-05-02T12:38:41.706669,grandmaster,3,41812
2025-05-02T12:38:41.706669,celestial,1,4844
2025-05-02T12:38:41.706669,celestial,2,9256
2025-05-02T12:38:41.706669,celestial,3,22664
2025-05-02T12:38:41.706669,eternity,total,8908
2025-05-02T12:38:41.706669,one_above_all,total,990
2025-05-02T18:27:08.456340,bronze,1,22301
2025-05-02T18:27:08.456340,bronze,2,27532
2025-05-02T18:27:08.456340,bronze,3,111208
2025-05-02T18:27:08.456340,silver,1,19170
2025-05-02T18:27:08.456340,silver,2,21311
2025-05-02T18:27:08.456340,silver,3,24907
2025-05-02T18:27:08.456340,gold,1,20931
2025-05-02T18:27:08.456340,gold,2,22873
2025-05-02T18:27:08.456340,gold,3,32866
2025-05-02T18:27:08.456340,platinum,1,23096
2025-05-02T18:27:08.456340,platinum,2,25255
2025-05-02T18:27:08.456340,platinum,3,31138
2025-05-02T18:27:08.456340,diamond,1,24528
2025-05-02T18:27:08.456340,diamond,2,27300
2025-05-02T18:27:08.456340,diamond,3,33905
2025-05-02T18:27:08.456340,grandmaster,1,16594
2025-05-02T18:27:08.456340,grandmaster,2,23679
2025-05-02T18:27:08.456340,grandmaster,3,41871
2025-05-02T18:27:08.456340,celestial,1,4844
2025-05-02T18:27:08.456340,celestial,2,9267
2025-05-02T18:27:08.456340,celestial,3,22692
2025-05-02T18:27:08.456340,eternity,total,8927
2025-05-02T18:27:08.456340,one_above_all,total,990
2025-05-03T01:36:13.921804,bronze,1,22319
2025-05-03T01:36:13.921804,bronze,2,27543
2025-05-03T01:36:13.921804,bronze,3,111258
2025-05-03T01:36:13.921804,silver,1,19177
2025-05-03T01:36:13.921804,silver,2,21321
2025-05-03T01:36:13.921804,silver,3,24917
2025-05-03T01:36:13.921804,gold,1,20955
2025-05-03T01:36:13.921804,gold,2,22892
2025-05-03T01:36:13.921804,gold,3,32887
2025-05-03T01:36:13.921804,platinum,1,23116
2025-05-03T01:36:13.921804,platinum,2,25280
2025-05-03T01:36:13.921804,platinum,3,31173
2025-05-03T01:36:13.921804,diamond,1,24554
2025-05-03T01:36:13.921804,diamond,2,27334
2025-05-03T01:36:13.921804,diamond,3,33949
2025-05-03T01:36:13.921804,grandmaster,1,16626
2025-05-03T01:36:13.921804,grandmaster,2,23699
2025-05-03T01:36:13.921804,grandmaster,3,41940
2025-05-03T01:36:13.921804,celestial,1,4846
2025-05-03T01:36:13.921804,celestial,2,9277
2025-05-03T01:36:13.921804,celestial,3,22736
2025-05-03T01:36:13.921804,eternity,total,8937
2025-05-03T01:36:13.921804,one_above_all,total,990
2025-05-03T06:26:11.969111,bronze,1,22319
2025-05-03T06:26:11.969111,bronze,2,27543
2025-05-03T06:26:11.969111,bronze,3,111258
2025-05-03T06:26:11.969111,silver,1,19177
2025-05-03T06:26:11.969111,silver,2,21321
2025-05-03T06:26:11.969111,silver,3,24917
2025-05-03T06:26:11.969111,gold,1,20955
2025-05-03T06:26:11.969111,gold,2,22892
2025-05-03T06:26:11.969111,gold,3,32887
2025-05-03T06:26:11.969111,platinum,1,23116
2025-05-03T06:26:11.969111,platinum,2,25280
2025-05-03T06:26:11.969111,platinum,3,31173
2025-05-03T06:26:11.969111,diamond,1,24554
2025-05-03T06:26:11.969111,diamond,2,27334
2025-05-03T06:26:11.969111,diamond,3,33949
2025-05-03T06:26:11.969111,grandmaster,1,16626
2025-05-03T06:26:11.969111,grandmaster,2,23699
2025-05-03T06:26:11.969111,grandmaster,3,41940
2025-05-03T06:26:11.969111,celestial,1,4846
2025-05-03T06:26:11.969111,celestial,2,9277
2025-05-03T06:26:11.969111,celestial,3,22736
2025-05-03T06:26:11.969111,eternity,total,8937
2025-05-03T06:26:11.969111,one_above_all,total,990
2025-05-03T12:36:02.043675,bronze,1,22328
2025-05-03T12:36:02.043675,bronze,2,27545
2025-05-03T12:36:02.043675,bronze,3,111293
2025-05-03T12:36:02.043675,silver,1,19183
2025-05-03T12:36:02.043675,silver,2,21332
2025-05-03T12:36:02.043675,silver,3,24933
2025-05-03T12:36:02.043675,gold,1,20971
2025-05-03T12:36:02.043675,gold,2,22908
2025-05-03T12:36:02.043675,gold,3,32910
2025-05-03T12:36:02.043675,platinum,1,23132
2025-05-03T12:36:02.043675,platinum,2,25295
2025-05-03T12:36:02.043675,platinum,3,31195
2025-05-03T12:36:02.043675,diamond,1,24573
2025-05-03T12:36:02.043675,diamond,2,27364
2025-05-03T12:36:02.043675,diamond,3,33978
2025-05-03T12:36:02.043675,grandmaster,1,16643
2025-05-03T12:36:02.043675,grandmaster,2,23729
2025-05-03T12:36:02.043675,grandmaster,3,41995
2025-05-03T12:36:02.043675,celestial,1,4841
2025-05-03T12:36:02.043675,celestial,2,9298
2025-05-03T12:36:02.043675,celestial,3,22777
2025-05-03T12:36:02.043675,eternity,total,8953
2025-05-03T12:36:02.043675,one_above_all,total,989
2025-05-03T18:25:21.055366,bronze,1,22335
2025-05-03T18:25:21.055366,bronze,2,27555
2025-05-03T18:25:21.055366,bronze,3,111315
2025-05-03T18:25:21.055366,silver,1,19192
2025-05-03T18:25:21.055366,silver,2,21340
2025-05-03T18:25:21.055366,silver,3,24944
2025-05-03T18:25:21.055366,gold,1,20985
2025-05-03T18:25:21.055366,gold,2,22913
2025-05-03T18:25:21.055366,gold,3,32930
2025-05-03T18:25:21.055366,platinum,1,23156
2025-05-03T18:25:21.055366,platinum,2,25313
2025-05-03T18:25:21.055366,platinum,3,31223
2025-05-03T18:25:21.055366,diamond,1,24613
2025-05-03T18:25:21.055366,diamond,2,27401
2025-05-03T18:25:21.055366,diamond,3,34030
2025-05-03T18:25:21.055366,grandmaster,1,16670
2025-05-03T18:25:21.055366,grandmaster,2,23762
2025-05-03T18:25:21.055366,grandmaster,3,42066
2025-05-03T18:25:21.055366,celestial,1,4843
2025-05-03T18:25:21.055366,celestial,2,9306
2025-05-03T18:25:21.055366,celestial,3,22823
2025-05-03T18:25:21.055366,eternity,total,8962
2025-05-03T18:25:21.055366,one_above_all,total,989
2025-05-04T01:47:03.421032,bronze,1,22343
2025-05-04T01:47:03.421032,bronze,2,27570
2025-05-04T01:47:03.421032,bronze,3,111363
2025-05-04T01:47:03.421032,silver,1,19204
2025-05-04T01:47:03.421032,silver,2,21347
2025-05-04T01:47:03.421032,silver,3,24955
2025-05-04T01:47:03.421032,gold,1,21009
2025-05-04T01:47:03.421032,gold,2,22931
2025-05-04T01:47:03.421032,gold,3,32948
2025-05-04T01:47:03.421032,platinum,1,23196
2025-05-04T01:47:03.421032,platinum,2,25351
2025-05-04T01:47:03.421032,platinum,3,31257
2025-05-04T01:47:03.421032,diamond,1,24639
2025-05-04T01:47:03.421032,diamond,2,27431
2025-05-04T01:47:03.421032,diamond,3,34073
2025-05-04T01:47:03.421032,grandmaster,1,16692
2025-05-04T01:47:03.421032,grandmaster,2,23802
2025-05-04T01:47:03.421032,grandmaster,3,42152
2025-05-04T01:47:03.421032,celestial,1,4852
2025-05-04T01:47:03.421032,celestial,2,9314
2025-05-04T01:47:03.421032,celestial,3,22876
2025-05-04T01:47:03.421032,eternity,total,8978
2025-05-04T01:47:03.421032,one_above_all,total,989
2025-05-04T06:26:53.405689,bronze,1,22343
2025-05-04T06:26:53.405689,bronze,2,27570
2025-05-04T06:26:53.405689,bronze,3,111363
2025-05-04T06:26:53.405689,silver,1,19204
2025-05-04T06:26:53.405689,silver,2,21347
2025-05-04T06:26:53.405689,silver,3,24955
2025-05-04T06:26:53.405689,gold,1,21009
2025-05-04T06:26:53.405689,gold,2,22931
2025-05-04T06:26:53.405689,gold,3,32948
2025-05-04T06:26:53.405689,platinum,1,23196
2025-05-04T06:26:53.405689,platinum,2,25351
2025-05-04T06:26:53.405689,platinum,3,31257
2025-05-04T06:26:53.405689,diamond,1,24639
2025-05-04T06:26:53.405689,diamond,2,27431
2025-05-04T06:26:53.405689,diamond,3,34073
2025-05-04T06:26:53.405689,grandmaster,1,16692
2025-05-04T06:26:53.405689,grandmaster,2,23802
2025-05-04T06:26:53.405689,grandmaster,3,42152
2025-05-04T06:26:53.405689,celestial,1,4852
2025-05-04T06:26:53.405689,celestial,2,9314
2025-05-04T06:26:53.405689,celestial,3,22876
2025-05-04T06:26:53.405689,eternity,total,8978
2025-05-04T06:26:53.405689,one_above_all,total,989
2025-05-04T12:36:23.432210,bronze,1,22352
2025-05-04T12:36:23.432210,bronze,2,27587
2025-05-04T12:36:23.432210,bronze,3,111399
2025-05-04T12:36:23.432210,silver,1,19214
2025-05-04T12:36:23.432210,silver,2,21352
2025-05-04T12:36:23.432210,silver,3,24962
2025-05-04T12:36:23.432210,gold,1,21024
2025-05-04T12:36:23.432210,gold,2,22942
2025-05-04T12:36:23.432210,gold,3,32975
2025-05-04T12:36:23.432210,platinum,1,23212
2025-05-04T12:36:23.432210,platinum,2,25375
2025-05-04T12:36:23.432210,platinum,3,31271
2025-05-04T12:36:23.432210,diamond,1,24673
2025-05-04T12:36:23.432210,diamond,2,27471
2025-05-04T12:36:23.432210,diamond,3,34136
2025-05-04T12:36:23.432210,grandmaster,1,16727
2025-05-04T12:36:23.432210,grandmaster,2,23823
2025-05-04T12:36:23.432210,grandmaster,3,42231
2025-05-04T12:36:23.432210,celestial,1,4852
2025-05-04T12:36:23.432210,celestial,2,9328
2025-05-04T12:36:23.432210,celestial,3,22906
2025-05-04T12:36:23.432210,eternity,total,8990
2025-05-04T12:36:23.432210,one_above_all,total,989
2025-05-04T18:25:19.717965,bronze,1,22361
2025-05-04T18:25:19.717965,bronze,2,27591
2025-05-04T18:25:19.717965,bronze,3,111434
2025-05-04T18:25:19.717965,silver,1,19221
2025-05-04T18:25:19.717965,silver,2,21360
2025-05-04T18:25:19.717965,silver,3,24966
2025-05-04T18:25:19.717965,gold,1,21047
2025-05-04T18:25:19.717965,gold,2,22953
2025-05-04T18:25:19.717965,gold,3,32992
2025-05-04T18:25:19.717965,platinum,1,23231
2025-05-04T18:25:19.717965,platinum,2,25393
2025-05-04T18:25:19.717965,platinum,3,31290
2025-05-04T18:25:19.717965,diamond,1,24693
2025-05-04T18:25:19.717965,diamond,2,27490
2025-05-04T18:25:19.717965,diamond,3,34160
2025-05-04T18:25:19.717965,grandmaster,1,16737
2025-05-04T18:25:19.717965,grandmaster,2,23846
2025-05-04T18:25:19.717965,grandmaster,3,42267
2025-05-04T18:25:19.717965,celestial,1,4856
2025-05-04T18:25:19.717965,celestial,2,9333
2025-05-04T18:25:19.717965,celestial,3,22951
2025-05-04T18:25:19.717965,eternity,total,8998
2025-05-04T18:25:19.717965,one_above_all,total,989
2025-05-05T01:43:18.437621,bronze,1,22373
2025-05-05T01:43:18.437621,bronze,2,27606
2025-05-05T01:43:18.437621,bronze,3,111495
2025-05-05T01:43:18.437621,silver,1,19230
2025-05-05T01:43:18.437621,silver,2,21373
2025-05-05T01:43:18.437621,silver,3,24981
2025-05-05T01:43:18.437621,gold,1,21063
2025-05-05T01:43:18.437621,gold,2,22972
2025-05-05T01:43:18.437621,gold,3,33027
2025-05-05T01:43:18.437621,platinum,1,23263
2025-05-05T01:43:18.437621,platinum,2,25412
2025-05-05T01:43:18.437621,platinum,3,31327
2025-05-05T01:43:18.437621,diamond,1,24741
2025-05-05T01:43:18.437621,diamond,2,27543
2025-05-05T01:43:18.437621,diamond,3,34203
2025-05-05T01:43:18.437621,grandmaster,1,16759
2025-05-05T01:43:18.437621,grandmaster,2,23896
2025-05-05T01:43:18.437621,grandmaster,3,42340
2025-05-05T01:43:18.437621,celestial,1,4863
2025-05-05T01:43:18.437621,celestial,2,9340
2025-05-05T01:43:18.437621,celestial,3,22993
2025-05-05T01:43:18.437621,eternity,total,9012
2025-05-05T01:43:18.437621,one_above_all,total,986
2025-05-05T06:29:44.898744,bronze,1,22373
2025-05-05T06:29:44.898744,bronze,2,27606
2025-05-05T06:29:44.898744,bronze,3,111495
2025-05-05T06:29:44.898744,silver,1,19230
2025-05-05T06:29:44.898744,silver,2,21373
2025-05-05T06:29:44.898744,silver,3,24981
2025-05-05T06:29:44.898744,gold,1,21063
2025-05-05T06:29:44.898744,gold,2,22972
2025-05-05T06:29:44.898744,gold,3,33027
2025-05-05T06:29:44.898744,platinum,1,23263
2025-05-05T06:29:44.898744,platinum,2,25412
2025-05-05T06:29:44.898744,platinum,3,31327
2025-05-05T06:29:44.898744,diamond,1,24741
2025-05-05T06:29:44.898744,diamond,2,27543
2025-05-05T06:29:44.898744,diamond,3,34203
2025-05-05T06:29:44.898744,grandmaster,1,16759
2025-05-05T06:29:44.898744,grandmaster,2,23896
2025-05-05T06:29:44.898744,grandmaster,3,42340
2025-05-05T06:29:44.898744,celestial,1,4863
2025-05-05T06:29:44.898744,celestial,2,9340
2025-05-05T06:29:44.898744,celestial,3,22993
2025-05-05T06:29:44.898744,eternity,total,9012
2025-05-05T06:29:44.898744,one_above_all,total,986
2025-05-05T12:39:52.915787,bronze,1,22383
2025-05-05T12:39:52.915787,bronze,2,27617
2025-05-05T12:39:52.915787,bronze,3,111550
2025-05-05T12:39:52.915787,silver,1,19243
2025-05-05T12:39:52.915787,silver,2,21390
2025-05-05T12:39:52.915787,silver,3,24997
2025-05-05T12:39:52.915787,gold,1,21089
2025-05-05T12:39:52.915787,gold,2,22990
2025-05-05T12:39:52.915787,gold,3,33060
2025-05-05T12:39:52.915787,platinum,1,23285
2025-05-05T12:39:52.915787,platinum,2,25446
2025-05-05T12:39:52.915787,platinum,3,31362
2025-05-05T12:39:52.915787,diamond,1,24782
2025-05-05T12:39:52.915787,diamond,2,27576
2025-05-05T12:39:52.915787,diamond,3,34251
2025-05-05T12:39:52.915787,grandmaster,1,16785
2025-05-05T12:39:52.915787,grandmaster,2,23940
2025-05-05T12:39:52.915787,grandmaster,3,42433
2025-05-05T12:39:52.915787,celestial,1,4868
2025-05-05T12:39:52.915787,celestial,2,9353
2025-05-05T12:39:52.915787,celestial,3,23034
2025-05-05T12:39:52.915787,eternity,total,9025
2025-05-05T12:39:52.915787,one_above_all,total,985
2025-05-05T18:24:20.977072,bronze,1,22390
2025-05-05T18:24:20.977072,bronze,2,27628
2025-05-05T18:24:20.977072,bronze,3,111582
2025-05-05T18:24:20.977072,silver,1,19259
2025-05-05T18:24:20.977072,silver,2,21400
2025-05-05T18:24:20.977072,silver,3,25008
2025-05-05T18:24:20.977072,gold,1,21129
2025-05-05T18:24:20.977072,gold,2,23012
2025-05-05T18:24:20.977072,gold,3,33089
2025-05-05T18:24:20.977072,platinum,1,23336
2025-05-05T18:24:20.977072,platinum,2,25489
2025-05-05T18:24:20.977072,platinum,3,31417
2025-05-05T18:24:20.977072,diamond,1,24830
2025-05-05T18:24:20.977072,diamond,2,27621
2025-05-05T18:24:20.977072,diamond,3,34293
2025-05-05T18:24:20.977072,grandmaster,1,16797
2025-05-05T18:24:20.977072,grandmaster,2,23965
2025-05-05T18:24:20.977072,grandmaster,3,42497
2025-05-05T18:24:20.977072,celestial,1,4870
2025-05-05T18:24:20.977072,celestial,2,9363
2025-05-05T18:24:20.977072,celestial,3,23058
2025-05-05T18:24:20.977072,eternity,total,9036
2025-05-05T18:24:20.977072,one_above_all,total,986
2025-05-06T01:39:49.258035,bronze,1,22397
2025-05-06T01:39:49.258035,bronze,2,27634
2025-05-06T01:39:49.258035,bronze,3,111629
2025-05-06T01:39:49.258035,silver,1,19271
2025-05-06T01:39:49.258035,silver,2,21412
2025-05-06T01:39:49.258035,silver,3,25007
2025-05-06T01:39:49.258035,gold,1,21150
2025-05-06T01:39:49.258035,gold,2,23033
2025-05-06T01:39:49.258035,gold,3,33114
2025-05-06T01:39:49.258035,platinum,1,23365
2025-05-06T01:39:49.258035,platinum,2,25502
2025-05-06T01:39:49.258035,platinum,3,31460
2025-05-06T01:39:49.258035,diamond,1,24860
2025-05-06T01:39:49.258035,diamond,2,27659
2025-05-06T01:39:49.258035,diamond,3,34329
2025-05-06T01:39:49.258035,grandmaster,1,16809
2025-05-06T01:39:49.258035,grandmaster,2,23996
2025-05-06T01:39:49.258035,grandmaster,3,42590
2025-05-06T01:39:49.258035,celestial,1,4871
2025-05-06T01:39:49.258035,celestial,2,9379
2025-05-06T01:39:49.258035,celestial,3,23114
2025-05-06T01:39:49.258035,eternity,total,9048
2025-05-06T01:39:49.258035,one_above_all,total,988
2025-05-06T06:28:32.626783,bronze,1,22397
2025-05-06T06:28:32.626783,bronze,2,27634
2025-05-06T06:28:32.626783,bronze,3,111629
2025-05-06T06:28:32.626783,silver,1,19271
2025-05-06T06:28:32.626783,silver,2,21412
2025-05-06T06:28:32.626783,silver,3,25007
2025-05-06T06:28:32.626783,gold,1,21150
2025-05-06T06:28:32.626783,gold,2,23033
2025-05-06T06:28:32.626783,gold,3,33114
2025-05-06T06:28:32.626783,platinum,1,23365
2025-05-06T06:28:32.626783,platinum,2,25502
2025-05-06T06:28:32.626783,platinum,3,31460
2025-05-06T06:28:32.626783,diamond,1,24860
2025-05-06T06:28:32.626783,diamond,2,27659
2025-05-06T06:28:32.626783,diamond,3,34329
2025-05-06T06:28:32.626783,grandmaster,1,16809
2025-05-06T06:28:32.626783,grandmaster,2,23996
2025-05-06T06:28:32.626783,grandmaster,3,42590
2025-05-06T06:28:32.626783,celestial,1,4871
2025-05-06T06:28:32.626783,celestial,2,9379
2025-05-06T06:28:32.626783,celestial,3,23114
2025-05-06T06:28:32.626783,eternity,total,9048
2025-05-06T06:28:32.626783,one_above_all,total,988
2025-05-06T12:41:37.821107,bronze,1,22407
2025-05-06T12:41:37.821107,bronze,2,27653
2025-05-06T12:41:37.821107,bronze,3,111677
2025-05-06T12:41:37.821107,silver,1,19288
2025-05-06T12:41:37.821107,silver,2,21424
2025-05-06T12:41:37.821107,silver,3,25020
2025-05-06T12:41:37.821107,gold,1,21182
2025-05-06T12:41:37.821107,gold,2,23070
2025-05-06T12:41:37.821107,gold,3,33146
2025-05-06T12:41:37.821107,platinum,1,23399
2025-05-06T12:41:37.821107,platinum,2,25551
2025-05-06T12:41:37.821107,platinum,3,31507
2025-05-06T12:41:37.821107,diamond,1,24901
2025-05-06T12:41:37.821107,diamond,2,27698
2025-05-06T12:41:37.821107,diamond,3,34408
2025-05-06T12:41:37.821107,grandmaster,1,16836
2025-05-06T12:41:37.821107,grandmaster,2,24022
2025-05-06T12:41:37.821107,grandmaster,3,42679
2025-05-06T12:41:37.821107,celestial,1,4882
2025-05-06T12:41:37.821107,celestial,2,9392
2025-05-06T12:41:37.821107,celestial,3,23152
2025-05-06T12:41:37.821107,eternity,total,9056
2025-05-06T12:41:37.821107,one_above_all,total,988
2025-05-06T18:27:58.198424,bronze,1,22422
2025-05-06T18:27:58.198424,bronze,2,27673
2025-05-06T18:27:58.198424,bronze,3,111729
2025-05-06T18:27:58.198424,silver,1,19315
2025-05-06T18:27:58.198424,silver,2,21443
2025-05-06T18:27:58.198424,silver,3,25038
2025-05-06T18:27:58.198424,gold,1,21211
2025-05-06T18:27:58.198424,gold,2,23090
2025-05-06T18:27:58.198424,gold,3,33192
2025-05-06T18:27:58.198424,platinum,1,23447
2025-05-06T18:27:58.198424,platinum,2,25608
2025-05-06T18:27:58.198424,platinum,3,31586
2025-05-06T18:27:58.198424,diamond,1,24960
2025-05-06T18:27:58.198424,diamond,2,27762
2025-05-06T18:27:58.198424,diamond,3,34474
2025-05-06T18:27:58.198424,grandmaster,1,16856
2025-05-06T18:27:58.198424,grandmaster,2,24080
2025-05-06T18:27:58.198424,grandmaster,3,42792
2025-05-06T18:27:58.198424,celestial,1,4887
2025-05-06T18:27:58.198424,celestial,2,9412
2025-05-06T18:27:58.198424,celestial,3,23203
2025-05-06T18:27:58.198424,eternity,total,9073
2025-05-06T18:27:58.198424,one_above_all,total,987
2025-05-07T01:40:30.090833,bronze,1,22443
2025-05-07T01:40:30.090833,bronze,2,27693
2025-05-07T01:40:30.090833,bronze,3,111808
2025-05-07T01:40:30.090833,silver,1,19333
2025-05-07T01:40:30.090833,silver,2,21459
2025-05-07T01:40:30.090833,silver,3,25059
2025-05-07T01:40:30.090833,gold,1,21248
2025-05-07T01:40:30.090833,gold,2,23120
2025-05-07T01:40:30.090833,gold,3,33252
2025-05-07T01:40:30.090833,platinum,1,23504
2025-05-07T01:40:30.090833,platinum,2,25665
2025-05-07T01:40:30.090833,platinum,3,31632
2025-05-07T01:40:30.090833,diamond,1,25013
2025-05-07T01:40:30.090833,diamond,2,27831
2025-05-07T01:40:30.090833,diamond,3,34555
2025-05-07T01:40:30.090833,grandmaster,1,16878
2025-05-07T01:40:30.090833,grandmaster,2,24110
2025-05-07T01:40:30.090833,grandmaster,3,42877
2025-05-07T01:40:30.090833,celestial,1,4891
2025-05-07T01:40:30.090833,celestial,2,9433
2025-05-07T01:40:30.090833,celestial,3,23264
2025-05-07T01:40:30.090833,eternity,total,9090
2025-05-07T01:40:30.090833,one_above_all,total,985
2025-05-07T06:29:00.341118,bronze,1,22443
2025-05-07T06:29:00.341118,bronze,2,27693
2025-05-07T06:29:00.341118,bronze,3,111808
2025-05-07T06:29:00.341118,silver,1,19333
2025-05-07T06:29:00.341118,silver,2,21459
2025-05-07T06:29:00.341118,silver,3,25059
2025-05-07T06:29:00.341118,gold,1,21248
2025-05-07T06:29:00.341118,gold,2,23120
2025-05-07T06:29:00.341118,gold,3,33252
2025-05-07T06:29:00.341118,platinum,1,23504
2025-05-07T06:29:00.341118,platinum,2,25665
2025-05-07T06:29:00.341118,platinum,3,31632
2025-05-07T06:29:00.341118,diamond,1,25013
2025-05-07T06:29:00.341118,diamond,2,27831
2025-05-07T06:29:00.341118,diamond,3,34555
2025-05-07T06:29:00.341118,grandmaster,1,16878
2025-05-07T06:29:00.341118,grandmaster,2,24110
2025-05-07T06:29:00.341118,grandmaster,3,42877
2025-05-07T06:29:00.341118,celestial,1,4891
2025-05-07T06:29:00.341118,celestial,2,9433
2025-05-07T06:29:00.341118,celestial,3,23264
2025-05-07T06:29:00.341118,eternity,total,9090
2025-05-07T06:29:00.341118,one_above_all,total,985
2025-05-07T12:41:53.682128,bronze,1,22462
2025-05-07T12:41:53.682128,bronze,2,27711
2025-05-07T12:41:53.682128,bronze,3,111865
2025-05-07T12:41:53.682128,silver,1,19357
2025-05-07T12:41:53.682128,silver,2,21478
2025-05-07T12:41:53.682128,silver,3,25082
2025-05-07T12:41:53.682128,gold,1,21288
2025-05-07T12:41:53.682128,gold,2,23145
2025-05-07T12:41:53.682128,gold,3,33288
2025-05-07T12:41:53.682128,platinum,1,23578
2025-05-07T12:41:53.682128,platinum,2,25730
2025-05-07T12:41:53.682128,platinum,3,31684
2025-05-07T12:41:53.682128,diamond,1,25076
2025-05-07T12:41:53.682128,diamond,2,27910
2025-05-07T12:41:53.682128,diamond,3,34657
2025-05-07T12:41:53.682128,grandmaster,1,16905
2025-05-07T12:41:53.682128,grandmaster,2,24161
2025-05-07T12:41:53.682128,grandmaster,3,42994
2025-05-07T12:41:53.682128,celestial,1,4897
2025-05-07T12:41:53.682128,celestial,2,9449
2025-05-07T12:41:53.682128,celestial,3,23302
2025-05-07T12:41:53.682128,eternity,total,9105
2025-05-07T12:41:53.682128,one_above_all,total,985
2025-05-07T18:27:49.077528,bronze,1,22470
2025-05-07T18:27:49.077528,bronze,2,27721
2025-05-07T18:27:49.077528,bronze,3,111904
2025-05-07T18:27:49.077528,silver,1,19373
2025-05-07T18:27:49.077528,silver,2,21486
2025-05-07T18:27:49.077528,silver,3,25091
2025-05-07T18:27:49.077528,gold,1,21309
2025-05-07T18:27:49.077528,gold,2,23156
2025-05-07T18:27:49.077528,gold,3,33311
2025-05-07T18:27:49.077528,platinum,1,23617
2025-05-07T18:27:49.077528,platinum,2,25751
2025-05-07T18:27:49.077528,platinum,3,31708
2025-05-07T18:27:49.077528,diamond,1,25136
2025-05-07T18:27:49.077528,diamond,2,27979
2025-05-07T18:27:49.077528,diamond,3,34712
2025-05-07T18:27:49.077528,grandmaster,1,16917
2025-05-07T18:27:49.077528,grandmaster,2,24186
2025-05-07T18:27:49.077528,grandmaster,3,43098
2025-05-07T18:27:49.077528,celestial,1,4901
2025-05-07T18:27:49.077528,celestial,2,9461
2025-05-07T18:27:49.077528,celestial,3,23333
2025-05-07T18:27:49.077528,eternity,total,9115
2025-05-07T18:27:49.077528,one_above_all,total,986
2025-05-08T01:40:33.360560,bronze,1,22486
2025-05-08T01:40:33.360560,bronze,2,27741
2025-05-08T01:40:33.360560,bronze,3,111948
2025-05-08T01:40:33.360560,silver,1,19387
2025-05-08T01:40:33.360560,silver,2,21502
2025-05-08T01:40:33.360560,silver,3,25111
2025-05-08T01:40:33.360560,gold,1,21330
2025-05-08T01:40:33.360560,gold,2,23186
2025-05-08T01:40:33.360560,gold,3,33349
2025-05-08T01:40:33.360560,platinum,1,23646
2025-05-08T01:40:33.360560,platinum,2,25780
2025-05-08T01:40:33.360560,platinum,3,31732
2025-05-08T01:40:33.360560,diamond,1,25170
2025-05-08T01:40:33.360560,diamond,2,28008
2025-05-08T01:40:33.360560,diamond,3,34764
2025-05-08T01:40:33.360560,grandmaster,1,16936
2025-05-08T01:40:33.360560,grandmaster,2,24228
2025-05-08T01:40:33.360560,grandmaster,3,43180
2025-05-08T01:40:33.360560,celestial,1,4907
2025-05-08T01:40:33.360560,celestial,2,9477
2025-05-08T01:40:33.360560,celestial,3,23369
2025-05-08T01:40:33.360560,eternity,total,9132
2025-05-08T01:40:33.360560,one_above_all,total,987
2025-05-08T06:29:32.002800,bronze,1,22486
2025-05-08T06:29:32.002800,bronze,2,27741
2025-05-08T06:29:32.002800,bronze,3,111948
2025-05-08T06:29:32.002800,silver,1,19387
2025-05-08T06:29:32.002800,silver,2,21502
2025-05-08T06:29:32.002800,silver,3,25111
2025-05-08T06:29:32.002800,gold,1,21330
2025-05-08T06:29:32.002800,gold,2,23186
2025-05-08T06:29:32.002800,gold,3,33349
2025-05-08T06:29:32.002800,platinum,1,23646
2025-05-08T06:29:32.002800,platinum,2,25780
2025-05-08T06:29:32.002800,platinum,3,31732
2025-05-08T06:29:32.002800,diamond,1,25170
2025-05-08T06:29:32.002800,diamond,2,28008
2025-05-08T06:29:32.002800,diamond,3,34764
2025-05-08T06:29:32.002800,grandmaster,1,16936
2025-05-08T06:29:32.002800,grandmaster,2,24228
2025-05-08T06:29:32.002800,grandmaster,3,43180
2025-05-08T06:29:32.002800,celestial,1,4907
2025-05-08T06:29:32.002800,celestial,2,9477
2025-05-08T06:29:32.002800,celestial,3,23369
2025-05-08T06:29:32.002800,eternity,total,9132
2025-05-08T06:29:32.002800,one_above_all,total,987
2025-05-08T12:40:04.494172,bronze,1,22493
2025-05-08T12:40:04.494172,bronze,2,27754
2025-05-08T12:40:04.494172,bronze,3,111991
2025-05-08T12:40:04.494172,silver,1,19398
2025-05-08T12:40:04.494172,silver,2,21512
2025-05-08T12:40:04.494172,silver,3,25123
2025-05-08T12:40:04.494172,gold,1,21354
2025-05-08T12:40:04.494172,gold,2,23201
2025-05-08T12:40:04.494172,gold,3,33371
2025-05-08T12:40:04.494172,platinum,1,23669
2025-05-08T12:40:04.494172,platinum,2,25804
2025-05-08T12:40:04.494172,platinum,3,31754
2025-05-08T12:40:04.494172,diamond,1,25208
2025-05-08T12:40:04.494172,diamond,2,28033
2025-05-08T12:40:04.494172,diamond,3,34803
2025-05-08T12:40:04.494172,grandmaster,1,16945
2025-05-08T12:40:04.494172,grandmaster,2,24278
2025-05-08T12:40:04.494172,grandmaster,3,43241
2025-05-08T12:40:04.494172,celestial,1,4904
2025-05-08T12:40:04.494172,celestial,2,9490
2025-05-08T12:40:04.494172,celestial,3,23402
2025-05-08T12:40:04.494172,eternity,total,9140
2025-05-08T12:40:04.494172,one_above_all,total,987
2025-05-08T18:28:07.997853,bronze,1,22503
2025-05-08T18:28:07.997853,bronze,2,27764
2025-05-08T18:28:07.997853,bronze,3,112021
2025-05-08T18:28:07.997853,silver,1,19408
2025-05-08T18:28:07.997853,silver,2,21518
2025-05-08T18:28:07.997853,silver,3,25135
2025-05-08T18:28:07.997853,gold,1,21367
2025-05-08T18:28:07.997853,gold,2,23224
2025-05-08T18:28:07.997853,gold,3,33384
2025-05-08T18:28:07.997853,platinum,1,23695
2025-05-08T18:28:07.997853,platinum,2,25822
2025-05-08T18:28:07.997853,platinum,3,31775
2025-05-08T18:28:07.997853,diamond,1,25234
2025-05-08T18:28:07.997853,diamond,2,28054
2025-05-08T18:28:07.997853,diamond,3,34824
2025-05-08T18:28:07.997853,grandmaster,1,16960
2025-05-08T18:28:07.997853,grandmaster,2,24309
2025-05-08T18:28:07.997853,grandmaster,3,43277
2025-05-08T18:28:07.997853,celestial,1,4910
2025-05-08T18:28:07.997853,celestial,2,9502
2025-05-08T18:28:07.997853,celestial,3,23434
2025-05-08T18:28:07.997853,eternity,total,9151
2025-05-08T18:28:07.997853,one_above_all,total,987
2025-05-09T01:40:05.393296,bronze,1,22511
2025-05-09T01:40:05.393296,bronze,2,27780
2025-05-09T01:40:05.393296,bronze,3,112064
2025-05-09T01:40:05.393296,silver,1,19417
2025-05-09T01:40:05.393296,silver,2,21532
2025-05-09T01:40:05.393296,silver,3,25142
2025-05-09T01:40:05.393296,gold,1,21383
2025-05-09T01:40:05.393296,gold,2,23240
2025-05-09T01:40:05.393296,gold,3,33404
2025-05-09T01:40:05.393296,platinum,1,23723
2025-05-09T01:40:05.393296,platinum,2,25843
2025-05-09T01:40:05.393296,platinum,3,31812
2025-05-09T01:40:05.393296,diamond,1,25261
2025-05-09T01:40:05.393296,diamond,2,28094
2025-05-09T01:40:05.393296,diamond,3,34868
2025-05-09T01:40:05.393296,grandmaster,1,16990
2025-05-09T01:40:05.393296,grandmaster,2,24350
2025-05-09T01:40:05.393296,grandmaster,3,43340
2025-05-09T01:40:05.393296,celestial,1,4912
2025-05-09T01:40:05.393296,celestial,2,9517
2025-05-09T01:40:05.393296,celestial,3,23476
2025-05-09T01:40:05.393296,eternity,total,9159
2025-05-09T01:40:05.393296,one_above_all,total,987
2025-05-09T06:29:08.691880,bronze,1,22511
2025-05-09T06:29:08.691880,bronze,2,27780
2025-05-09T06:29:08.691880,bronze,3,112064
2025-05-09T06:29:08.691880,silver,1,19417
2025-05-09T06:29:08.691880,silver,2,21532
2025-05-09T06:29:08.691880,silver,3,25142
2025-05-09T06:29:08.691880,gold,1,21383
2025-05-09T06:29:08.691880,gold,2,23240
2025-05-09T06:29:08.691880,gold,3,33404
2025-05-09T06:29:08.691880,platinum,1,23723
2025-05-09T06:29:08.691880,platinum,2,25843
2025-05-09T06:29:08.691880,platinum,3,31812
2025-05-09T06:29:08.691880,diamond,1,25261
2025-05-09T06:29:08.691880,diamond,2,28094
2025-05-09T06:29:08.691880,diamond,3,34868
2025-05-09T06:29:08.691880,grandmaster,1,16990
2025-05-09T06:29:08.691880,grandmaster,2,24350
2025-05-09T06:29:08.691880,grandmaster,3,43340
2025-05-09T06:29:08.691880,celestial,1,4912
2025-05-09T06:29:08.691880,celestial,2,9517
2025-05-09T06:29:08.691880,celestial,3,23476
2025-05-09T06:29:08.691880,eternity,total,9159
2025-05-09T06:29:08.691880,one_above_all,total,987
2025-05-09T12:39:10.440671,bronze,1,22520
2025-05-09T12:39:10.440671,bronze,2,27790
2025-05-09T12:39:10.440671,bronze,3,112088
2025-05-09T12:39:10.440671,silver,1,19422
2025-05-09T12:39:10.440671,silver,2,21540
2025-05-09T12:39:10.440671,silver,3,25158
2025-05-09T12:39:10.440671,gold,1,21405
2025-05-09T12:39:10.440671,gold,2,23257
2025-05-09T12:39:10.440671,gold,3,33425
2025-05-09T12:39:10.440671,platinum,1,23738
2025-05-09T12:39:10.440671,platinum,2,25864
2025-05-09T12:39:10.440671,platinum,3,31861
2025-05-09T12:39:10.440671,diamond,1,25287
2025-05-09T12:39:10.440671,diamond,2,28147
2025-05-09T12:39:10.440671,diamond,3,34912
2025-05-09T12:39:10.440671,grandmaster,1,17001
2025-05-09T12:39:10.440671,grandmaster,2,24388
2025-05-09T12:39:10.440671,grandmaster,3,43410
2025-05-09T12:39:10.440671,celestial,1,4916
2025-05-09T12:39:10.440671,celestial,2,9525
2025-05-09T12:39:10.440671,celestial,3,23537
2025-05-09T12:39:10.440671,eternity,total,9171
2025-05-09T12:39:10.440671,one_above_all,total,989
2025-05-09T18:27:33.562715,bronze,1,22527
2025-05-09T18:27:33.562715,bronze,2,27800
2025-05-09T18:27:33.562715,bronze,3,112126
2025-05-09T18:27:33.562715,silver,1,19429
2025-05-09T18:27:33.562715,silver,2,21550
2025-05-09T18:27:33.562715,silver,3,25165
2025-05-09T18:27:33.562715,gold,1,21420
2025-05-09T18:27:33.562715,gold,2,23266
2025-05-09T18:27:33.562715,gold,3,33443
2025-05-09T18:27:33.562715,platinum,1,23761
2025-05-09T18:27:33.562715,platinum,2,25880
2025-05-09T18:27:33.562715,platinum,3,31876
2025-05-09T18:27:33.562715,diamond,1,25308
2025-05-09T18:27:33.562715,diamond,2,28178
2025-05-09T18:27:33.562715,diamond,3,34940
2025-05-09T18:27:33.562715,grandmaster,1,17010
2025-05-09T18:27:33.562715,grandmaster,2,24419
2025-05-09T18:27:33.562715,grandmaster,3,43457
2025-05-09T18:27:33.562715,celestial,1,4922
2025-05-09T18:27:33.562715,celestial,2,9531
2025-05-09T18:27:33.562715,celestial,3,23560
2025-05-09T18:27:33.562715,eternity,total,9181
2025-05-09T18:27:33.562715,one_above_all,total,989
2025-05-10T01:36:14.745803,bronze,1,22538
2025-05-10T01:36:14.745803,bronze,2,27814
2025-05-10T01:36:14.745803,bronze,3,112187
2025-05-10T01:36:14.745803,silver,1,19437
2025-05-10T01:36:14.745803,silver,2,21559
2025-05-10T01:36:14.745803,silver,3,25168
2025-05-10T01:36:14.745803,gold,1,21433
2025-05-10T01:36:14.745803,gold,2,23287
2025-05-10T01:36:14.745803,gold,3,33474
2025-05-10T01:36:14.745803,platinum,1,23797
2025-05-10T01:36:14.745803,platinum,2,25910
2025-05-10T01:36:14.745803,platinum,3,31919
2025-05-10T01:36:14.745803,diamond,1,25345
2025-05-10T01:36:14.745803,diamond,2,28211
2025-05-10T01:36:14.745803,diamond,3,34978
2025-05-10T01:36:14.745803,grandmaster,1,17027
2025-05-10T01:36:14.745803,grandmaster,2,24454
2025-05-10T01:36:14.745803,grandmaster,3,43540
2025-05-10T01:36:14.745803,celestial,1,4929
2025-05-10T01:36:14.745803,celestial,2,9540
2025-05-10T01:36:14.745803,celestial,3,23597
2025-05-10T01:36:14.745803,eternity,total,9190
2025-05-10T01:36:14.745803,one_above_all,total,989
2025-05-10T06:25:49.105553,bronze,1,22538
2025-05-10T06:25:49.105553,bronze,2,27814
2025-05-10T06:25:49.105553,bronze,3,112187
2025-05-10T06:25:49.105553,silver,1,19437
2025-05-10T06:25:49.105553,silver,2,21559
2025-05-10T06:25:49.105553,silver,3,25168
2025-05-10T06:25:49.105553,gold,1,21433
2025-05-10T06:25:49.105553,gold,2,23287
2025-05-10T06:25:49.105553,gold,3,33474
2025-05-10T06:25:49.105553,platinum,1,23797
2025-05-10T06:25:49.105553,platinum,2,25910
2025-05-10T06:25:49.105553,platinum,3,31919
2025-05-10T06:25:49.105553,diamond,1,25345
2025-05-10T06:25:49.105553,diamond,2,28211
2025-05-10T06:25:49.105553,diamond,3,34978
2025-05-10T06:25:49.105553,grandmaster,1,17027
2025-05-10T06:25:49.105553,grandmaster,2,24454
2025-05-10T06:25:49.105553,grandmaster,3,43540
2025-05-10T06:25:49.105553,celestial,1,4929
2025-05-10T06:25:49.105553,celestial,2,9540
2025-05-10T06:25:49.105553,celestial,3,23597
2025-05-10T06:25:49.105553,eternity,total,9190
2025-05-10T06:25:49.105553,one_above_all,total,989
2025-05-10T12:35:53.225543,bronze,1,22557
2025-05-10T12:35:53.225543,bronze,2,27824
2025-05-10T12:35:53.225543,bronze,3,112247
2025-05-10T12:35:53.225543,silver,1,19453
2025-05-10T12:35:53.225543,silver,2,21569
2025-05-10T12:35:53.225543,silver,3,25176
2025-05-10T12:35:53.225543,gold,1,21454
2025-05-10T12:35:53.225543,gold,2,23296
2025-05-10T12:35:53.225543,gold,3,33490
2025-05-10T12:35:53.225543,platinum,1,23813
2025-05-10T12:35:53.225543,platinum,2,25940
2025-05-10T12:35:53.225543,platinum,3,31960
2025-05-10T12:35:53.225543,diamond,1,25381
2025-05-10T12:35:53.225543,diamond,2,28249
2025-05-10T12:35:53.225543,diamond,3,35012
2025-05-10T12:35:53.225543,grandmaster,1,17049
2025-05-10T12:35:53.225543,grandmaster,2,24479
2025-05-10T12:35:53.225543,grandmaster,3,43604
2025-05-10T12:35:53.225543,celestial,1,4936
2025-05-10T12:35:53.225543,celestial,2,9547
2025-05-10T12:35:53.225543,celestial,3,23629
2025-05-10T12:35:53.225543,eternity,total,9196
2025-05-10T12:35:53.225543,one_above_all,total,988
2025-05-10T18:24:24.978358,bronze,1,22569
2025-05-10T18:24:24.978358,bronze,2,27836
2025-05-10T18:24:24.978358,bronze,3,112291
2025-05-10T18:24:24.978358,silver,1,19459
2025-05-10T18:24:24.978358,silver,2,21575
2025-05-10T18:24:24.978358,silver,3,25183
2025-05-10T18:24:24.978358,gold,1,21463
2025-05-10T18:24:24.978358,gold,2,23308
2025-05-10T18:24:24.978358,gold,3,33512
2025-05-10T18:24:24.978358,platinum,1,23831
2025-05-10T18:24:24.978358,platinum,2,25963
2025-05-10T18:24:24.978358,platinum,3,31981
2025-05-10T18:24:24.978358,diamond,1,25397
2025-05-10T18:24:24.978358,diamond,2,28280
2025-05-10T18:24:24.978358,diamond,3,35044
2025-05-10T18:24:24.978358,grandmaster,1,17053
2025-05-10T18:24:24.978358,grandmaster,2,24502
2025-05-10T18:24:24.978358,grandmaster,3,43659
2025-05-10T18:24:24.978358,celestial,1,4933
2025-05-10T18:24:24.978358,celestial,2,9554
2025-05-10T18:24:24.978358,celestial,3,23652
2025-05-10T18:24:24.978358,eternity,total,9209
2025-05-10T18:24:24.978358,one_above_all,total,988
2025-05-11T01:45:14.749049,bronze,1,22579
2025-05-11T01:45:14.749049,bronze,2,27851
2025-05-11T01:45:14.749049,bronze,3,112331
2025-05-11T01:45:14.749049,silver,1,19473
2025-05-11T01:45:14.749049,silver,2,21584
2025-05-11T01:45:14.749049,silver,3,25193
2025-05-11T01:45:14.749049,gold,1,21480
2025-05-11T01:45:14.749049,gold,2,23323
2025-05-11T01:45:14.749049,gold,3,33542
2025-05-11T01:45:14.749049,platinum,1,23856
2025-05-11T01:45:14.749049,platinum,2,25979
2025-05-11T01:45:14.749049,platinum,3,32021
2025-05-11T01:45:14.749049,diamond,1,25431
2025-05-11T01:45:14.749049,diamond,2,28319
2025-05-11T01:45:14.749049,diamond,3,35099
2025-05-11T01:45:14.749049,grandmaster,1,17065
2025-05-11T01:45:14.749049,grandmaster,2,24525
2025-05-11T01:45:14.749049,grandmaster,3,43734
2025-05-11T01:45:14.749049,celestial,1,4938
2025-05-11T01:45:14.749049,celestial,2,9570
2025-05-11T01:45:14.749049,celestial,3,23692
2025-05-11T01:45:14.749049,eternity,total,9217
2025-05-11T01:45:14.749049,one_above_all,total,988
2025-05-11T06:26:52.713910,bronze,1,22579
2025-05-11T06:26:52.713910,bronze,2,27851
2025-05-11T06:26:52.713910,bronze,3,112331
2025-05-11T06:26:52.713910,silver,1,19473
2025-05-11T06:26:52.713910,silver,2,21584
2025-05-11T06:26:52.713910,silver,3,25193
2025-05-11T06:26:52.713910,gold,1,21480
2025-05-11T06:26:52.713910,gold,2,23323
2025-05-11T06:26:52.713910,gold,3,33542
2025-05-11T06:26:52.713910,platinum,1,23856
2025-05-11T06:26:52.713910,platinum,2,25979
2025-05-11T06:26:52.713910,platinum,3,32021
2025-05-11T06:26:52.713910,diamond,1,25431
2025-05-11T06:26:52.713910,diamond,2,28319
2025-05-11T06:26:52.713910,diamond,3,35099
2025-05-11T06:26:52.713910,grandmaster,1,17065
2025-05-11T06:26:52.713910,grandmaster,2,24525
2025-05-11T06:26:52.713910,grandmaster,3,43734
2025-05-11T06:26:52.713910,celestial,1,4938
2025-05-11T06:26:52.713910,celestial,2,9570
2025-05-11T06:26:52.713910,celestial,3,23692
2025-05-11T06:26:52.713910,eternity,total,9217
2025-05-11T06:26:52.713910,one_above_all,total,988
2025-05-11T12:36:12.690862,bronze,1,22593
2025-05-11T12:36:12.690862,bronze,2,27861
2025-05-11T12:36:12.690862,bronze,3,112375
2025-05-11T12:36:12.690862,silver,1,19487
2025-05-11T12:36:12.690862,silver,2,21599
2025-05-11T12:36:12.690862,silver,3,25207
2025-05-11T12:36:12.690862,gold,1,21493
2025-05-11T12:36:12.690862,gold,2,23342
2025-05-11T12:36:12.690862,gold,3,33554
2025-05-11T12:36:12.690862,platinum,1,23882
2025-05-11T12:36:12.690862,platinum,2,25993
2025-05-11T12:36:12.690862,platinum,3,32060
2025-05-11T12:36:12.690862,diamond,1,25462
2025-05-11T12:36:12.690862,diamond,2,28356
2025-05-11T12:36:12.690862,diamond,3,35155
2025-05-11T12:36:12.690862,grandmaster,1,17084
2025-05-11T12:36:12.690862,grandmaster,2,24562
2025-05-11T12:36:12.690862,grandmaster,3,43805
2025-05-11T12:36:12.690862,celestial,1,4944
2025-05-11T12:36:12.690862,celestial,2,9583
2025-05-11T12:36:12.690862,celestial,3,23743
2025-05-11T12:36:12.690862,eternity,total,9227
2025-05-11T12:36:12.690862,one_above_all,total,987
2025-05-11T18:25:08.180556,bronze,1,22592
2025-05-11T18:25:08.180556,bronze,2,27867
2025-05-11T18:25:08.180556,bronze,3,112406
2025-05-11T18:25:08.180556,silver,1,19498
2025-05-11T18:25:08.180556,silver,2,21603
2025-05-11T18:25:08.180556,silver,3,25216
2025-05-11T18:25:08.180556,gold,1,21500
2025-05-11T18:25:08.180556,gold,2,23356
2025-05-11T18:25:08.180556,gold,3,33562
2025-05-11T18:25:08.180556,platinum,1,23888
2025-05-11T18:25:08.180556,platinum,2,26007
2025-05-11T18:25:08.180556,platinum,3,32069
2025-05-11T18:25:08.180556,diamond,1,25487
2025-05-11T18:25:08.180556,diamond,2,28386
2025-05-11T18:25:08.180556,diamond,3,35175
2025-05-11T18:25:08.180556,grandmaster,1,17100
2025-05-11T18:25:08.180556,grandmaster,2,24576
2025-05-11T18:25:08.180556,grandmaster,3,43851
2025-05-11T18:25:08.180556,celestial,1,4948
2025-05-11T18:25:08.180556,celestial,2,9600
2025-05-11T18:25:08.180556,celestial,3,23784
2025-05-11T18:25:08.180556,eternity,total,9245
2025-05-11T18:25:08.180556,one_above_all,total,986
2025-05-12T01:44:00.098187,bronze,1,22605
2025-05-12T01:44:00.098187,bronze,2,27882
2025-05-12T01:44:00.098187,bronze,3,112448
2025-05-12T01:44:00.098187,silver,1,19516
2025-05-12T01:44:00.098187,silver,2,21604
2025-05-12T01:44:00.098187,silver,3,25227
2025-05-12T01:44:00.098187,gold,1,21511
2025-05-12T01:44:00.098187,gold,2,23377
2025-05-12T01:44:00.098187,gold,3,33588
2025-05-12T01:44:00.098187,platinum,1,23918
2025-05-12T01:44:00.098187,platinum,2,26043
2025-05-12T01:44:00.098187,platinum,3,32100
2025-05-12T01:44:00.098187,diamond,1,25515
2025-05-12T01:44:00.098187,diamond,2,28431
2025-05-12T01:44:00.098187,diamond,3,35216
2025-05-12T01:44:00.098187,grandmaster,1,17122
2025-05-12T01:44:00.098187,grandmaster,2,24616
2025-05-12T01:44:00.098187,grandmaster,3,43926
2025-05-12T01:44:00.098187,celestial,1,4951
2025-05-12T01:44:00.098187,celestial,2,9618
2025-05-12T01:44:00.098187,celestial,3,23825
2025-05-12T01:44:00.098187,eternity,total,9257
2025-05-12T01:44:00.098187,one_above_all,total,985
2025-05-12T06:30:25.143870,bronze,1,22605
2025-05-12T06:30:25.143870,bronze,2,27882
2025-05-12T06:30:25.143870,bronze,3,112448
2025-05-12T06:30:25.143870,silver,1,19516
2025-05-12T06:30:25.143870,silver,2,21604
2025-05-12T06:30:25.143870,silver,3,25227
2025-05-12T06:30:25.143870,gold,1,21511
2025-05-12T06:30:25.143870,gold,2,23377
2025-05-12T06:30:25.143870,gold,3,33588
2025-05-12T06:30:25.143870,platinum,1,23918
2025-05-12T06:30:25.143870,platinum,2,26043
2025-05-12T06:30:25.143870,platinum,3,32100
2025-05-12T06:30:25.143870,diamond,1,25515
2025-05-12T06:30:25.143870,diamond,2,28431
2025-05-12T06:30:25.143870,diamond,3,35216
2025-05-12T06:30:25.143870,grandmaster,1,17122
2025-05-12T06:30:25.143870,grandmaster,2,24616
2025-05-12T06:30:25.143870,grandmaster,3,43926
2025-05-12T06:30:25.143870,celestial,1,4951
2025-05-12T06:30:25.143870,celestial,2,9618
2025-05-12T06:30:25.143870,celestial,3,23825
2025-05-12T06:30:25.143870,eternity,total,9257
2025-05-12T06:30:25.143870,one_above_all,total,985
2025-05-12T12:41:51.125110,bronze,1,22620
2025-05-12T12:41:51.125110,bronze,2,27897
2025-05-12T12:41:51.125110,bronze,3,112496
2025-05-12T12:41:51.125110,silver,1,19525
2025-05-12T12:41:51.125110,silver,2,21622
2025-05-12T12:41:51.125110,silver,3,25243
2025-05-12T12:41:51.125110,gold,1,21530
2025-05-12T12:41:51.125110,gold,2,23393
2025-05-12T12:41:51.125110,gold,3,33611
2025-05-12T12:41:51.125110,platinum,1,23956
2025-05-12T12:41:51.125110,platinum,2,26067
2025-05-12T12:41:51.125110,platinum,3,32134
2025-05-12T12:41:51.125110,diamond,1,25540
2025-05-12T12:41:51.125110,diamond,2,28470
2025-05-12T12:41:51.125110,diamond,3,35257
2025-05-12T12:41:51.125110,grandmaster,1,17135
2025-05-12T12:41:51.125110,grandmaster,2,24662
2025-05-12T12:41:51.125110,grandmaster,3,43997
2025-05-12T12:41:51.125110,celestial,1,4956
2025-05-12T12:41:51.125110,celestial,2,9626
2025-05-12T12:41:51.125110,celestial,3,23870
2025-05-12T12:41:51.125110,eternity,total,9275
2025-05-12T12:41:51.125110,one_above_all,total,985
2025-05-12T18:28:25.539002,bronze,1,22626
2025-05-12T18:28:25.539002,bronze,2,27905
2025-05-12T18:28:25.539002,bronze,3,112529
2025-05-12T18:28:25.539002,silver,1,19532
2025-05-12T18:28:25.539002,silver,2,21631
2025-05-12T18:28:25.539002,silver,3,25249
2025-05-12T18:28:25.539002,gold,1,21539
2025-05-12T18:28:25.539002,gold,2,23408
2025-05-12T18:28:25.539002,gold,3,33633
2025-05-12T18:28:25.539002,platinum,1,23969
2025-05-12T18:28:25.539002,platinum,2,26085
2025-05-12T18:28:25.539002,platinum,3,32149
2025-05-12T18:28:25.539002,diamond,1,25568
2025-05-12T18:28:25.539002,diamond,2,28493
2025-05-12T18:28:25.539002,diamond,3,35303
2025-05-12T18:28:25.539002,grandmaster,1,17149
2025-05-12T18:28:25.539002,grandmaster,2,24684
2025-05-12T18:28:25.539002,grandmaster,3,44056
2025-05-12T18:28:25.539002,celestial,1,4959
2025-05-12T18:28:25.539002,celestial,2,9630
2025-05-12T18:28:25.539002,celestial,3,23904
2025-05-12T18:28:25.539002,eternity,total,9287
2025-05-12T18:28:25.539002,one_above_all,total,985
2025-05-13T01:41:21.353791,bronze,1,22647
2025-05-13T01:41:21.353791,bronze,2,27919
2025-05-13T01:41:21.353791,bronze,3,112577
2025-05-13T01:41:21.353791,silver,1,19552
2025-05-13T01:41:21.353791,silver,2,21655
2025-05-13T01:41:21.353791,silver,3,25263
2025-05-13T01:41:21.353791,gold,1,21553
2025-05-13T01:41:21.353791,gold,2,23429
2025-05-13T01:41:21.353791,gold,3,33668
2025-05-13T01:41:21.353791,platinum,1,23988
2025-05-13T01:41:21.353791,platinum,2,26121
2025-05-13T01:41:21.353791,platinum,3,32178
2025-05-13T01:41:21.353791,diamond,1,25610
2025-05-13T01:41:21.353791,diamond,2,28523
2025-05-13T01:41:21.353791,diamond,3,35372
2025-05-13T01:41:21.353791,grandmaster,1,17166
2025-05-13T01:41:21.353791,grandmaster,2,24724
2025-05-13T01:41:21.353791,grandmaster,3,44142
2025-05-13T01:41:21.353791,celestial,1,4961
2025-05-13T01:41:21.353791,celestial,2,9639
2025-05-13T01:41:21.353791,celestial,3,23958
2025-05-13T01:41:21.353791,eternity,total,9299
2025-05-13T01:41:21.353791,one_above_all,total,984
2025-05-13T06:29:19.811487,bronze,1,22647
2025-05-13T06:29:19.811487,bronze,2,27919
2025-05-13T06:29:19.811487,bronze,3,112577
2025-05-13T06:29:19.811487,silver,1,19552
2025-05-13T06:29:19.811487,silver,2,21655
2025-05-13T06:29:19.811487,silver,3,25263
2025-05-13T06:29:19.811487,gold,1,21553
2025-05-13T06:29:19.811487,gold,2,23429
2025-05-13T06:29:19.811487,gold,3,33668
2025-05-13T06:29:19.811487,platinum,1,23988
2025-05-13T06:29:19.811487,platinum,2,26121
2025-05-13T06:29:19.811487,platinum,3,32178
2025-05-13T06:29:19.811487,diamond,1,25610
2025-05-13T06:29:19.811487,diamond,2,28523
2025-05-13T06:29:19.811487,diamond,3,35372
2025-05-13T06:29:19.811487,grandmaster,1,17166
2025-05-13T06:29:19.811487,grandmaster,2,24724
2025-05-13T06:29:19.811487,grandmaster,3,44142
2025-05-13T06:29:19.811487,celestial,1,4961
2025-05-13T06:29:19.811487,celestial,2,9639
2025-05-13T06:29:19.811487,celestial,3,23958
2025-05-13T06:29:19.811487,eternity,total,9299
2025-05-13T06:29:19.811487,one_above_all,total,984
2025-05-13T12:41:40.567254,bronze,1,22654
2025-05-13T12:41:40.567254,bronze,2,27931
2025-05-13T12:41:40.567254,bronze,3,112625
2025-05-13T12:41:40.567254,silver,1,19568
2025-05-13T12:41:40.567254,silver,2,21673
2025-05-13T12:41:40.567254,silver,3,25274
2025-05-13T12:41:40.567254,gold,1,21575
2025-05-13T12:41:40.567254,gold,2,23442
2025-05-13T12:41:40.567254,gold,3,33695
2025-05-13T12:41:40.567254,platinum,1,24018
2025-05-13T12:41:40.567254,platinum,2,26147
2025-05-13T12:41:40.567254,platinum,3,32204
2025-05-13T12:41:40.567254,diamond,1,25657
2025-05-13T12:41:40.567254,diamond,2,28570
2025-05-13T12:41:40.567254,diamond,3,35420
2025-05-13T12:41:40.567254,grandmaster,1,17186
2025-05-13T12:41:40.567254,grandmaster,2,24756
2025-05-13T12:41:40.567254,grandmaster,3,44199
2025-05-13T12:41:40.567254,celestial,1,4963
2025-05-13T12:41:40.567254,celestial,2,9652
2025-05-13T12:41:40.567254,celestial,3,24009
2025-05-13T12:41:40.567254,eternity,total,9308
2025-05-13T12:41:40.567254,one_above_all,total,983
2025-05-13T18:28:26.695224,bronze,1,22663
2025-05-13T18:28:26.695224,bronze,2,27938
2025-05-13T18:28:26.695224,bronze,3,112658
2025-05-13T18:28:26.695224,silver,1,19572
2025-05-13T18:28:26.695224,silver,2,21684
2025-05-13T18:28:26.695224,silver,3,25280
2025-05-13T18:28:26.695224,gold,1,21589
2025-05-13T18:28:26.695224,gold,2,23459
2025-05-13T18:28:26.695224,gold,3,33714
2025-05-13T18:28:26.695224,platinum,1,24036
2025-05-13T18:28:26.695224,platinum,2,26161
2025-05-13T18:28:26.695224,platinum,3,32219
2025-05-13T18:28:26.695224,diamond,1,25673
2025-05-13T18:28:26.695224,diamond,2,28594
2025-05-13T18:28:26.695224,diamond,3,35448
2025-05-13T18:28:26.695224,grandmaster,1,17198
2025-05-13T18:28:26.695224,grandmaster,2,24777
2025-05-13T18:28:26.695224,grandmaster,3,44256
2025-05-13T18:28:26.695224,celestial,1,4966
2025-05-13T18:28:26.695224,celestial,2,9666
2025-05-13T18:28:26.695224,celestial,3,24040
2025-05-13T18:28:26.695224,eternity,total,9313
2025-05-13T18:28:26.695224,one_above_all,total,983
2025-05-14T01:40:20.437545,bronze,1,22678
2025-05-14T01:40:20.437545,bronze,2,27944
2025-05-14T01:40:20.437545,bronze,3,112706
2025-05-14T01:40:20.437545,silver,1,19580
2025-05-14T01:40:20.437545,silver,2,21693
2025-05-14T01:40:20.437545,silver,3,25293
2025-05-14T01:40:20.437545,gold,1,21600
2025-05-14T01:40:20.437545,gold,2,23468
2025-05-14T01:40:20.437545,gold,3,33750
2025-05-14T01:40:20.437545,platinum,1,24058
2025-05-14T01:40:20.437545,platinum,2,26191
2025-05-14T01:40:20.437545,platinum,3,32246
2025-05-14T01:40:20.437545,diamond,1,25704
2025-05-14T01:40:20.437545,diamond,2,28642
2025-05-14T01:40:20.437545,diamond,3,35484
2025-05-14T01:40:20.437545,grandmaster,1,17212
2025-05-14T01:40:20.437545,grandmaster,2,24812
2025-05-14T01:40:20.437545,grandmaster,3,44332
2025-05-14T01:40:20.437545,celestial,1,4972
2025-05-14T01:40:20.437545,celestial,2,9678
2025-05-14T01:40:20.437545,celestial,3,24099
2025-05-14T01:40:20.437545,eternity,total,9332
2025-05-14T01:40:20.437545,one_above_all,total,984
2025-05-14T06:29:15.529215,bronze,1,22678
2025-05-14T06:29:15.529215,bronze,2,27944
2025-05-14T06:29:15.529215,bronze,3,112706
2025-05-14T06:29:15.529215,silver,1,19580
2025-05-14T06:29:15.529215,silver,2,21693
2025-05-14T06:29:15.529215,silver,3,25293
2025-05-14T06:29:15.529215,gold,1,21600
2025-05-14T06:29:15.529215,gold,2,23468
2025-05-14T06:29:15.529215,gold,3,33750
2025-05-14T06:29:15.529215,platinum,1,24058
2025-05-14T06:29:15.529215,platinum,2,26191
2025-05-14T06:29:15.529215,platinum,3,32246
2025-05-14T06:29:15.529215,diamond,1,25704
2025-05-14T06:29:15.529215,diamond,2,28642
2025-05-14T06:29:15.529215,diamond,3,35484
2025-05-14T06:29:15.529215,grandmaster,1,17212
2025-05-14T06:29:15.529215,grandmaster,2,24812
2025-05-14T06:29:15.529215,grandmaster,3,44332
2025-05-14T06:29:15.529215,celestial,1,4972
2025-05-14T06:29:15.529215,celestial,2,9678
2025-05-14T06:29:15.529215,celestial,3,24099
2025-05-14T06:29:15.529215,eternity,total,9332
2025-05-14T06:29:15.529215,one_above_all,total,984
2025-05-14T12:40:28.936385,bronze,1,22686
2025-05-14T12:40:28.936385,bronze,2,27952
2025-05-14T12:40:28.936385,bronze,3,112747
2025-05-14T12:40:28.936385,silver,1,19591
2025-05-14T12:40:28.936385,silver,2,21706
2025-05-14T12:40:28.936385,silver,3,25318
2025-05-14T12:40:28.936385,gold,1,21611
2025-05-14T12:40:28.936385,gold,2,23474
2025-05-14T12:40:28.936385,gold,3,33772
2025-05-14T12:40:28.936385,platinum,1,24071
2025-05-14T12:40:28.936385,platinum,2,26217
2025-05-14T12:40:28.936385,platinum,3,32261
2025-05-14T12:40:28.936385,diamond,1,25738
2025-05-14T12:40:28.936385,diamond,2,28688
2025-05-14T12:40:28.936385,diamond,3,35519
2025-05-14T12:40:28.936385,grandmaster,1,17239
2025-05-14T12:40:28.936385,grandmaster,2,24842
2025-05-14T12:40:28.936385,grandmaster,3,44387
2025-05-14T12:40:28.936385,celestial,1,4977
2025-05-14T12:40:28.936385,celestial,2,9681
2025-05-14T12:40:28.936385,celestial,3,24147
2025-05-14T12:40:28.936385,eternity,total,9345
2025-05-14T12:40:28.936385,one_above_all,total,982
2025-05-14T18:26:39.950015,bronze,1,22695
2025-05-14T18:26:39.950015,bronze,2,27964
2025-05-14T18:26:39.950015,bronze,3,112783
2025-05-14T18:26:39.950015,silver,1,19600
2025-05-14T18:26:39.950015,silver,2,21709
2025-05-14T18:26:39.950015,silver,3,25328
2025-05-14T18:26:39.950015,gold,1,21614
2025-05-14T18:26:39.950015,gold,2,23490
2025-05-14T18:26:39.950015,gold,3,33788
2025-05-14T18:26:39.950015,platinum,1,24087
2025-05-14T18:26:39.950015,platinum,2,26238
2025-05-14T18:26:39.950015,platinum,3,32286
2025-05-14T18:26:39.950015,diamond,1,25752
2025-05-14T18:26:39.950015,diamond,2,28705
2025-05-14T18:26:39.950015,diamond,3,35560
2025-05-14T18:26:39.950015,grandmaster,1,17248
2025-05-14T18:26:39.950015,grandmaster,2,24866
2025-05-14T18:26:39.950015,grandmaster,3,44441
2025-05-14T18:26:39.950015,celestial,1,4987
2025-05-14T18:26:39.950015,celestial,2,9686
2025-05-14T18:26:39.950015,celestial,3,24174
2025-05-14T18:26:39.950015,eternity,total,9357
2025-05-14T18:26:39.950015,one_above_all,total,981
2025-05-15T01:38:21.912856,bronze,1,22712
2025-05-15T01:38:21.912856,bronze,2,27981
2025-05-15T01:38:21.912856,bronze,3,112831
2025-05-15T01:38:21.912856,silver,1,19611
2025-05-15T01:38:21.912856,silver,2,21718
2025-05-15T01:38:21.912856,silver,3,25338
2025-05-15T01:38:21.912856,gold,1,21625
2025-05-15T01:38:21.912856,gold,2,23512
2025-05-15T01:38:21.912856,gold,3,33805
2025-05-15T01:38:21.912856,platinum,1,24110
2025-05-15T01:38:21.912856,platinum,2,26263
2025-05-15T01:38:21.912856,platinum,3,32317
2025-05-15T01:38:21.912856,diamond,1,25776
2025-05-15T01:38:21.912856,diamond,2,28733
2025-05-15T01:38:21.912856,diamond,3,35616
2025-05-15T01:38:21.912856,grandmaster,1,17262
2025-05-15T01:38:21.912856,grandmaster,2,24902
2025-05-15T01:38:21.912856,grandmaster,3,44513
2025-05-15T01:38:21.912856,celestial,1,4989
2025-05-15T01:38:21.912856,celestial,2,9699
2025-05-15T01:38:21.912856,celestial,3,24208
2025-05-15T01:38:21.912856,eternity,total,9368
2025-05-15T01:38:21.912856,one_above_all,total,980
2025-05-15T06:29:45.592386,bronze,1,22712
2025-05-15T06:29:45.592386,bronze,2,27981
2025-05-15T06:29:45.592386,bronze,3,112831
2025-05-15T06:29:45.592386,silver,1,19611
2025-05-15T06:29:45.592386,silver,2,21718
2025-05-15T06:29:45.592386,silver,3,25338
2025-05-15T06:29:45.592386,gold,1,21625
2025-05-15T06:29:45.592386,gold,2,23512
2025-05-15T06:29:45.592386,gold,3,33805
2025-05-15T06:29:45.592386,platinum,1,24110
2025-05-15T06:29:45.592386,platinum,2,26263
2025-05-15T06:29:45.592386,platinum,3,32317
2025-05-15T06:29:45.592386,diamond,1,25776
2025-05-15T06:29:45.592386,diamond,2,28733
2025-05-15T06:29:45.592386,diamond,3,35616
2025-05-15T06:29:45.592386,grandmaster,1,17262
2025-05-15T06:29:45.592386,grandmaster,2,24902
2025-05-15T06:29:45.592386,grandmaster,3,44513
2025-05-15T06:29:45.592386,celestial,1,4989
2025-05-15T06:29:45.592386,celestial,2,9699
2025-05-15T06:29:45.592386,celestial,3,24208
2025-05-15T06:29:45.592386,eternity,total,9368
2025-05-15T06:29:45.592386,one_above_all,total,980
2025-05-15T12:40:41.135489,bronze,1,22719
2025-05-15T12:40:41.135489,bronze,2,27993
2025-05-15T12:40:41.135489,bronze,3,112880
2025-05-15T12:40:41.135489,silver,1,19619
2025-05-15T12:40:41.135489,silver,2,21732
2025-05-15T12:40:41.135489,silver,3,25355
2025-05-15T12:40:41.135489,gold,1,21648
2025-05-15T12:40:41.135489,gold,2,23533
2025-05-15T12:40:41.135489,gold,3,33823
2025-05-15T12:40:41.135489,platinum,1,24126
2025-05-15T12:40:41.135489,platinum,2,26284
2025-05-15T12:40:41.135489,platinum,3,32345
2025-05-15T12:40:41.135489,diamond,1,25810
2025-05-15T12:40:41.135489,diamond,2,28757
2025-05-15T12:40:41.135489,diamond,3,35678
2025-05-15T12:40:41.135489,grandmaster,1,17281
2025-05-15T12:40:41.135489,grandmaster,2,24930
2025-05-15T12:40:41.135489,grandmaster,3,44604
2025-05-15T12:40:41.135489,celestial,1,4994
2025-05-15T12:40:41.135489,celestial,2,9709
2025-05-15T12:40:41.135489,celestial,3,24249
2025-05-15T12:40:41.135489,eternity,total,9378
2025-05-15T12:40:41.135489,one_above_all,total,980
2025-05-15T18:28:36.045395,bronze,1,22731
2025-05-15T18:28:36.045395,bronze,2,28004
2025-05-15T18:28:36.045395,bronze,3,112909
2025-05-15T18:28:36.045395,silver,1,19626
2025-05-15T18:28:36.045395,silver,2,21740
2025-05-15T18:28:36.045395,silver,3,25368
2025-05-15T18:28:36.045395,gold,1,21655
2025-05-15T18:28:36.045395,gold,2,23545
2025-05-15T18:28:36.045395,gold,3,33841
2025-05-15T18:28:36.045395,platinum,1,24135
2025-05-15T18:28:36.045395,platinum,2,26303
2025-05-15T18:28:36.045395,platinum,3,32359
2025-05-15T18:28:36.045395,diamond,1,25828
2025-05-15T18:28:36.045395,diamond,2,28785
2025-05-15T18:28:36.045395,diamond,3,35707
2025-05-15T18:28:36.045395,grandmaster,1,17292
2025-05-15T18:28:36.045395,grandmaster,2,24960
2025-05-15T18:28:36.045395,grandmaster,3,44651
2025-05-15T18:28:36.045395,celestial,1,4999
2025-05-15T18:28:36.045395,celestial,2,9712
2025-05-15T18:28:36.045395,celestial,3,24282
2025-05-15T18:28:36.045395,eternity,total,9385
2025-05-15T18:28:36.045395,one_above_all,total,980
2025-05-16T01:41:22.326945,bronze,1,22748
2025-05-16T01:41:22.326945,bronze,2,28012
2025-05-16T01:41:22.326945,bronze,3,112949
2025-05-16T01:41:22.326945,silver,1,19636
2025-05-16T01:41:22.326945,silver,2,21754
2025-05-16T01:41:22.326945,silver,3,25378
2025-05-16T01:41:22.326945,gold,1,21674
2025-05-16T01:41:22.326945,gold,2,23556
2025-05-16T01:41:22.326945,gold,3,33865
2025-05-16T01:41:22.326945,platinum,1,24152
2025-05-16T01:41:22.326945,platinum,2,26330
2025-05-16T01:41:22.326945,platinum,3,32384
2025-05-16T01:41:22.326945,diamond,1,25869
2025-05-16T01:41:22.326945,diamond,2,28821
2025-05-16T01:41:22.326945,diamond,3,35752
2025-05-16T01:41:22.326945,grandmaster,1,17309
2025-05-16T01:41:22.326945,grandmaster,2,24999
2025-05-16T01:41:22.326945,grandmaster,3,44711
2025-05-16T01:41:22.326945,celestial,1,5008
2025-05-16T01:41:22.326945,celestial,2,9716
2025-05-16T01:41:22.326945,celestial,3,24339
2025-05-16T01:41:22.326945,eternity,total,9393
2025-05-16T01:41:22.326945,one_above_all,total,981
2025-05-16T06:29:39.822543,bronze,1,22748
2025-05-16T06:29:39.822543,bronze,2,28012
2025-05-16T06:29:39.822543,bronze,3,112949
2025-05-16T06:29:39.822543,silver,1,19636
2025-05-16T06:29:39.822543,silver,2,21754
2025-05-16T06:29:39.822543,silver,3,25378
2025-05-16T06:29:39.822543,gold,1,21674
2025-05-16T06:29:39.822543,gold,2,23556
2025-05-16T06:29:39.822543,gold,3,33865
2025-05-16T06:29:39.822543,platinum,1,24152
2025-05-16T06:29:39.822543,platinum,2,26330
2025-05-16T06:29:39.822543,platinum,3,32384
2025-05-16T06:29:39.822543,diamond,1,25869
2025-05-16T06:29:39.822543,diamond,2,28821
2025-05-16T06:29:39.822543,diamond,3,35752
2025-05-16T06:29:39.822543,grandmaster,1,17309
2025-05-16T06:29:39.822543,grandmaster,2,24999
2025-05-16T06:29:39.822543,grandmaster,3,44711
2025-05-16T06:29:39.822543,celestial,1,5008
2025-05-16T06:29:39.822543,celestial,2,9716
2025-05-16T06:29:39.822543,celestial,3,24339
2025-05-16T06:29:39.822543,eternity,total,9393
2025-05-16T06:29:39.822543,one_above_all,total,981
2025-05-16T12:40:37.531060,bronze,1,22765
2025-05-16T12:40:37.531060,bronze,2,28026
2025-05-16T12:40:37.531060,bronze,3,113000
2025-05-16T12:40:37.531060,silver,1,19649
2025-05-16T12:40:37.531060,silver,2,21768
2025-05-16T12:40:37.531060,silver,3,25389
2025-05-16T12:40:37.531060,gold,1,21686
2025-05-16T12:40:37.531060,gold,2,23583
2025-05-16T12:40:37.531060,gold,3,33900
2025-05-16T12:40:37.531060,platinum,1,24186
2025-05-16T12:40:37.531060,platinum,2,26360
2025-05-16T12:40:37.531060,platinum,3,32430
2025-05-16T12:40:37.531060,diamond,1,25899
2025-05-16T12:40:37.531060,diamond,2,28862
2025-05-16T12:40:37.531060,diamond,3,35809
2025-05-16T12:40:37.531060,grandmaster,1,17326
2025-05-16T12:40:37.531060,grandmaster,2,25033
2025-05-16T12:40:37.531060,grandmaster,3,44785
2025-05-16T12:40:37.531060,celestial,1,5013
2025-05-16T12:40:37.531060,celestial,2,9723
2025-05-16T12:40:37.531060,celestial,3,24392
2025-05-16T12:40:37.531060,eternity,total,9402
2025-05-16T12:40:37.531060,one_above_all,total,981
2025-05-16T18:27:45.391846,bronze,1,22773
2025-05-16T18:27:45.391846,bronze,2,28036
2025-05-16T18:27:45.391846,bronze,3,113032
2025-05-16T18:27:45.391846,silver,1,19662
2025-05-16T18:27:45.391846,silver,2,21776
2025-05-16T18:27:45.391846,silver,3,25397
2025-05-16T18:27:45.391846,gold,1,21695
2025-05-16T18:27:45.391846,gold,2,23605
2025-05-16T18:27:45.391846,gold,3,33915
2025-05-16T18:27:45.391846,platinum,1,24217
2025-05-16T18:27:45.391846,platinum,2,26382
2025-05-16T18:27:45.391846,platinum,3,32458
2025-05-16T18:27:45.391846,diamond,1,25910
2025-05-16T18:27:45.391846,diamond,2,28888
2025-05-16T18:27:45.391846,diamond,3,35839
2025-05-16T18:27:45.391846,grandmaster,1,17346
2025-05-16T18:27:45.391846,grandmaster,2,25061
2025-05-16T18:27:45.391846,grandmaster,3,44833
2025-05-16T18:27:45.391846,celestial,1,5019
2025-05-16T18:27:45.391846,celestial,2,9735
2025-05-16T18:27:45.391846,celestial,3,24431
2025-05-16T18:27:45.391846,eternity,total,9415
2025-05-16T18:27:45.391846,one_above_all,total,981
2025-05-17T01:38:30.664675,bronze,1,22783
2025-05-17T01:38:30.664675,bronze,2,28042
2025-05-17T01:38:30.664675,bronze,3,113079
2025-05-17T01:38:30.664675,silver,1,19668
2025-05-17T01:38:30.664675,silver,2,21784
2025-05-17T01:38:30.664675,silver,3,25413
2025-05-17T01:38:30.664675,gold,1,21715
2025-05-17T01:38:30.664675,gold,2,23616
2025-05-17T01:38:30.664675,gold,3,33933
2025-05-17T01:38:30.664675,platinum,1,24238
2025-05-17T01:38:30.664675,platinum,2,26406
2025-05-17T01:38:30.664675,platinum,3,32485
2025-05-17T01:38:30.664675,diamond,1,25940
2025-05-17T01:38:30.664675,diamond,2,28931
2025-05-17T01:38:30.664675,diamond,3,35884
2025-05-17T01:38:30.664675,grandmaster,1,17360
2025-05-17T01:38:30.664675,grandmaster,2,25085
2025-05-17T01:38:30.664675,grandmaster,3,44882
2025-05-17T01:38:30.664675,celestial,1,5023
2025-05-17T01:38:30.664675,celestial,2,9754
2025-05-17T01:38:30.664675,celestial,3,24481
2025-05-17T01:38:30.664675,eternity,total,9427
2025-05-17T01:38:30.664675,one_above_all,total,980
2025-05-17T06:26:37.971283,bronze,1,22783
2025-05-17T06:26:37.971283,bronze,2,28042
2025-05-17T06:26:37.971283,bronze,3,113079
2025-05-17T06:26:37.971283,silver,1,19668
2025-05-17T06:26:37.971283,silver,2,21784
2025-05-17T06:26:37.971283,silver,3,25413
2025-05-17T06:26:37.971283,gold,1,21715
2025-05-17T06:26:37.971283,gold,2,23616
2025-05-17T06:26:37.971283,gold,3,33933
2025-05-17T06:26:37.971283,platinum,1,24238
2025-05-17T06:26:37.971283,platinum,2,26406
2025-05-17T06:26:37.971283,platinum,3,32485
2025-05-17T06:26:37.971283,diamond,1,25940
2025-05-17T06:26:37.971283,diamond,2,28931
2025-05-17T06:26:37.971283,diamond,3,35884
2025-05-17T06:26:37.971283,grandmaster,1,17360
2025-05-17T06:26:37.971283,grandmaster,2,25085
2025-05-17T06:26:37.971283,grandmaster,3,44882
2025-05-17T06:26:37.971283,celestial,1,5023
2025-05-17T06:26:37.971283,celestial,2,9754
2025-05-17T06:26:37.971283,celestial,3,24481
2025-05-17T06:26:37.971283,eternity,total,9427
2025-05-17T06:26:37.971283,one_above_all,total,980
2025-05-17T12:36:31.799863,bronze,1,22806
2025-05-17T12:36:31.799863,bronze,2,28059
2025-05-17T12:36:31.799863,bronze,3,113144
2025-05-17T12:36:31.799863,silver,1,19690
2025-05-17T12:36:31.799863,silver,2,21803
2025-05-17T12:36:31.799863,silver,3,25426
2025-05-17T12:36:31.799863,gold,1,21744
2025-05-17T12:36:31.799863,gold,2,23648
2025-05-17T12:36:31.799863,gold,3,33970
2025-05-17T12:36:31.799863,platinum,1,24271
2025-05-17T12:36:31.799863,platinum,2,26455
2025-05-17T12:36:31.799863,platinum,3,32526
2025-05-17T12:36:31.799863,diamond,1,25984
2025-05-17T12:36:31.799863,diamond,2,28982
2025-05-17T12:36:31.799863,diamond,3,35941
2025-05-17T12:36:31.799863,grandmaster,1,17388
2025-05-17T12:36:31.799863,grandmaster,2,25129
2025-05-17T12:36:31.799863,grandmaster,3,44975
2025-05-17T12:36:31.799863,celestial,1,5029
2025-05-17T12:36:31.799863,celestial,2,9767
2025-05-17T12:36:31.799863,celestial,3,24548
2025-05-17T12:36:31.799863,eternity,total,9436
2025-05-17T12:36:31.799863,one_above_all,total,979
2025-05-17T18:25:47.415226,bronze,1,22817
2025-05-17T18:25:47.415226,bronze,2,28077
2025-05-17T18:25:47.415226,bronze,3,113199
2025-05-17T18:25:47.415226,silver,1,19701
2025-05-17T18:25:47.415226,silver,2,21813
2025-05-17T18:25:47.415226,silver,3,25438
2025-05-17T18:25:47.415226,gold,1,21765
2025-05-17T18:25:47.415226,gold,2,23674
2025-05-17T18:25:47.415226,gold,3,34010
2025-05-17T18:25:47.415226,platinum,1,24297
2025-05-17T18:25:47.415226,platinum,2,26487
2025-05-17T18:25:47.415226,platinum,3,32569
2025-05-17T18:25:47.415226,diamond,1,26024
2025-05-17T18:25:47.415226,diamond,2,29024
2025-05-17T18:25:47.415226,diamond,3,35997
2025-05-17T18:25:47.415226,grandmaster,1,17404
2025-05-17T18:25:47.415226,grandmaster,2,25162
2025-05-17T18:25:47.415226,grandmaster,3,45066
2025-05-17T18:25:47.415226,celestial,1,5030
2025-05-17T18:25:47.415226,celestial,2,9780
2025-05-17T18:25:47.415226,celestial,3,24582
2025-05-17T18:25:47.415226,eternity,total,9447
2025-05-17T18:25:47.415226,one_above_all,total,977
2025-05-18T01:46:23.619717,bronze,1,22832
2025-05-18T01:46:23.619717,bronze,2,28094
2025-05-18T01:46:23.619717,bronze,3,113257
2025-05-18T01:46:23.619717,silver,1,19716
2025-05-18T01:46:23.619717,silver,2,21827
2025-05-18T01:46:23.619717,silver,3,25453
2025-05-18T01:46:23.619717,gold,1,21784
2025-05-18T01:46:23.619717,gold,2,23699
2025-05-18T01:46:23.619717,gold,3,34043
2025-05-18T01:46:23.619717,platinum,1,24328
2025-05-18T01:46:23.619717,platinum,2,26515
2025-05-18T01:46:23.619717,platinum,3,32607
2025-05-18T01:46:23.619717,diamond,1,26066
2025-05-18T01:46:23.619717,diamond,2,29054
2025-05-18T01:46:23.619717,diamond,3,36050
2025-05-18T01:46:23.619717,grandmaster,1,17427
2025-05-18T01:46:23.619717,grandmaster,2,25211
2025-05-18T01:46:23.619717,grandmaster,3,45150
2025-05-18T01:46:23.619717,celestial,1,5033
2025-05-18T01:46:23.619717,celestial,2,9797
2025-05-18T01:46:23.619717,celestial,3,24638
2025-05-18T01:46:23.619717,eternity,total,9460
2025-05-18T01:46:23.619717,one_above_all,total,976
2025-05-18T06:27:33.305350,bronze,1,22832
2025-05-18T06:27:33.305350,bronze,2,28094
2025-05-18T06:27:33.305350,bronze,3,113257
2025-05-18T06:27:33.305350,silver,1,19716
2025-05-18T06:27:33.305350,silver,2,21827
2025-05-18T06:27:33.305350,silver,3,25453
2025-05-18T06:27:33.305350,gold,1,21784
2025-05-18T06:27:33.305350,gold,2,23699
2025-05-18T06:27:33.305350,gold,3,34043
2025-05-18T06:27:33.305350,platinum,1,24328
2025-05-18T06:27:33.305350,platinum,2,26515
2025-05-18T06:27:33.305350,platinum,3,32607
2025-05-18T06:27:33.305350,diamond,1,26066
2025-05-18T06:27:33.305350,diamond,2,29054
2025-05-18T06:27:33.305350,diamond,3,36050
2025-05-18T06:27:33.305350,grandmaster,1,17427
2025-05-18T06:27:33.305350,grandmaster,2,25211
2025-05-18T06:27:33.305350,grandmaster,3,45150
2025-05-18T06:27:33.305350,celestial,1,5033
2025-05-18T06:27:33.305350,celestial,2,9797
2025-05-18T06:27:33.305350,celestial,3,24638
2025-05-18T06:27:33.305350,eternity,total,9460
2025-05-18T06:27:33.305350,one_above_all,total,976
2025-05-18T12:36:51.606613,bronze,1,22846
2025-05-18T12:36:51.606613,bronze,2,28114
2025-05-18T12:36:51.606613,bronze,3,113317
2025-05-18T12:36:51.606613,silver,1,19737
2025-05-18T12:36:51.606613,silver,2,21843
2025-05-18T12:36:51.606613,silver,3,25465
2025-05-18T12:36:51.606613,gold,1,21817
2025-05-18T12:36:51.606613,gold,2,23723
2025-05-18T12:36:51.606613,gold,3,34089
2025-05-18T12:36:51.606613,platinum,1,24360
2025-05-18T12:36:51.606613,platinum,2,26551
2025-05-18T12:36:51.606613,platinum,3,32644
2025-05-18T12:36:51.606613,diamond,1,26096
2025-05-18T12:36:51.606613,diamond,2,29083
2025-05-18T12:36:51.606613,diamond,3,36101
2025-05-18T12:36:51.606613,grandmaster,1,17447
2025-05-18T12:36:51.606613,grandmaster,2,25243
2025-05-18T12:36:51.606613,grandmaster,3,45235
2025-05-18T12:36:51.606613,celestial,1,5037
2025-05-18T12:36:51.606613,celestial,2,9808
2025-05-18T12:36:51.606613,celestial,3,24689
2025-05-18T12:36:51.606613,eternity,total,9478
2025-05-18T12:36:51.606613,one_above_all,total,976
2025-05-18T18:25:39.860273,bronze,1,22850
2025-05-18T18:25:39.860273,bronze,2,28133
2025-05-18T18:25:39.860273,bronze,3,113366
2025-05-18T18:25:39.860273,silver,1,19753
2025-05-18T18:25:39.860273,silver,2,21859
2025-05-18T18:25:39.860273,silver,3,25477
2025-05-18T18:25:39.860273,gold,1,21836
2025-05-18T18:25:39.860273,gold,2,23746
2025-05-18T18:25:39.860273,gold,3,34119
2025-05-18T18:25:39.860273,platinum,1,24392
2025-05-18T18:25:39.860273,platinum,2,26582
2025-05-18T18:25:39.860273,platinum,3,32690
2025-05-18T18:25:39.860273,diamond,1,26125
2025-05-18T18:25:39.860273,diamond,2,29119
2025-05-18T18:25:39.860273,diamond,3,36155
2025-05-18T18:25:39.860273,grandmaster,1,17454
2025-05-18T18:25:39.860273,grandmaster,2,25263
2025-05-18T18:25:39.860273,grandmaster,3,45301
2025-05-18T18:25:39.860273,celestial,1,5039
2025-05-18T18:25:39.860273,celestial,2,9816
2025-05-18T18:25:39.860273,celestial,3,24717
2025-05-18T18:25:39.860273,eternity,total,9487
2025-05-18T18:25:39.860273,one_above_all,total,977
2025-05-19T01:45:34.742558,bronze,1,22870
2025-05-19T01:45:34.742558,bronze,2,28157
2025-05-19T01:45:34.742558,bronze,3,113432
2025-05-19T01:45:34.742558,silver,1,19778
2025-05-19T01:45:34.742558,silver,2,21880
2025-05-19T01:45:34.742558,silver,3,25499
2025-05-19T01:45:34.742558,gold,1,21872
2025-05-19T01:45:34.742558,gold,2,23780
2025-05-19T01:45:34.742558,gold,3,34161
2025-05-19T01:45:34.742558,platinum,1,24422
2025-05-19T01:45:34.742558,platinum,2,26632
2025-05-19T01:45:34.742558,platinum,3,32746
2025-05-19T01:45:34.742558,diamond,1,26179
2025-05-19T01:45:34.742558,diamond,2,29160
2025-05-19T01:45:34.742558,diamond,3,36229
2025-05-19T01:45:34.742558,grandmaster,1,17481
2025-05-19T01:45:34.742558,grandmaster,2,25315
2025-05-19T01:45:34.742558,grandmaster,3,45409
2025-05-19T01:45:34.742558,celestial,1,5045
2025-05-19T01:45:34.742558,celestial,2,9823
2025-05-19T01:45:34.742558,celestial,3,24771
2025-05-19T01:45:34.742558,eternity,total,9501
2025-05-19T01:45:34.742558,one_above_all,total,976
2025-05-19T06:30:44.190451,bronze,1,22870
2025-05-19T06:30:44.190451,bronze,2,28157
2025-05-19T06:30:44.190451,bronze,3,113432
2025-05-19T06:30:44.190451,silver,1,19778
2025-05-19T06:30:44.190451,silver,2,21880
2025-05-19T06:30:44.190451,silver,3,25499
2025-05-19T06:30:44.190451,gold,1,21872
2025-05-19T06:30:44.190451,gold,2,23780
2025-05-19T06:30:44.190451,gold,3,34161
2025-05-19T06:30:44.190451,platinum,1,24422
2025-05-19T06:30:44.190451,platinum,2,26632
2025-05-19T06:30:44.190451,platinum,3,32746
2025-05-19T06:30:44.190451,diamond,1,26179
2025-05-19T06:30:44.190451,diamond,2,29160
2025-05-19T06:30:44.190451,diamond,3,36229
2025-05-19T06:30:44.190451,grandmaster,1,17481
2025-05-19T06:30:44.190451,grandmaster,2,25315
2025-05-19T06:30:44.190451,grandmaster,3,45409
2025-05-19T06:30:44.190451,celestial,1,5045
2025-05-19T06:30:44.190451,celestial,2,9823
2025-05-19T06:30:44.190451,celestial,3,24771
2025-05-19T06:30:44.190451,eternity,total,9501
2025-05-19T06:30:44.190451,one_above_all,total,976
2025-05-19T12:42:20.290277,bronze,1,22884
2025-05-19T12:42:20.290277,bronze,2,28179
2025-05-19T12:42:20.290277,bronze,3,113506
2025-05-19T12:42:20.290277,silver,1,19795
2025-05-19T12:42:20.290277,silver,2,21912
2025-05-19T12:42:20.290277,silver,3,25510
2025-05-19T12:42:20.290277,gold,1,21908
2025-05-19T12:42:20.290277,gold,2,23810
2025-05-19T12:42:20.290277,gold,3,34202
2025-05-19T12:42:20.290277,platinum,1,24473
2025-05-19T12:42:20.290277,platinum,2,26680
2025-05-19T12:42:20.290277,platinum,3,32812
2025-05-19T12:42:20.290277,diamond,1,26218
2025-05-19T12:42:20.290277,diamond,2,29209
2025-05-19T12:42:20.290277,diamond,3,36304
2025-05-19T12:42:20.290277,grandmaster,1,17507
2025-05-19T12:42:20.290277,grandmaster,2,25368
2025-05-19T12:42:20.290277,grandmaster,3,45539
2025-05-19T12:42:20.290277,celestial,1,5050
2025-05-19T12:42:20.290277,celestial,2,9834
2025-05-19T12:42:20.290277,celestial,3,24834
2025-05-19T12:42:20.290277,eternity,total,9515
2025-05-19T12:42:20.290277,one_above_all,total,978
2025-05-19T18:28:44.664649,bronze,1,22901
2025-05-19T18:28:44.664649,bronze,2,28193
2025-05-19T18:28:44.664649,bronze,3,113564
2025-05-19T18:28:44.664649,silver,1,19809
2025-05-19T18:28:44.664649,silver,2,21916
2025-05-19T18:28:44.664649,silver,3,25523
2025-05-19T18:28:44.664649,gold,1,21919
2025-05-19T18:28:44.664649,gold,2,23836
2025-05-19T18:28:44.664649,gold,3,34221
2025-05-19T18:28:44.664649,platinum,1,24500
2025-05-19T18:28:44.664649,platinum,2,26713
2025-05-19T18:28:44.664649,platinum,3,32866
2025-05-19T18:28:44.664649,diamond,1,26243
2025-05-19T18:28:44.664649,diamond,2,29251
2025-05-19T18:28:44.664649,diamond,3,36363
2025-05-19T18:28:44.664649,grandmaster,1,17531
2025-05-19T18:28:44.664649,grandmaster,2,25408
2025-05-19T18:28:44.664649,grandmaster,3,45614
2025-05-19T18:28:44.664649,celestial,1,5051
2025-05-19T18:28:44.664649,celestial,2,9845
2025-05-19T18:28:44.664649,celestial,3,24870
2025-05-19T18:28:44.664649,eternity,total,9529
2025-05-19T18:28:44.664649,one_above_all,total,978
2025-05-20T01:42:05.597037,bronze,1,22918
2025-05-20T01:42:05.597037,bronze,2,28204
2025-05-20T01:42:05.597037,bronze,3,113629
2025-05-20T01:42:05.597037,silver,1,19820
2025-05-20T01:42:05.597037,silver,2,21937
2025-05-20T01:42:05.597037,silver,3,25541
2025-05-20T01:42:05.597037,gold,1,21947
2025-05-20T01:42:05.597037,gold,2,23849
2025-05-20T01:42:05.597037,gold,3,34261
2025-05-20T01:42:05.597037,platinum,1,24548
2025-05-20T01:42:05.597037,platinum,2,26757
2025-05-20T01:42:05.597037,platinum,3,32928
2025-05-20T01:42:05.597037,diamond,1,26283
2025-05-20T01:42:05.597037,diamond,2,29301
2025-05-20T01:42:05.597037,diamond,3,36443
2025-05-20T01:42:05.597037,grandmaster,1,17559
2025-05-20T01:42:05.597037,grandmaster,2,25451
2025-05-20T01:42:05.597037,grandmaster,3,45737
2025-05-20T01:42:05.597037,celestial,1,5053
2025-05-20T01:42:05.597037,celestial,2,9863
2025-05-20T01:42:05.597037,celestial,3,24935
2025-05-20T01:42:05.597037,eternity,total,9549
2025-05-20T01:42:05.597037,one_above_all,total,978
2025-05-20T06:29:52.810265,bronze,1,22918
2025-05-20T06:29:52.810265,bronze,2,28204
2025-05-20T06:29:52.810265,bronze,3,113629
2025-05-20T06:29:52.810265,silver,1,19820
2025-05-20T06:29:52.810265,silver,2,21937
2025-05-20T06:29:52.810265,silver,3,25541
2025-05-20T06:29:52.810265,gold,1,21947
2025-05-20T06:29:52.810265,gold,2,23849
2025-05-20T06:29:52.810265,gold,3,34261
2025-05-20T06:29:52.810265,platinum,1,24548
2025-05-20T06:29:52.810265,platinum,2,26757
2025-05-20T06:29:52.810265,platinum,3,32928
2025-05-20T06:29:52.810265,diamond,1,26283
2025-05-20T06:29:52.810265,diamond,2,29301
2025-05-20T06:29:52.810265,diamond,3,36443
2025-05-20T06:29:52.810265,grandmaster,1,17559
2025-05-20T06:29:52.810265,grandmaster,2,25451
2025-05-20T06:29:52.810265,grandmaster,3,45737
2025-05-20T06:29:52.810265,celestial,1,5053
2025-05-20T06:29:52.810265,celestial,2,9863
2025-05-20T06:29:52.810265,celestial,3,24935
2025-05-20T06:29:52.810265,eternity,total,9549
2025-05-20T06:29:52.810265,one_above_all,total,978
2025-05-20T12:42:04.562113,bronze,1,22937
2025-05-20T12:42:04.562113,bronze,2,28224
2025-05-20T12:42:04.562113,bronze,3,113703
2025-05-20T12:42:04.562113,silver,1,19842
2025-05-20T12:42:04.562113,silver,2,21955
2025-05-20T12:42:04.562113,silver,3,25563
2025-05-20T12:42:04.562113,gold,1,21964
2025-05-20T12:42:04.562113,gold,2,23865
2025-05-20T12:42:04.562113,gold,3,34295
2025-05-20T12:42:04.562113,platinum,1,24591
2025-05-20T12:42:04.562113,platinum,2,26799
2025-05-20T12:42:04.562113,platinum,3,32962
2025-05-20T12:42:04.562113,diamond,1,26344
2025-05-20T12:42:04.562113,diamond,2,29362
2025-05-20T12:42:04.562113,diamond,3,36501
2025-05-20T12:42:04.562113,grandmaster,1,17587
2025-05-20T12:42:04.562113,grandmaster,2,25503
2025-05-20T12:42:04.562113,grandmaster,3,45833
2025-05-20T12:42:04.562113,celestial,1,5063
2025-05-20T12:42:04.562113,celestial,2,9866
2025-05-20T12:42:04.562113,celestial,3,24996
2025-05-20T12:42:04.562113,eternity,total,9568
2025-05-20T12:42:04.562113,one_above_all,total,977
2025-05-20T18:29:12.502758,bronze,1,22946
2025-05-20T18:29:12.502758,bronze,2,28232
2025-05-20T18:29:12.502758,bronze,3,113752
2025-05-20T18:29:12.502758,silver,1,19843
2025-05-20T18:29:12.502758,silver,2,21959
2025-05-20T18:29:12.502758,silver,3,25574
2025-05-20T18:29:12.502758,gold,1,21972
2025-05-20T18:29:12.502758,gold,2,23872
2025-05-20T18:29:12.502758,gold,3,34310
2025-05-20T18:29:12.502758,platinum,1,24607
2025-05-20T18:29:12.502758,platinum,2,26819
2025-05-20T18:29:12.502758,platinum,3,32979
2025-05-20T18:29:12.502758,diamond,1,26368
2025-05-20T18:29:12.502758,diamond,2,29378
2025-05-20T18:29:12.502758,diamond,3,36523
2025-05-20T18:29:12.502758,grandmaster,1,17593
2025-05-20T18:29:12.502758,grandmaster,2,25533
2025-05-20T18:29:12.502758,grandmaster,3,45873
2025-05-20T18:29:12.502758,celestial,1,5068
2025-05-20T18:29:12.502758,celestial,2,9882
2025-05-20T18:29:12.502758,celestial,3,25028
2025-05-20T18:29:12.502758,eternity,total,9577
2025-05-20T18:29:12.502758,one_above_all,total,977
2025-05-21T01:41:42.311326,bronze,1,22963
2025-05-21T01:41:42.311326,bronze,2,28251
2025-05-21T01:41:42.311326,bronze,3,113816
2025-05-21T01:41:42.311326,silver,1,19861
2025-05-21T01:41:42.311326,silver,2,21979
2025-05-21T01:41:42.311326,silver,3,25585
2025-05-21T01:41:42.311326,gold,1,21991
2025-05-21T01:41:42.311326,gold,2,23889
2025-05-21T01:41:42.311326,gold,3,34345
2025-05-21T01:41:42.311326,platinum,1,24638
2025-05-21T01:41:42.311326,platinum,2,26857
2025-05-21T01:41:42.311326,platinum,3,33023
2025-05-21T01:41:42.311326,diamond,1,26411
2025-05-21T01:41:42.311326,diamond,2,29432
2025-05-21T01:41:42.311326,diamond,3,36593
2025-05-21T01:41:42.311326,grandmaster,1,17608
2025-05-21T01:41:42.311326,grandmaster,2,25575
2025-05-21T01:41:42.311326,grandmaster,3,45939
2025-05-21T01:41:42.311326,celestial,1,5074
2025-05-21T01:41:42.311326,celestial,2,9894
2025-05-21T01:41:42.311326,celestial,3,25068
2025-05-21T01:41:42.311326,eternity,total,9586
2025-05-21T01:41:42.311326,one_above_all,total,977
2025-05-21T06:29:46.524047,bronze,1,22963
2025-05-21T06:29:46.524047,bronze,2,28251
2025-05-21T06:29:46.524047,bronze,3,113816
2025-05-21T06:29:46.524047,silver,1,19861
2025-05-21T06:29:46.524047,silver,2,21979
2025-05-21T06:29:46.524047,silver,3,25585
2025-05-21T06:29:46.524047,gold,1,21991
2025-05-21T06:29:46.524047,gold,2,23889
2025-05-21T06:29:46.524047,gold,3,34345
2025-05-21T06:29:46.524047,platinum,1,24638
2025-05-21T06:29:46.524047,platinum,2,26857
2025-05-21T06:29:46.524047,platinum,3,33023
2025-05-21T06:29:46.524047,diamond,1,26411
2025-05-21T06:29:46.524047,diamond,2,29432
2025-05-21T06:29:46.524047,diamond,3,36593
2025-05-21T06:29:46.524047,grandmaster,1,17608
2025-05-21T06:29:46.524047,grandmaster,2,25575
2025-05-21T06:29:46.524047,grandmaster,3,45939
2025-05-21T06:29:46.524047,celestial,1,5074
2025-05-21T06:29:46.524047,celestial,2,9894
2025-05-21T06:29:46.524047,celestial,3,25068
2025-05-21T06:29:46.524047,eternity,total,9586
2025-05-21T06:29:46.524047,one_above_all,total,977
2025-05-21T12:41:19.062188,bronze,1,22981
2025-05-21T12:41:19.062188,bronze,2,28273
2025-05-21T12:41:19.062188,bronze,3,113883
2025-05-21T12:41:19.062188,silver,1,19876
2025-05-21T12:41:19.062188,silver,2,22002
2025-05-21T12:41:19.062188,silver,3,25606
2025-05-21T12:41:19.062188,gold,1,22011
2025-05-21T12:41:19.062188,gold,2,23917
2025-05-21T12:41:19.062188,gold,3,34386
2025-05-21T12:41:19.062188,platinum,1,24670
2025-05-21T12:41:19.062188,platinum,2,26891
2025-05-21T12:41:19.062188,platinum,3,33066
2025-05-21T12:41:19.062188,diamond,1,26450
2025-05-21T12:41:19.062188,diamond,2,29482
2025-05-21T12:41:19.062188,diamond,3,36652
2025-05-21T12:41:19.062188,grandmaster,1,17626
2025-05-21T12:41:19.062188,grandmaster,2,25617
2025-05-21T12:41:19.062188,grandmaster,3,46041
2025-05-21T12:41:19.062188,celestial,1,5078
2025-05-21T12:41:19.062188,celestial,2,9907
2025-05-21T12:41:19.062188,celestial,3,25130
2025-05-21T12:41:19.062188,eternity,total,9602
2025-05-21T12:41:19.062188,one_above_all,total,976
2025-05-21T18:28:48.755526,bronze,1,22991
2025-05-21T18:28:48.755526,bronze,2,28286
2025-05-21T18:28:48.755526,bronze,3,113909
2025-05-21T18:28:48.755526,silver,1,19885
2025-05-21T18:28:48.755526,silver,2,22013
2025-05-21T18:28:48.755526,silver,3,25613
2025-05-21T18:28:48.755526,gold,1,22030
2025-05-21T18:28:48.755526,gold,2,23928
2025-05-21T18:28:48.755526,gold,3,34411
2025-05-21T18:28:48.755526,platinum,1,24691
2025-05-21T18:28:48.755526,platinum,2,26913
2025-05-21T18:28:48.755526,platinum,3,33102
2025-05-21T18:28:48.755526,diamond,1,26478
2025-05-21T18:28:48.755526,diamond,2,29511
2025-05-21T18:28:48.755526,diamond,3,36691
2025-05-21T18:28:48.755526,grandmaster,1,17647
2025-05-21T18:28:48.755526,grandmaster,2,25640
2025-05-21T18:28:48.755526,grandmaster,3,46091
2025-05-21T18:28:48.755526,celestial,1,5083
2025-05-21T18:28:48.755526,celestial,2,9913
2025-05-21T18:28:48.755526,celestial,3,25163
2025-05-21T18:28:48.755526,eternity,total,9607
2025-05-21T18:28:48.755526,one_above_all,total,975
2025-05-22T01:41:02.801477,bronze,1,23002
2025-05-22T01:41:02.801477,bronze,2,28304
2025-05-22T01:41:02.801477,bronze,3,113959
2025-05-22T01:41:02.801477,silver,1,19891
2025-05-22T01:41:02.801477,silver,2,22026
2025-05-22T01:41:02.801477,silver,3,25629
2025-05-22T01:41:02.801477,gold,1,22038
2025-05-22T01:41:02.801477,gold,2,23944
2025-05-22T01:41:02.801477,gold,3,34429
2025-05-22T01:41:02.801477,platinum,1,24723
2025-05-22T01:41:02.801477,platinum,2,26927
2025-05-22T01:41:02.801477,platinum,3,33122
2025-05-22T01:41:02.801477,diamond,1,26498
2025-05-22T01:41:02.801477,diamond,2,29542
2025-05-22T01:41:02.801477,diamond,3,36732
2025-05-22T01:41:02.801477,grandmaster,1,17669
2025-05-22T01:41:02.801477,grandmaster,2,25667
2025-05-22T01:41:02.801477,grandmaster,3,46150
2025-05-22T01:41:02.801477,celestial,1,5083
2025-05-22T01:41:02.801477,celestial,2,9923
2025-05-22T01:41:02.801477,celestial,3,25193
2025-05-22T01:41:02.801477,eternity,total,9622
2025-05-22T01:41:02.801477,one_above_all,total,976
2025-05-22T06:29:33.077876,bronze,1,23002
2025-05-22T06:29:33.077876,bronze,2,28304
2025-05-22T06:29:33.077876,bronze,3,113959
2025-05-22T06:29:33.077876,silver,1,19891
2025-05-22T06:29:33.077876,silver,2,22026
2025-05-22T06:29:33.077876,silver,3,25629
2025-05-22T06:29:33.077876,gold,1,22038
2025-05-22T06:29:33.077876,gold,2,23944
2025-05-22T06:29:33.077876,gold,3,34429
2025-05-22T06:29:33.077876,platinum,1,24723
2025-05-22T06:29:33.077876,platinum,2,26927
2025-05-22T06:29:33.077876,platinum,3,33122
2025-05-22T06:29:33.077876,diamond,1,26498
2025-05-22T06:29:33.077876,diamond,2,29542
2025-05-22T06:29:33.077876,diamond,3,36732
2025-05-22T06:29:33.077876,grandmaster,1,17669
2025-05-22T06:29:33.077876,grandmaster,2,25667
2025-05-22T06:29:33.077876,grandmaster,3,46150
2025-05-22T06:29:33.077876,celestial,1,5083
2025-05-22T06:29:33.077876,celestial,2,9923
2025-05-22T06:29:33.077876,celestial,3,25193
2025-05-22T06:29:33.077876,eternity,total,9622
2025-05-22T06:29:33.077876,one_above_all,total,976
2025-05-22T12:41:43.605604,bronze,1,23013
2025-05-22T12:41:43.605604,bronze,2,28312
2025-05-22T12:41:43.605604,bronze,3,113997
2025-05-22T12:41:43.605604,silver,1,19899
2025-05-22T12:41:43.605604,silver,2,22033
2025-05-22T12:41:43.605604,silver,3,25641
2025-05-22T12:41:43.605604,gold,1,22059
2025-05-22T12:41:43.605604,gold,2,23962
2025-05-22T12:41:43.605604,gold,3,34451
2025-05-22T12:41:43.605604,platinum,1,24743
2025-05-22T12:41:43.605604,platinum,2,26947
2025-05-22T12:41:43.605604,platinum,3,33154
2025-05-22T12:41:43.605604,diamond,1,26538
2025-05-22T12:41:43.605604,diamond,2,29565
2025-05-22T12:41:43.605604,diamond,3,36779
2025-05-22T12:41:43.605604,grandmaster,1,17694
2025-05-22T12:41:43.605604,grandmaster,2,25684
2025-05-22T12:41:43.605604,grandmaster,3,46206
2025-05-22T12:41:43.605604,celestial,1,5086
2025-05-22T12:41:43.605604,celestial,2,9934
2025-05-22T12:41:43.605604,celestial,3,25233
2025-05-22T12:41:43.605604,eternity,total,9634
2025-05-22T12:41:43.605604,one_above_all,total,977
2025-05-22T18:28:34.605591,bronze,1,23024
2025-05-22T18:28:34.605591,bronze,2,28318
2025-05-22T18:28:34.605591,bronze,3,114021
2025-05-22T18:28:34.605591,silver,1,19905
2025-05-22T18:28:34.605591,silver,2,22042
2025-05-22T18:28:34.605591,silver,3,25645
2025-05-22T18:28:34.605591,gold,1,22071
2025-05-22T18:28:34.605591,gold,2,23972
2025-05-22T18:28:34.605591,gold,3,34465
2025-05-22T18:28:34.605591,platinum,1,24765
2025-05-22T18:28:34.605591,platinum,2,26958
2025-05-22T18:28:34.605591,platinum,3,33167
2025-05-22T18:28:34.605591,diamond,1,26553
2025-05-22T18:28:34.605591,diamond,2,29586
2025-05-22T18:28:34.605591,diamond,3,36805
2025-05-22T18:28:34.605591,grandmaster,1,17706
2025-05-22T18:28:34.605591,grandmaster,2,25705
2025-05-22T18:28:34.605591,grandmaster,3,46245
2025-05-22T18:28:34.605591,celestial,1,5088
2025-05-22T18:28:34.605591,celestial,2,9935
2025-05-22T18:28:34.605591,celestial,3,25260
2025-05-22T18:28:34.605591,eternity,total,9639
2025-05-22T18:28:34.605591,one_above_all,total,977
2025-05-23T01:41:05.223196,bronze,1,23035
2025-05-23T01:41:05.223196,bronze,2,28334
2025-05-23T01:41:05.223196,bronze,3,114064
2025-05-23T01:41:05.223196,silver,1,19918
2025-05-23T01:41:05.223196,silver,2,22052
2025-05-23T01:41:05.223196,silver,3,25655
2025-05-23T01:41:05.223196,gold,1,22087
2025-05-23T01:41:05.223196,gold,2,23990
2025-05-23T01:41:05.223196,gold,3,34488
2025-05-23T01:41:05.223196,platinum,1,24788
2025-05-23T01:41:05.223196,platinum,2,26990
2025-05-23T01:41:05.223196,platinum,3,33205
2025-05-23T01:41:05.223196,diamond,1,26584
2025-05-23T01:41:05.223196,diamond,2,29625
2025-05-23T01:41:05.223196,diamond,3,36845
2025-05-23T01:41:05.223196,grandmaster,1,17721
2025-05-23T01:41:05.223196,grandmaster,2,25739
2025-05-23T01:41:05.223196,grandmaster,3,46319
2025-05-23T01:41:05.223196,celestial,1,5087
2025-05-23T01:41:05.223196,celestial,2,9946
2025-05-23T01:41:05.223196,celestial,3,25286
2025-05-23T01:41:05.223196,eternity,total,9651
2025-05-23T01:41:05.223196,one_above_all,total,977
2025-05-23T06:29:00.653555,bronze,1,23035
2025-05-23T06:29:00.653555,bronze,2,28334
2025-05-23T06:29:00.653555,bronze,3,114064
2025-05-23T06:29:00.653555,silver,1,19918
2025-05-23T06:29:00.653555,silver,2,22052
2025-05-23T06:29:00.653555,silver,3,25655
2025-05-23T06:29:00.653555,gold,1,22087
2025-05-23T06:29:00.653555,gold,2,23990
2025-05-23T06:29:00.653555,gold,3,34488
2025-05-23T06:29:00.653555,platinum,1,24788
2025-05-23T06:29:00.653555,platinum,2,26990
2025-05-23T06:29:00.653555,platinum,3,33205
2025-05-23T06:29:00.653555,diamond,1,26584
2025-05-23T06:29:00.653555,diamond,2,29625
2025-05-23T06:29:00.653555,diamond,3,36845
2025-05-23T06:29:00.653555,grandmaster,1,17721
2025-05-23T06:29:00.653555,grandmaster,2,25739
2025-05-23T06:29:00.653555,grandmaster,3,46319
2025-05-23T06:29:00.653555,celestial,1,5087
2025-05-23T06:29:00.653555,celestial,2,9946
2025-05-23T06:29:00.653555,celestial,3,25286
2025-05-23T06:29:00.653555,eternity,total,9651
2025-05-23T06:29:00.653555,one_above_all,total,977
2025-05-23T12:39:54.161916,bronze,1,23048
2025-05-23T12:39:54.161916,bronze,2,28345
2025-05-23T12:39:54.161916,bronze,3,114112
2025-05-23T12:39:54.161916,silver,1,19927
2025-05-23T12:39:54.161916,silver,2,22058
2025-05-23T12:39:54.161916,silver,3,25665
2025-05-23T12:39:54.161916,gold,1,22098
2025-05-23T12:39:54.161916,gold,2,24009
2025-05-23T12:39:54.161916,gold,3,34511
2025-05-23T12:39:54.161916,platinum,1,24804
2025-05-23T12:39:54.161916,platinum,2,27020
2025-05-23T12:39:54.161916,platinum,3,33235
2025-05-23T12:39:54.161916,diamond,1,26610
2025-05-23T12:39:54.161916,diamond,2,29656
2025-05-23T12:39:54.161916,diamond,3,36881
2025-05-23T12:39:54.161916,grandmaster,1,17745
2025-05-23T12:39:54.161916,grandmaster,2,25774
2025-05-23T12:39:54.161916,grandmaster,3,46392
2025-05-23T12:39:54.161916,celestial,1,5089
2025-05-23T12:39:54.161916,celestial,2,9950
2025-05-23T12:39:54.161916,celestial,3,25308
2025-05-23T12:39:54.161916,eternity,total,9666
2025-05-23T12:39:54.161916,one_above_all,total,977
2025-05-23T18:26:47.446235,bronze,1,23060
2025-05-23T18:26:47.446235,bronze,2,28352
2025-05-23T18:26:47.446235,bronze,3,114154
2025-05-23T18:26:47.446235,silver,1,19933
2025-05-23T18:26:47.446235,silver,2,22068
2025-05-23T18:26:47.446235,silver,3,25677
2025-05-23T18:26:47.446235,gold,1,22118
2025-05-23T18:26:47.446235,gold,2,24025
2025-05-23T18:26:47.446235,gold,3,34533
2025-05-23T18:26:47.446235,platinum,1,24836
2025-05-23T18:26:47.446235,platinum,2,27050
2025-05-23T18:26:47.446235,platinum,3,33264
2025-05-23T18:26:47.446235,diamond,1,26633
2025-05-23T18:26:47.446235,diamond,2,29691
2025-05-23T18:26:47.446235,diamond,3,36933
2025-05-23T18:26:47.446235,grandmaster,1,17762
2025-05-23T18:26:47.446235,grandmaster,2,25795
2025-05-23T18:26:47.446235,grandmaster,3,46453
2025-05-23T18:26:47.446235,celestial,1,5092
2025-05-23T18:26:47.446235,celestial,2,9961
2025-05-23T18:26:47.446235,celestial,3,25342
2025-05-23T18:26:47.446235,eternity,total,9670
2025-05-23T18:26:47.446235,one_above_all,total,976
2025-05-24T01:37:34.117189,bronze,1,23082
2025-05-24T01:37:34.117189,bronze,2,28362
2025-05-24T01:37:34.117189,bronze,3,114206
2025-05-24T01:37:34.117189,silver,1,19948
2025-05-24T01:37:34.117189,silver,2,22079
2025-05-24T01:37:34.117189,silver,3,25691
2025-05-24T01:37:34.117189,gold,1,22139
2025-05-24T01:37:34.117189,gold,2,24039
2025-05-24T01:37:34.117189,gold,3,34560
2025-05-24T01:37:34.117189,platinum,1,24866
2025-05-24T01:37:34.117189,platinum,2,27081
2025-05-24T01:37:34.117189,platinum,3,33297
2025-05-24T01:37:34.117189,diamond,1,26673
2025-05-24T01:37:34.117189,diamond,2,29730
2025-05-24T01:37:34.117189,diamond,3,36986
2025-05-24T01:37:34.117189,grandmaster,1,17784
2025-05-24T01:37:34.117189,grandmaster,2,25827
2025-05-24T01:37:34.117189,grandmaster,3,46523
2025-05-24T01:37:34.117189,celestial,1,5094
2025-05-24T01:37:34.117189,celestial,2,9963
2025-05-24T01:37:34.117189,celestial,3,25380
2025-05-24T01:37:34.117189,eternity,total,9678
2025-05-24T01:37:34.117189,one_above_all,total,976
2025-05-24T06:26:30.872035,bronze,1,23082
2025-05-24T06:26:30.872035,bronze,2,28362
2025-05-24T06:26:30.872035,bronze,3,114206
2025-05-24T06:26:30.872035,silver,1,19948
2025-05-24T06:26:30.872035,silver,2,22079
2025-05-24T06:26:30.872035,silver,3,25691
2025-05-24T06:26:30.872035,gold,1,22139
2025-05-24T06:26:30.872035,gold,2,24039
2025-05-24T06:26:30.872035,gold,3,34560
2025-05-24T06:26:30.872035,platinum,1,24866
2025-05-24T06:26:30.872035,platinum,2,27081
2025-05-24T06:26:30.872035,platinum,3,33297
2025-05-24T06:26:30.872035,diamond,1,26673
2025-05-24T06:26:30.872035,diamond,2,29730
2025-05-24T06:26:30.872035,diamond,3,36986
2025-05-24T06:26:30.872035,grandmaster,1,17784
2025-05-24T06:26:30.872035,grandmaster,2,25827
2025-05-24T06:26:30.872035,grandmaster,3,46523
2025-05-24T06:26:30.872035,celestial,1,5094
2025-05-24T06:26:30.872035,celestial,2,9963
2025-05-24T06:26:30.872035,celestial,3,25380
2025-05-24T06:26:30.872035,eternity,total,9678
2025-05-24T06:26:30.872035,one_above_all,total,976
2025-05-24T12:36:31.302091,bronze,1,23089
2025-05-24T12:36:31.302091,bronze,2,28369
2025-05-24T12:36:31.302091,bronze,3,114245
2025-05-24T12:36:31.302091,silver,1,19956
2025-05-24T12:36:31.302091,silver,2,22087
2025-05-24T12:36:31.302091,silver,3,25703
2025-05-24T12:36:31.302091,gold,1,22159
2025-05-24T12:36:31.302091,gold,2,24053
2025-05-24T12:36:31.302091,gold,3,34579
2025-05-24T12:36:31.302091,platinum,1,24889
2025-05-24T12:36:31.302091,platinum,2,27111
2025-05-24T12:36:31.302091,platinum,3,33317
2025-05-24T12:36:31.302091,diamond,1,26697
2025-05-24T12:36:31.302091,diamond,2,29749
2025-05-24T12:36:31.302091,diamond,3,37023
2025-05-24T12:36:31.302091,grandmaster,1,17817
2025-05-24T12:36:31.302091,grandmaster,2,25871
2025-05-24T12:36:31.302091,grandmaster,3,46596
2025-05-24T12:36:31.302091,celestial,1,5095
2025-05-24T12:36:31.302091,celestial,2,9974
2025-05-24T12:36:31.302091,celestial,3,25416
2025-05-24T12:36:31.302091,eternity,total,9689
2025-05-24T12:36:31.302091,one_above_all,total,976
2025-05-24T18:25:33.245696,bronze,1,23093
2025-05-24T18:25:33.245696,bronze,2,28377
2025-05-24T18:25:33.245696,bronze,3,114281
2025-05-24T18:25:33.245696,silver,1,19958
2025-05-24T18:25:33.245696,silver,2,22093
2025-05-24T18:25:33.245696,silver,3,25710
2025-05-24T18:25:33.245696,gold,1,22168
2025-05-24T18:25:33.245696,gold,2,24066
2025-05-24T18:25:33.245696,gold,3,34596
2025-05-24T18:25:33.245696,platinum,1,24901
2025-05-24T18:25:33.245696,platinum,2,27133
2025-05-24T18:25:33.245696,platinum,3,33336
2025-05-24T18:25:33.245696,diamond,1,26719
2025-05-24T18:25:33.245696,diamond,2,29777
2025-05-24T18:25:33.245696,diamond,3,37060
2025-05-24T18:25:33.245696,grandmaster,1,17832
2025-05-24T18:25:33.245696,grandmaster,2,25880
2025-05-24T18:25:33.245696,grandmaster,3,46631
2025-05-24T18:25:33.245696,celestial,1,5104
2025-05-24T18:25:33.245696,celestial,2,9979
2025-05-24T18:25:33.245696,celestial,3,25449
2025-05-24T18:25:33.245696,eternity,total,9697
2025-05-24T18:25:33.245696,one_above_all,total,976
2025-05-25T01:48:46.115594,bronze,1,23105
2025-05-25T01:48:46.115594,bronze,2,28389
2025-05-25T01:48:46.115594,bronze,3,114329
2025-05-25T01:48:46.115594,silver,1,19962
2025-05-25T01:48:46.115594,silver,2,22107
2025-05-25T01:48:46.115594,silver,3,25724
2025-05-25T01:48:46.115594,gold,1,22173
2025-05-25T01:48:46.115594,gold,2,24095
2025-05-25T01:48:46.115594,gold,3,34620
2025-05-25T01:48:46.115594,platinum,1,24931
2025-05-25T01:48:46.115594,platinum,2,27149
2025-05-25T01:48:46.115594,platinum,3,33369
2025-05-25T01:48:46.115594,diamond,1,26759
2025-05-25T01:48:46.115594,diamond,2,29817
2025-05-25T01:48:46.115594,diamond,3,37113
2025-05-25T01:48:46.115594,grandmaster,1,17847
2025-05-25T01:48:46.115594,grandmaster,2,25905
2025-05-25T01:48:46.115594,grandmaster,3,46700
2025-05-25T01:48:46.115594,celestial,1,5106
2025-05-25T01:48:46.115594,celestial,2,9992
2025-05-25T01:48:46.115594,celestial,3,25467
2025-05-25T01:48:46.115594,eternity,total,9708
2025-05-25T01:48:46.115594,one_above_all,total,974
2025-05-25T06:26:57.175346,bronze,1,23105
2025-05-25T06:26:57.175346,bronze,2,28389
2025-05-25T06:26:57.175346,bronze,3,114329
2025-05-25T06:26:57.175346,silver,1,19962
2025-05-25T06:26:57.175346,silver,2,22107
2025-05-25T06:26:57.175346,silver,3,25724
2025-05-25T06:26:57.175346,gold,1,22173
2025-05-25T06:26:57.175346,gold,2,24095
2025-05-25T06:26:57.175346,gold,3,34620
2025-05-25T06:26:57.175346,platinum,1,24931
2025-05-25T06:26:57.175346,platinum,2,27149
2025-05-25T06:26:57.175346,platinum,3,33369
2025-05-25T06:26:57.175346,diamond,1,26759
2025-05-25T06:26:57.175346,diamond,2,29817
2025-05-25T06:26:57.175346,diamond,3,37113
2025-05-25T06:26:57.175346,grandmaster,1,17847
2025-05-25T06:26:57.175346,grandmaster,2,25905
2025-05-25T06:26:57.175346,grandmaster,3,46700
2025-05-25T06:26:57.175346,celestial,1,5106
2025-05-25T06:26:57.175346,celestial,2,9992
2025-05-25T06:26:57.175346,celestial,3,25467
2025-05-25T06:26:57.175346,eternity,total,9708
2025-05-25T06:26:57.175346,one_above_all,total,974
2025-05-25T12:36:54.893220,bronze,1,23113
2025-05-25T12:36:54.893220,bronze,2,28396
2025-05-25T12:36:54.893220,bronze,3,114373
2025-05-25T12:36:54.893220,silver,1,19974
2025-05-25T12:36:54.893220,silver,2,22114
2025-05-25T12:36:54.893220,silver,3,25731
2025-05-25T12:36:54.893220,gold,1,22185
2025-05-25T12:36:54.893220,gold,2,24108
2025-05-25T12:36:54.893220,gold,3,34652
2025-05-25T12:36:54.893220,platinum,1,24955
2025-05-25T12:36:54.893220,platinum,2,27168
2025-05-25T12:36:54.893220,platinum,3,33389
2025-05-25T12:36:54.893220,diamond,1,26790
2025-05-25T12:36:54.893220,diamond,2,29849
2025-05-25T12:36:54.893220,diamond,3,37162
2025-05-25T12:36:54.893220,grandmaster,1,17870
2025-05-25T12:36:54.893220,grandmaster,2,25941
2025-05-25T12:36:54.893220,grandmaster,3,46764
2025-05-25T12:36:54.893220,celestial,1,5104
2025-05-25T12:36:54.893220,celestial,2,9999
2025-05-25T12:36:54.893220,celestial,3,25507
2025-05-25T12:36:54.893220,eternity,total,9724
2025-05-25T12:36:54.893220,one_above_all,total,974
2025-05-25T18:25:41.157715,bronze,1,23120
2025-05-25T18:25:41.157715,bronze,2,28400
2025-05-25T18:25:41.157715,bronze,3,114400
2025-05-25T18:25:41.157715,silver,1,19977
2025-05-25T18:25:41.157715,silver,2,22121
2025-05-25T18:25:41.157715,silver,3,25741
2025-05-25T18:25:41.157715,gold,1,22199
2025-05-25T18:25:41.157715,gold,2,24119
2025-05-25T18:25:41.157715,gold,3,34677
2025-05-25T18:25:41.157715,platinum,1,24977
2025-05-25T18:25:41.157715,platinum,2,27194
2025-05-25T18:25:41.157715,platinum,3,33412
2025-05-25T18:25:41.157715,diamond,1,26797
2025-05-25T18:25:41.157715,diamond,2,29865
2025-05-25T18:25:41.157715,diamond,3,37195
2025-05-25T18:25:41.157715,grandmaster,1,17882
2025-05-25T18:25:41.157715,grandmaster,2,25966
2025-05-25T18:25:41.157715,grandmaster,3,46815
2025-05-25T18:25:41.157715,celestial,1,5104
2025-05-25T18:25:41.157715,celestial,2,10004
2025-05-25T18:25:41.157715,celestial,3,25541
2025-05-25T18:25:41.157715,eternity,total,9735
2025-05-25T18:25:41.157715,one_above_all,total,972
2025-05-26T01:44:16.331270,bronze,1,23130
2025-05-26T01:44:16.331270,bronze,2,28415
2025-05-26T01:44:16.331270,bronze,3,114449
2025-05-26T01:44:16.331270,silver,1,19985
2025-05-26T01:44:16.331270,silver,2,22128
2025-05-26T01:44:16.331270,silver,3,25743
2025-05-26T01:44:16.331270,gold,1,22219
2025-05-26T01:44:16.331270,gold,2,24132
2025-05-26T01:44:16.331270,gold,3,34700
2025-05-26T01:44:16.331270,platinum,1,24997
2025-05-26T01:44:16.331270,platinum,2,27223
2025-05-26T01:44:16.331270,platinum,3,33448
2025-05-26T01:44:16.331270,diamond,1,26822
2025-05-26T01:44:16.331270,diamond,2,29890
2025-05-26T01:44:16.331270,diamond,3,37248
2025-05-26T01:44:16.331270,grandmaster,1,17907
2025-05-26T01:44:16.331270,grandmaster,2,25993
2025-05-26T01:44:16.331270,grandmaster,3,46891
2025-05-26T01:44:16.331270,celestial,1,5109
2025-05-26T01:44:16.331270,celestial,2,10014
2025-05-26T01:44:16.331270,celestial,3,25572
2025-05-26T01:44:16.331270,eternity,total,9748
2025-05-26T01:44:16.331270,one_above_all,total,972
2025-05-26T06:30:45.681501,bronze,1,23130
2025-05-26T06:30:45.681501,bronze,2,28415
2025-05-26T06:30:45.681501,bronze,3,114449
2025-05-26T06:30:45.681501,silver,1,19985
2025-05-26T06:30:45.681501,silver,2,22128
2025-05-26T06:30:45.681501,silver,3,25743
2025-05-26T06:30:45.681501,gold,1,22219
2025-05-26T06:30:45.681501,gold,2,24132
2025-05-26T06:30:45.681501,gold,3,34700
2025-05-26T06:30:45.681501,platinum,1,24997
2025-05-26T06:30:45.681501,platinum,2,27223
2025-05-26T06:30:45.681501,platinum,3,33448
2025-05-26T06:30:45.681501,diamond,1,26822
2025-05-26T06:30:45.681501,diamond,2,29890
2025-05-26T06:30:45.681501,diamond,3,37248
2025-05-26T06:30:45.681501,grandmaster,1,17907
2025-05-26T06:30:45.681501,grandmaster,2,25993
2025-05-26T06:30:45.681501,grandmaster,3,46891
2025-05-26T06:30:45.681501,celestial,1,5109
2025-05-26T06:30:45.681501,celestial,2,10014
2025-05-26T06:30:45.681501,celestial,3,25572
2025-05-26T06:30:45.681501,eternity,total,9748
2025-05-26T06:30:45.681501,one_above_all,total,972
2025-05-26T12:39:49.426918,bronze,1,23139
2025-05-26T12:39:49.426918,bronze,2,28421
2025-05-26T12:39:49.426918,bronze,3,114491
2025-05-26T12:39:49.426918,silver,1,19996
2025-05-26T12:39:49.426918,silver,2,22139
2025-05-26T12:39:49.426918,silver,3,25756
2025-05-26T12:39:49.426918,gold,1,22238
2025-05-26T12:39:49.426918,gold,2,24148
2025-05-26T12:39:49.426918,gold,3,34732
2025-05-26T12:39:49.426918,platinum,1,25020
2025-05-26T12:39:49.426918,platinum,2,27248
2025-05-26T12:39:49.426918,platinum,3,33481
2025-05-26T12:39:49.426918,diamond,1,26842
2025-05-26T12:39:49.426918,diamond,2,29923
2025-05-26T12:39:49.426918,diamond,3,37284
2025-05-26T12:39:49.426918,grandmaster,1,17930
2025-05-26T12:39:49.426918,grandmaster,2,26022
2025-05-26T12:39:49.426918,grandmaster,3,46960
2025-05-26T12:39:49.426918,celestial,1,5114
2025-05-26T12:39:49.426918,celestial,2,10021
2025-05-26T12:39:49.426918,celestial,3,25621
2025-05-26T12:39:49.426918,eternity,total,9761
2025-05-26T12:39:49.426918,one_above_all,total,972
2025-05-26T18:27:02.133361,bronze,1,23153
2025-05-26T18:27:02.133361,bronze,2,28429
2025-05-26T18:27:02.133361,bronze,3,114526
2025-05-26T18:27:02.133361,silver,1,20007
2025-05-26T18:27:02.133361,silver,2,22146
2025-05-26T18:27:02.133361,silver,3,25761
2025-05-26T18:27:02.133361,gold,1,22244
2025-05-26T18:27:02.133361,gold,2,24161
2025-05-26T18:27:02.133361,gold,3,34753
2025-05-26T18:27:02.133361,platinum,1,25036
2025-05-26T18:27:02.133361,platinum,2,27267
2025-05-26T18:27:02.133361,platinum,3,33497
2025-05-26T18:27:02.133361,diamond,1,26863
2025-05-26T18:27:02.133361,diamond,2,29936
2025-05-26T18:27:02.133361,diamond,3,37310
2025-05-26T18:27:02.133361,grandmaster,1,17939
2025-05-26T18:27:02.133361,grandmaster,2,26050
2025-05-26T18:27:02.133361,grandmaster,3,47012
2025-05-26T18:27:02.133361,celestial,1,5112
2025-05-26T18:27:02.133361,celestial,2,10036
2025-05-26T18:27:02.133361,celestial,3,25642
2025-05-26T18:27:02.133361,eternity,total,9776
2025-05-26T18:27:02.133361,one_above_all,total,972
2025-05-27T01:40:32.101205,bronze,1,23162
2025-05-27T01:40:32.101205,bronze,2,28443
2025-05-27T01:40:32.101205,bronze,3,114577
2025-05-27T01:40:32.101205,silver,1,20021
2025-05-27T01:40:32.101205,silver,2,22158
2025-05-27T01:40:32.101205,silver,3,25770
2025-05-27T01:40:32.101205,gold,1,22266
2025-05-27T01:40:32.101205,gold,2,24174
2025-05-27T01:40:32.101205,gold,3,34786
2025-05-27T01:40:32.101205,platinum,1,25069
2025-05-27T01:40:32.101205,platinum,2,27295
2025-05-27T01:40:32.101205,platinum,3,33524
2025-05-27T01:40:32.101205,diamond,1,26888
2025-05-27T01:40:32.101205,diamond,2,29957
2025-05-27T01:40:32.101205,diamond,3,37352
2025-05-27T01:40:32.101205,grandmaster,1,17971
2025-05-27T01:40:32.101205,grandmaster,2,26089
2025-05-27T01:40:32.101205,grandmaster,3,47085
2025-05-27T01:40:32.101205,celestial,1,5114
2025-05-27T01:40:32.101205,celestial,2,10045
2025-05-27T01:40:32.101205,celestial,3,25685
2025-05-27T01:40:32.101205,eternity,total,9786
2025-05-27T01:40:32.101205,one_above_all,total,971
2025-05-27T06:29:14.737900,bronze,1,23162
2025-05-27T06:29:14.737900,bronze,2,28443
2025-05-27T06:29:14.737900,bronze,3,114577
2025-05-27T06:29:14.737900,silver,1,20021
2025-05-27T06:29:14.737900,silver,2,22158
2025-05-27T06:29:14.737900,silver,3,25770
2025-05-27T06:29:14.737900,gold,1,22266
2025-05-27T06:29:14.737900,gold,2,24174
2025-05-27T06:29:14.737900,gold,3,34786
2025-05-27T06:29:14.737900,platinum,1,25069
2025-05-27T06:29:14.737900,platinum,2,27295
2025-05-27T06:29:14.737900,platinum,3,33524
2025-05-27T06:29:14.737900,diamond,1,26888
2025-05-27T06:29:14.737900,diamond,2,29957
2025-05-27T06:29:14.737900,diamond,3,37352
2025-05-27T06:29:14.737900,grandmaster,1,17971
2025-05-27T06:29:14.737900,grandmaster,2,26089
2025-05-27T06:29:14.737900,grandmaster,3,47085
2025-05-27T06:29:14.737900,celestial,1,5114
2025-05-27T06:29:14.737900,celestial,2,10045
2025-05-27T06:29:14.737900,celestial,3,25685
2025-05-27T06:29:14.737900,eternity,total,9786
2025-05-27T06:29:14.737900,one_above_all,total,971
2025-05-27T12:42:14.552197,bronze,1,23175
2025-05-27T12:42:14.552197,bronze,2,28457
2025-05-27T12:42:14.552197,bronze,3,114640
2025-05-27T12:42:14.552197,silver,1,20030
2025-05-27T12:42:14.552197,silver,2,22175
2025-05-27T12:42:14.552197,silver,3,25781
2025-05-27T12:42:14.552197,gold,1,22290
2025-05-27T12:42:14.552197,gold,2,24203
2025-05-27T12:42:14.552197,gold,3,34813
2025-05-27T12:42:14.552197,platinum,1,25095
2025-05-27T12:42:14.552197,platinum,2,27326
2025-05-27T12:42:14.552197,platinum,3,33561
2025-05-27T12:42:14.552197,diamond,1,26916
2025-05-27T12:42:14.552197,diamond,2,29998
2025-05-27T12:42:14.552197,diamond,3,37410
2025-05-27T12:42:14.552197,grandmaster,1,17984
2025-05-27T12:42:14.552197,grandmaster,2,26131
2025-05-27T12:42:14.552197,grandmaster,3,47144
2025-05-27T12:42:14.552197,celestial,1,5120
2025-05-27T12:42:14.552197,celestial,2,10053
2025-05-27T12:42:14.552197,celestial,3,25714
2025-05-27T12:42:14.552197,eternity,total,9789
2025-05-27T12:42:14.552197,one_above_all,total,971
2025-05-27T18:27:44.561862,bronze,1,23186
2025-05-27T18:27:44.561862,bronze,2,28461
2025-05-27T18:27:44.561862,bronze,3,114678
2025-05-27T18:27:44.561862,silver,1,20035
2025-05-27T18:27:44.561862,silver,2,22180
2025-05-27T18:27:44.561862,silver,3,25788
2025-05-27T18:27:44.561862,gold,1,22300
2025-05-27T18:27:44.561862,gold,2,24219
2025-05-27T18:27:44.561862,gold,3,34837
2025-05-27T18:27:44.561862,platinum,1,25112
2025-05-27T18:27:44.561862,platinum,2,27349
2025-05-27T18:27:44.561862,platinum,3,33586
2025-05-27T18:27:44.561862,diamond,1,26943
2025-05-27T18:27:44.561862,diamond,2,30012
2025-05-27T18:27:44.561862,diamond,3,37441
2025-05-27T18:27:44.561862,grandmaster,1,17996
2025-05-27T18:27:44.561862,grandmaster,2,26154
2025-05-27T18:27:44.561862,grandmaster,3,47203
2025-05-27T18:27:44.561862,celestial,1,5122
2025-05-27T18:27:44.561862,celestial,2,10062
2025-05-27T18:27:44.561862,celestial,3,25733
2025-05-27T18:27:44.561862,eternity,total,9798
2025-05-27T18:27:44.561862,one_above_all,total,970
2025-05-28T01:42:05.337926,bronze,1,23199
2025-05-28T01:42:05.337926,bronze,2,28468
2025-05-28T01:42:05.337926,bronze,3,114733
2025-05-28T01:42:05.337926,silver,1,20045
2025-05-28T01:42:05.337926,silver,2,22185
2025-05-28T01:42:05.337926,silver,3,25798
2025-05-28T01:42:05.337926,gold,1,22313
2025-05-28T01:42:05.337926,gold,2,24235
2025-05-28T01:42:05.337926,gold,3,34855
2025-05-28T01:42:05.337926,platinum,1,25141
2025-05-28T01:42:05.337926,platinum,2,27376
2025-05-28T01:42:05.337926,platinum,3,33632
2025-05-28T01:42:05.337926,diamond,1,26984
2025-05-28T01:42:05.337926,diamond,2,30038
2025-05-28T01:42:05.337926,diamond,3,37480
2025-05-28T01:42:05.337926,grandmaster,1,18015
2025-05-28T01:42:05.337926,grandmaster,2,26184
2025-05-28T01:42:05.337926,grandmaster,3,47250
2025-05-28T01:42:05.337926,celestial,1,5122
2025-05-28T01:42:05.337926,celestial,2,10068
2025-05-28T01:42:05.337926,celestial,3,25765
2025-05-28T01:42:05.337926,eternity,total,9808
2025-05-28T01:42:05.337926,one_above_all,total,969
2025-05-28T06:29:31.947698,bronze,1,23199
2025-05-28T06:29:31.947698,bronze,2,28468
2025-05-28T06:29:31.947698,bronze,3,114733
2025-05-28T06:29:31.947698,silver,1,20045
2025-05-28T06:29:31.947698,silver,2,22185
2025-05-28T06:29:31.947698,silver,3,25798
2025-05-28T06:29:31.947698,gold,1,22313
2025-05-28T06:29:31.947698,gold,2,24235
2025-05-28T06:29:31.947698,gold,3,34855
2025-05-28T06:29:31.947698,platinum,1,25141
2025-05-28T06:29:31.947698,platinum,2,27376
2025-05-28T06:29:31.947698,platinum,3,33632
2025-05-28T06:29:31.947698,diamond,1,26984
2025-05-28T06:29:31.947698,diamond,2,30038
2025-05-28T06:29:31.947698,diamond,3,37480
2025-05-28T06:29:31.947698,grandmaster,1,18015
2025-05-28T06:29:31.947698,grandmaster,2,26184
2025-05-28T06:29:31.947698,grandmaster,3,47250
2025-05-28T06:29:31.947698,celestial,1,5122
2025-05-28T06:29:31.947698,celestial,2,10068
2025-05-28T06:29:31.947698,celestial,3,25765
2025-05-28T06:29:31.947698,eternity,total,9808
2025-05-28T06:29:31.947698,one_above_all,total,969
2025-05-28T12:41:46.128165,bronze,1,23208
2025-05-28T12:41:46.128165,bronze,2,28476
2025-05-28T12:41:46.128165,bronze,3,114773
2025-05-28T12:41:46.128165,silver,1,20055
2025-05-28T12:41:46.128165,silver,2,22194
2025-05-28T12:41:46.128165,silver,3,25816
2025-05-28T12:41:46.128165,gold,1,22322
2025-05-28T12:41:46.128165,gold,2,24254
2025-05-28T12:41:46.128165,gold,3,34878
2025-05-28T12:41:46.128165,platinum,1,25158
2025-05-28T12:41:46.128165,platinum,2,27393
2025-05-28T12:41:46.128165,platinum,3,33654
2025-05-28T12:41:46.128165,diamond,1,27000
2025-05-28T12:41:46.128165,diamond,2,30057
2025-05-28T12:41:46.128165,diamond,3,37516
2025-05-28T12:41:46.128165,grandmaster,1,18038
2025-05-28T12:41:46.128165,grandmaster,2,26213
2025-05-28T12:41:46.128165,grandmaster,3,47302
2025-05-28T12:41:46.128165,celestial,1,5120
2025-05-28T12:41:46.128165,celestial,2,10083
2025-05-28T12:41:46.128165,celestial,3,25790
2025-05-28T12:41:46.128165,eternity,total,9813
2025-05-28T12:41:46.128165,one_above_all,total,968
2025-05-28T18:27:39.890575,bronze,1,23212
2025-05-28T18:27:39.890575,bronze,2,28488
2025-05-28T18:27:39.890575,bronze,3,114805
2025-05-28T18:27:39.890575,silver,1,20060
2025-05-28T18:27:39.890575,silver,2,22200
2025-05-28T18:27:39.890575,silver,3,25819
2025-05-28T18:27:39.890575,gold,1,22339
2025-05-28T18:27:39.890575,gold,2,24263
2025-05-28T18:27:39.890575,gold,3,34897
2025-05-28T18:27:39.890575,platinum,1,25172
2025-05-28T18:27:39.890575,platinum,2,27404
2025-05-28T18:27:39.890575,platinum,3,33672
2025-05-28T18:27:39.890575,diamond,1,27024
2025-05-28T18:27:39.890575,diamond,2,30085
2025-05-28T18:27:39.890575,diamond,3,37541
2025-05-28T18:27:39.890575,grandmaster,1,18051
2025-05-28T18:27:39.890575,grandmaster,2,26234
2025-05-28T18:27:39.890575,grandmaster,3,47347
2025-05-28T18:27:39.890575,celestial,1,5123
2025-05-28T18:27:39.890575,celestial,2,10088
2025-05-28T18:27:39.890575,celestial,3,25813
2025-05-28T18:27:39.890575,eternity,total,9821
2025-05-28T18:27:39.890575,one_above_all,total,968
2025-05-29T01:41:54.888987,bronze,1,23218
2025-05-29T01:41:54.888987,bronze,2,28507
2025-05-29T01:41:54.888987,bronze,3,114855
2025-05-29T01:41:54.888987,silver,1,20070
2025-05-29T01:41:54.888987,silver,2,22213
2025-05-29T01:41:54.888987,silver,3,25828
2025-05-29T01:41:54.888987,gold,1,22348
2025-05-29T01:41:54.888987,gold,2,24274
2025-05-29T01:41:54.888987,gold,3,34913
2025-05-29T01:41:54.888987,platinum,1,25193
2025-05-29T01:41:54.888987,platinum,2,27420
2025-05-29T01:41:54.888987,platinum,3,33697
2025-05-29T01:41:54.888987,diamond,1,27070
2025-05-29T01:41:54.888987,diamond,2,30116
2025-05-29T01:41:54.888987,diamond,3,37586
2025-05-29T01:41:54.888987,grandmaster,1,18075
2025-05-29T01:41:54.888987,grandmaster,2,26265
2025-05-29T01:41:54.888987,grandmaster,3,47409
2025-05-29T01:41:54.888987,celestial,1,5125
2025-05-29T01:41:54.888987,celestial,2,10091
2025-05-29T01:41:54.888987,celestial,3,25849
2025-05-29T01:41:54.888987,eternity,total,9828
2025-05-29T01:41:54.888987,one_above_all,total,967
2025-05-29T06:30:02.338712,bronze,1,23218
2025-05-29T06:30:02.338712,bronze,2,28507
2025-05-29T06:30:02.338712,bronze,3,114855
2025-05-29T06:30:02.338712,silver,1,20070
2025-05-29T06:30:02.338712,silver,2,22213
2025-05-29T06:30:02.338712,silver,3,25828
2025-05-29T06:30:02.338712,gold,1,22348
2025-05-29T06:30:02.338712,gold,2,24274
2025-05-29T06:30:02.338712,gold,3,34913
2025-05-29T06:30:02.338712,platinum,1,25193
2025-05-29T06:30:02.338712,platinum,2,27420
2025-05-29T06:30:02.338712,platinum,3,33697
2025-05-29T06:30:02.338712,diamond,1,27070
2025-05-29T06:30:02.338712,diamond,2,30116
2025-05-29T06:30:02.338712,diamond,3,37586
2025-05-29T06:30:02.338712,grandmaster,1,18075
2025-05-29T06:30:02.338712,grandmaster,2,26265
2025-05-29T06:30:02.338712,grandmaster,3,47409
2025-05-29T06:30:02.338712,celestial,1,5125
2025-05-29T06:30:02.338712,celestial,2,10091
2025-05-29T06:30:02.338712,celestial,3,25849
2025-05-29T06:30:02.338712,eternity,total,9828
2025-05-29T06:30:02.338712,one_above_all,total,967
2025-05-29T12:40:54.801678,bronze,1,23227
2025-05-29T12:40:54.801678,bronze,2,28521
2025-05-29T12:40:54.801678,bronze,3,114889
2025-05-29T12:40:54.801678,silver,1,20080
2025-05-29T12:40:54.801678,silver,2,22227
2025-05-29T12:40:54.801678,silver,3,25848
2025-05-29T12:40:54.801678,gold,1,22356
2025-05-29T12:40:54.801678,gold,2,24290
2025-05-29T12:40:54.801678,gold,3,34930
2025-05-29T12:40:54.801678,platinum,1,25200
2025-05-29T12:40:54.801678,platinum,2,27437
2025-05-29T12:40:54.801678,platinum,3,33721
2025-05-29T12:40:54.801678,diamond,1,27089
2025-05-29T12:40:54.801678,diamond,2,30144
2025-05-29T12:40:54.801678,diamond,3,37624
2025-05-29T12:40:54.801678,grandmaster,1,18104
2025-05-29T12:40:54.801678,grandmaster,2,26302
2025-05-29T12:40:54.801678,grandmaster,3,47490
2025-05-29T12:40:54.801678,celestial,1,5125
2025-05-29T12:40:54.801678,celestial,2,10107
2025-05-29T12:40:54.801678,celestial,3,25894
2025-05-29T12:40:54.801678,eternity,total,9837
2025-05-29T12:40:54.801678,one_above_all,total,968
2025-05-29T18:28:16.689611,bronze,1,23234
2025-05-29T18:28:16.689611,bronze,2,28529
2025-05-29T18:28:16.689611,bronze,3,114928
2025-05-29T18:28:16.689611,silver,1,20087
2025-05-29T18:28:16.689611,silver,2,22229
2025-05-29T18:28:16.689611,silver,3,25854
2025-05-29T18:28:16.689611,gold,1,22364
2025-05-29T18:28:16.689611,gold,2,24301
2025-05-29T18:28:16.689611,gold,3,34944
2025-05-29T18:28:16.689611,platinum,1,25207
2025-05-29T18:28:16.689611,platinum,2,27449
2025-05-29T18:28:16.689611,platinum,3,33730
2025-05-29T18:28:16.689611,diamond,1,27104
2025-05-29T18:28:16.689611,diamond,2,30165
2025-05-29T18:28:16.689611,diamond,3,37651
2025-05-29T18:28:16.689611,grandmaster,1,18106
2025-05-29T18:28:16.689611,grandmaster,2,26323
2025-05-29T18:28:16.689611,grandmaster,3,47521
2025-05-29T18:28:16.689611,celestial,1,5130
2025-05-29T18:28:16.689611,celestial,2,10120
2025-05-29T18:28:16.689611,celestial,3,25911
2025-05-29T18:28:16.689611,eternity,total,9845
2025-05-29T18:28:16.689611,one_above_all,total,967
2025-05-30T01:39:40.367390,bronze,1,23245
2025-05-30T01:39:40.367390,bronze,2,28547
2025-05-30T01:39:40.367390,bronze,3,114980
2025-05-30T01:39:40.367390,silver,1,20099
2025-05-30T01:39:40.367390,silver,2,22241
2025-05-30T01:39:40.367390,silver,3,25870
2025-05-30T01:39:40.367390,gold,1,22384
2025-05-30T01:39:40.367390,gold,2,24318
2025-05-30T01:39:40.367390,gold,3,34981
2025-05-30T01:39:40.367390,platinum,1,25227
2025-05-30T01:39:40.367390,platinum,2,27482
2025-05-30T01:39:40.367390,platinum,3,33755
2025-05-30T01:39:40.367390,diamond,1,27133
2025-05-30T01:39:40.367390,diamond,2,30185
2025-05-30T01:39:40.367390,diamond,3,37685
2025-05-30T01:39:40.367390,grandmaster,1,18119
2025-05-30T01:39:40.367390,grandmaster,2,26348
2025-05-30T01:39:40.367390,grandmaster,3,47602
2025-05-30T01:39:40.367390,celestial,1,5136
2025-05-30T01:39:40.367390,celestial,2,10121
2025-05-30T01:39:40.367390,celestial,3,25933
2025-05-30T01:39:40.367390,eternity,total,9859
2025-05-30T01:39:40.367390,one_above_all,total,967
2025-05-30T06:29:05.143294,bronze,1,23245
2025-05-30T06:29:05.143294,bronze,2,28547
2025-05-30T06:29:05.143294,bronze,3,114980
2025-05-30T06:29:05.143294,silver,1,20099
2025-05-30T06:29:05.143294,silver,2,22241
2025-05-30T06:29:05.143294,silver,3,25870
2025-05-30T06:29:05.143294,gold,1,22384
2025-05-30T06:29:05.143294,gold,2,24318
2025-05-30T06:29:05.143294,gold,3,34981
2025-05-30T06:29:05.143294,platinum,1,25227
2025-05-30T06:29:05.143294,platinum,2,27482
2025-05-30T06:29:05.143294,platinum,3,33755
2025-05-30T06:29:05.143294,diamond,1,27133
2025-05-30T06:29:05.143294,diamond,2,30185
2025-05-30T06:29:05.143294,diamond,3,37685
2025-05-30T06:29:05.143294,grandmaster,1,18119
2025-05-30T06:29:05.143294,grandmaster,2,26348
2025-05-30T06:29:05.143294,grandmaster,3,47602
2025-05-30T06:29:05.143294,celestial,1,5136
2025-05-30T06:29:05.143294,celestial,2,10121
2025-05-30T06:29:05.143294,celestial,3,25933
2025-05-30T06:29:05.143294,eternity,total,9859
2025-05-30T06:29:05.143294,one_above_all,total,967
2025-05-30T12:40:35.150198,bronze,1,23254
2025-05-30T12:40:35.150198,bronze,2,28561
2025-05-30T12:40:35.150198,bronze,3,115022
2025-05-30T12:40:35.150198,silver,1,20103
2025-05-30T12:40:35.150198,silver,2,22254
2025-05-30T12:40:35.150198,silver,3,25888
2025-05-30T12:40:35.150198,gold,1,22406
2025-05-30T12:40:35.150198,gold,2,24325
2025-05-30T12:40:35.150198,gold,3,35001
2025-05-30T12:40:35.150198,platinum,1,25250
2025-05-30T12:40:35.150198,platinum,2,27507
2025-05-30T12:40:35.150198,platinum,3,33777
2025-05-30T12:40:35.150198,diamond,1,27172
2025-05-30T12:40:35.150198,diamond,2,30212
2025-05-30T12:40:35.150198,diamond,3,37734
2025-05-30T12:40:35.150198,grandmaster,1,18136
2025-05-30T12:40:35.150198,grandmaster,2,26372
2025-05-30T12:40:35.150198,grandmaster,3,47671
2025-05-30T12:40:35.150198,celestial,1,5144
2025-05-30T12:40:35.150198,celestial,2,10128
2025-05-30T12:40:35.150198,celestial,3,25964
2025-05-30T12:40:35.150198,eternity,total,9872
2025-05-30T12:40:35.150198,one_above_all,total,967
2025-05-30T18:28:03.409100,bronze,1,23254
2025-05-30T18:28:03.409100,bronze,2,28561
2025-05-30T18:28:03.409100,bronze,3,115022
2025-05-30T18:28:03.409100,silver,1,20103
2025-05-30T18:28:03.409100,silver,2,22254
2025-05-30T18:28:03.409100,silver,3,25888
2025-05-30T18:28:03.409100,gold,1,22406
2025-05-30T18:28:03.409100,gold,2,24325
2025-05-30T18:28:03.409100,gold,3,35001
2025-05-30T18:28:03.409100,platinum,1,25250
2025-05-30T18:28:03.409100,platinum,2,27507
2025-05-30T18:28:03.409100,platinum,3,33777
2025-05-30T18:28:03.409100,diamond,1,27172
2025-05-30T18:28:03.409100,diamond,2,30212
2025-05-30T18:28:03.409100,diamond,3,37734
2025-05-30T18:28:03.409100,grandmaster,1,18136
2025-05-30T18:28:03.409100,grandmaster,2,26372
2025-05-30T18:28:03.409100,grandmaster,3,47671
2025-05-30T18:28:03.409100,celestial,1,5144
2025-05-30T18:28:03.409100,celestial,2,10128
2025-05-30T18:28:03.409100,celestial,3,25964
2025-05-30T18:28:03.409100,eternity,total,9872
2025-05-30T18:28:03.409100,one_above_all,total,967
2025-05-31T01:39:23.555772,bronze,1,23262
2025-05-31T01:39:23.555772,bronze,2,28573
2025-05-31T01:39:23.555772,bronze,3,115062
2025-05-31T01:39:23.555772,silver,1,20110
2025-05-31T01:39:23.555772,silver,2,22265
2025-05-31T01:39:23.555772,silver,3,25897
2025-05-31T01:39:23.555772,gold,1,22423
2025-05-31T01:39:23.555772,gold,2,24334
2025-05-31T01:39:23.555772,gold,3,35027
2025-05-31T01:39:23.555772,platinum,1,25267
2025-05-31T01:39:23.555772,platinum,2,27525
2025-05-31T01:39:23.555772,platinum,3,33798
2025-05-31T01:39:23.555772,diamond,1,27191
2025-05-31T01:39:23.555772,diamond,2,30245
2025-05-31T01:39:23.555772,diamond,3,37776
2025-05-31T01:39:23.555772,grandmaster,1,18150
2025-05-31T01:39:23.555772,grandmaster,2,26400
2025-05-31T01:39:23.555772,grandmaster,3,47731
2025-05-31T01:39:23.555772,celestial,1,5149
2025-05-31T01:39:23.555772,celestial,2,10138
2025-05-31T01:39:23.555772,celestial,3,26008
2025-05-31T01:39:23.555772,eternity,total,9876
2025-05-31T01:39:23.555772,one_above_all,total,967
2025-05-31T06:27:04.126260,bronze,1,23273
2025-05-31T06:27:04.126260,bronze,2,28582
2025-05-31T06:27:04.126260,bronze,3,115086
2025-05-31T06:27:04.126260,silver,1,20114
2025-05-31T06:27:04.126260,silver,2,22272
2025-05-31T06:27:04.126260,silver,3,25900
2025-05-31T06:27:04.126260,gold,1,22433
2025-05-31T06:27:04.126260,gold,2,24347
2025-05-31T06:27:04.126260,gold,3,35045
2025-05-31T06:27:04.126260,platinum,1,25285
2025-05-31T06:27:04.126260,platinum,2,27542
2025-05-31T06:27:04.126260,platinum,3,33804
2025-05-31T06:27:04.126260,diamond,1,27208
2025-05-31T06:27:04.126260,diamond,2,30273
2025-05-31T06:27:04.126260,diamond,3,37803
2025-05-31T06:27:04.126260,grandmaster,1,18159
2025-05-31T06:27:04.126260,grandmaster,2,26427
2025-05-31T06:27:04.126260,grandmaster,3,47786
2025-05-31T06:27:04.126260,celestial,1,5155
2025-05-31T06:27:04.126260,celestial,2,10140
2025-05-31T06:27:04.126260,celestial,3,26037
2025-05-31T06:27:04.126260,eternity,total,9875
2025-05-31T06:27:04.126260,one_above_all,total,967
2025-05-31T12:37:25.876342,bronze,1,23277
2025-05-31T12:37:25.876342,bronze,2,28589
2025-05-31T12:37:25.876342,bronze,3,115118
2025-05-31T12:37:25.876342,silver,1,20126
2025-05-31T12:37:25.876342,silver,2,22276
2025-05-31T12:37:25.876342,silver,3,25905
2025-05-31T12:37:25.876342,gold,1,22445
2025-05-31T12:37:25.876342,gold,2,24356
2025-05-31T12:37:25.876342,gold,3,35054
2025-05-31T12:37:25.876342,platinum,1,25293
2025-05-31T12:37:25.876342,platinum,2,27556
2025-05-31T12:37:25.876342,platinum,3,33820
2025-05-31T12:37:25.876342,diamond,1,27229
2025-05-31T12:37:25.876342,diamond,2,30294
2025-05-31T12:37:25.876342,diamond,3,37826
2025-05-31T12:37:25.876342,grandmaster,1,18164
2025-05-31T12:37:25.876342,grandmaster,2,26450
2025-05-31T12:37:25.876342,grandmaster,3,47833
2025-05-31T12:37:25.876342,celestial,1,5161
2025-05-31T12:37:25.876342,celestial,2,10146
2025-05-31T12:37:25.876342,celestial,3,26062
2025-05-31T12:37:25.876342,eternity,total,9877
2025-05-31T12:37:25.876342,one_above_all,total,967
2025-05-31T18:26:15.253993,bronze,1,23277
2025-05-31T18:26:15.253993,bronze,2,28589
2025-05-31T18:26:15.253993,bronze,3,115118
2025-05-31T18:26:15.253993,silver,1,20126
2025-05-31T18:26:15.253993,silver,2,22276
2025-05-31T18:26:15.253993,silver,3,25905
2025-05-31T18:26:15.253993,gold,1,22445
2025-05-31T18:26:15.253993,gold,2,24356
2025-05-31T18:26:15.253993,gold,3,35054
2025-05-31T18:26:15.253993,platinum,1,25293
2025-05-31T18:26:15.253993,platinum,2,27556
2025-05-31T18:26:15.253993,platinum,3,33820
2025-05-31T18:26:15.253993,diamond,1,27229
2025-05-31T18:26:15.253993,diamond,2,30294
2025-05-31T18:26:15.253993,diamond,3,37826
2025-05-31T18:26:15.253993,grandmaster,1,18164
2025-05-31T18:26:15.253993,grandmaster,2,26450
2025-05-31T18:26:15.253993,grandmaster,3,47833
2025-05-31T18:26:15.253993,celestial,1,5161
2025-05-31T18:26:15.253993,celestial,2,10146
2025-05-31T18:26:15.253993,celestial,3,26062
2025-05-31T18:26:15.253993,eternity,total,9877
2025-05-31T18:26:15.253993,one_above_all,total,967
2025-06-01T01:58:18.710856,bronze,1,23284
2025-06-01T01:58:18.710856,bronze,2,28597
2025-06-01T01:58:18.710856,bronze,3,115143
2025-06-01T01:58:18.710856,silver,1,20131
2025-06-01T01:58:18.710856,silver,2,22286
2025-06-01T01:58:18.710856,silver,3,25914
2025-06-01T01:58:18.710856,gold,1,22455
2025-06-01T01:58:18.710856,gold,2,24364
2025-06-01T01:58:18.710856,gold,3,35079
2025-06-01T01:58:18.710856,platinum,1,25313
2025-06-01T01:58:18.710856,platinum,2,27572
2025-06-01T01:58:18.710856,platinum,3,33833
2025-06-01T01:58:18.710856,diamond,1,27239
2025-06-01T01:58:18.710856,diamond,2,30313
2025-06-01T01:58:18.710856,diamond,3,37853
2025-06-01T01:58:18.710856,grandmaster,1,18169
2025-06-01T01:58:18.710856,grandmaster,2,26464
2025-06-01T01:58:18.710856,grandmaster,3,47861
2025-06-01T01:58:18.710856,celestial,1,5161
2025-06-01T01:58:18.710856,celestial,2,10152
2025-06-01T01:58:18.710856,celestial,3,26080
2025-06-01T01:58:18.710856,eternity,total,9879
2025-06-01T01:58:18.710856,one_above_all,total,966
2025-06-01T06:28:14.075955,bronze,1,23291
2025-06-01T06:28:14.075955,bronze,2,28609
2025-06-01T06:28:14.075955,bronze,3,115173
2025-06-01T06:28:14.075955,silver,1,20138
2025-06-01T06:28:14.075955,silver,2,22295
2025-06-01T06:28:14.075955,silver,3,25930
2025-06-01T06:28:14.075955,gold,1,22460
2025-06-01T06:28:14.075955,gold,2,24377
2025-06-01T06:28:14.075955,gold,3,35105
2025-06-01T06:28:14.075955,platinum,1,25335
2025-06-01T06:28:14.075955,platinum,2,27591
2025-06-01T06:28:14.075955,platinum,3,33858
2025-06-01T06:28:14.075955,diamond,1,27268
2025-06-01T06:28:14.075955,diamond,2,30340
2025-06-01T06:28:14.075955,diamond,3,37878
2025-06-01T06:28:14.075955,grandmaster,1,18177
2025-06-01T06:28:14.075955,grandmaster,2,26480
2025-06-01T06:28:14.075955,grandmaster,3,47907
2025-06-01T06:28:14.075955,celestial,1,5168
2025-06-01T06:28:14.075955,celestial,2,10164
2025-06-01T06:28:14.075955,celestial,3,26105
2025-06-01T06:28:14.075955,eternity,total,9887
2025-06-01T06:28:14.075955,one_above_all,total,965
2025-06-01T12:38:05.365141,bronze,1,23296
2025-06-01T12:38:05.365141,bronze,2,28616
2025-06-01T12:38:05.365141,bronze,3,115210
2025-06-01T12:38:05.365141,silver,1,20143
2025-06-01T12:38:05.365141,silver,2,22302
2025-06-01T12:38:05.365141,silver,3,25940
2025-06-01T12:38:05.365141,gold,1,22470
2025-06-01T12:38:05.365141,gold,2,24394
2025-06-01T12:38:05.365141,gold,3,35115
2025-06-01T12:38:05.365141,platinum,1,25347
2025-06-01T12:38:05.365141,platinum,2,27601
2025-06-01T12:38:05.365141,platinum,3,33873
2025-06-01T12:38:05.365141,diamond,1,27287
2025-06-01T12:38:05.365141,diamond,2,30360
2025-06-01T12:38:05.365141,diamond,3,37908
2025-06-01T12:38:05.365141,grandmaster,1,18200
2025-06-01T12:38:05.365141,grandmaster,2,26501
2025-06-01T12:38:05.365141,grandmaster,3,47945
2025-06-01T12:38:05.365141,celestial,1,5170
2025-06-01T12:38:05.365141,celestial,2,10166
2025-06-01T12:38:05.365141,celestial,3,26121
2025-06-01T12:38:05.365141,eternity,total,9889
2025-06-01T12:38:05.365141,one_above_all,total,965
2025-06-01T18:26:24.754637,bronze,1,23296
2025-06-01T18:26:24.754637,bronze,2,28616
2025-06-01T18:26:24.754637,bronze,3,115210
2025-06-01T18:26:24.754637,silver,1,20143
2025-06-01T18:26:24.754637,silver,2,22302
2025-06-01T18:26:24.754637,silver,3,25940
2025-06-01T18:26:24.754637,gold,1,22470
2025-06-01T18:26:24.754637,gold,2,24394
2025-06-01T18:26:24.754637,gold,3,35115
2025-06-01T18:26:24.754637,platinum,1,25347
2025-06-01T18:26:24.754637,platinum,2,27601
2025-06-01T18:26:24.754637,platinum,3,33873
2025-06-01T18:26:24.754637,diamond,1,27287
2025-06-01T18:26:24.754637,diamond,2,30360
2025-06-01T18:26:24.754637,diamond,3,37908
2025-06-01T18:26:24.754637,grandmaster,1,18200
2025-06-01T18:26:24.754637,grandmaster,2,26501
2025-06-01T18:26:24.754637,grandmaster,3,47945
2025-06-01T18:26:24.754637,celestial,1,5170
2025-06-01T18:26:24.754637,celestial,2,10166
2025-06-01T18:26:24.754637,celestial,3,26121
2025-06-01T18:26:24.754637,eternity,total,9889
2025-06-01T18:26:24.754637,one_above_all,total,965
2025-06-02T01:46:34.342878,bronze,1,23301
2025-06-02T01:46:34.342878,bronze,2,28628
2025-06-02T01:46:34.342878,bronze,3,115242
2025-06-02T01:46:34.342878,silver,1,20148
2025-06-02T01:46:34.342878,silver,2,22308
2025-06-02T01:46:34.342878,silver,3,25956
2025-06-02T01:46:34.342878,gold,1,22481
2025-06-02T01:46:34.342878,gold,2,24399
2025-06-02T01:46:34.342878,gold,3,35124
2025-06-02T01:46:34.342878,platinum,1,25367
2025-06-02T01:46:34.342878,platinum,2,27620
2025-06-02T01:46:34.342878,platinum,3,33901
2025-06-02T01:46:34.342878,diamond,1,27307
2025-06-02T01:46:34.342878,diamond,2,30387
2025-06-02T01:46:34.342878,diamond,3,37942
2025-06-02T01:46:34.342878,grandmaster,1,18213
2025-06-02T01:46:34.342878,grandmaster,2,26523
2025-06-02T01:46:34.342878,grandmaster,3,47986
2025-06-02T01:46:34.342878,celestial,1,5173
2025-06-02T01:46:34.342878,celestial,2,10174
2025-06-02T01:46:34.342878,celestial,3,26151
2025-06-02T01:46:34.342878,eternity,total,9892
2025-06-02T01:46:34.342878,one_above_all,total,965
2025-06-02T06:31:35.254781,bronze,1,23313
2025-06-02T06:31:35.254781,bronze,2,28639
2025-06-02T06:31:35.254781,bronze,3,115282
2025-06-02T06:31:35.254781,silver,1,20167
2025-06-02T06:31:35.254781,silver,2,22318
2025-06-02T06:31:35.254781,silver,3,25969
2025-06-02T06:31:35.254781,gold,1,22500
2025-06-02T06:31:35.254781,gold,2,24413
2025-06-02T06:31:35.254781,gold,3,35148
2025-06-02T06:31:35.254781,platinum,1,25391
2025-06-02T06:31:35.254781,platinum,2,27648
2025-06-02T06:31:35.254781,platinum,3,33924
2025-06-02T06:31:35.254781,diamond,1,27345
2025-06-02T06:31:35.254781,diamond,2,30412
2025-06-02T06:31:35.254781,diamond,3,37984
2025-06-02T06:31:35.254781,grandmaster,1,18228
2025-06-02T06:31:35.254781,grandmaster,2,26557
2025-06-02T06:31:35.254781,grandmaster,3,48047
2025-06-02T06:31:35.254781,celestial,1,5174
2025-06-02T06:31:35.254781,celestial,2,10177
2025-06-02T06:31:35.254781,celestial,3,26179
2025-06-02T06:31:35.254781,eternity,total,9901
2025-06-02T06:31:35.254781,one_above_all,total,965
2025-06-02T12:41:57.223703,bronze,1,23321
2025-06-02T12:41:57.223703,bronze,2,28649
2025-06-02T12:41:57.223703,bronze,3,115335
2025-06-02T12:41:57.223703,silver,1,20180
2025-06-02T12:41:57.223703,silver,2,22327
2025-06-02T12:41:57.223703,silver,3,25982
2025-06-02T12:41:57.223703,gold,1,22511
2025-06-02T12:41:57.223703,gold,2,24429
2025-06-02T12:41:57.223703,gold,3,35163
2025-06-02T12:41:57.223703,platinum,1,25407
2025-06-02T12:41:57.223703,platinum,2,27668
2025-06-02T12:41:57.223703,platinum,3,33955
2025-06-02T12:41:57.223703,diamond,1,27371
2025-06-02T12:41:57.223703,diamond,2,30448
2025-06-02T12:41:57.223703,diamond,3,38013
2025-06-02T12:41:57.223703,grandmaster,1,18247
2025-06-02T12:41:57.223703,grandmaster,2,26583
2025-06-02T12:41:57.223703,grandmaster,3,48124
2025-06-02T12:41:57.223703,celestial,1,5175
2025-06-02T12:41:57.223703,celestial,2,10180
2025-06-02T12:41:57.223703,celestial,3,26201
2025-06-02T12:41:57.223703,eternity,total,9906
2025-06-02T12:41:57.223703,one_above_all,total,964
2025-06-02T18:29:09.175077,bronze,1,23321
2025-06-02T18:29:09.175077,bronze,2,28649
2025-06-02T18:29:09.175077,bronze,3,115335
2025-06-02T18:29:09.175077,silver,1,20180
2025-06-02T18:29:09.175077,silver,2,22327
2025-06-02T18:29:09.175077,silver,3,25982
2025-06-02T18:29:09.175077,gold,1,22511
2025-06-02T18:29:09.175077,gold,2,24429
2025-06-02T18:29:09.175077,gold,3,35163
2025-06-02T18:29:09.175077,platinum,1,25407
2025-06-02T18:29:09.175077,platinum,2,27668
2025-06-02T18:29:09.175077,platinum,3,33955
2025-06-02T18:29:09.175077,diamond,1,27371
2025-06-02T18:29:09.175077,diamond,2,30448
2025-06-02T18:29:09.175077,diamond,3,38013
2025-06-02T18:29:09.175077,grandmaster,1,18247
2025-06-02T18:29:09.175077,grandmaster,2,26583
2025-06-02T18:29:09.175077,grandmaster,3,48124
2025-06-02T18:29:09.175077,celestial,1,5175
2025-06-02T18:29:09.175077,celestial,2,10180
2025-06-02T18:29:09.175077,celestial,3,26201
2025-06-02T18:29:09.175077,eternity,total,9906
2025-06-02T18:29:09.175077,one_above_all,total,964
2025-06-03T01:43:22.419301,bronze,1,23328
2025-06-03T01:43:22.419301,bronze,2,28664
2025-06-03T01:43:22.419301,bronze,3,115417
2025-06-03T01:43:22.419301,silver,1,20190
2025-06-03T01:43:22.419301,silver,2,22333
2025-06-03T01:43:22.419301,silver,3,25993
2025-06-03T01:43:22.419301,gold,1,22533
2025-06-03T01:43:22.419301,gold,2,24443
2025-06-03T01:43:22.419301,gold,3,35203
2025-06-03T01:43:22.419301,platinum,1,25433
2025-06-03T01:43:22.419301,platinum,2,27691
2025-06-03T01:43:22.419301,platinum,3,33990
2025-06-03T01:43:22.419301,diamond,1,27415
2025-06-03T01:43:22.419301,diamond,2,30478
2025-06-03T01:43:22.419301,diamond,3,38053
2025-06-03T01:43:22.419301,grandmaster,1,18273
2025-06-03T01:43:22.419301,grandmaster,2,26618
2025-06-03T01:43:22.419301,grandmaster,3,48184
2025-06-03T01:43:22.419301,celestial,1,5180
2025-06-03T01:43:22.419301,celestial,2,10182
2025-06-03T01:43:22.419301,celestial,3,26231
2025-06-03T01:43:22.419301,eternity,total,9914
2025-06-03T01:43:22.419301,one_above_all,total,964
2025-06-03T06:31:10.533345,bronze,1,23343
2025-06-03T06:31:10.533345,bronze,2,28682
2025-06-03T06:31:10.533345,bronze,3,115489
2025-06-03T06:31:10.533345,silver,1,20200
2025-06-03T06:31:10.533345,silver,2,22348
2025-06-03T06:31:10.533345,silver,3,26012
2025-06-03T06:31:10.533345,gold,1,22555
2025-06-03T06:31:10.533345,gold,2,24468
2025-06-03T06:31:10.533345,gold,3,35238
2025-06-03T06:31:10.533345,platinum,1,25467
2025-06-03T06:31:10.533345,platinum,2,27726
2025-06-03T06:31:10.533345,platinum,3,34027
2025-06-03T06:31:10.533345,diamond,1,27447
2025-06-03T06:31:10.533345,diamond,2,30522
2025-06-03T06:31:10.533345,diamond,3,38101
2025-06-03T06:31:10.533345,grandmaster,1,18295
2025-06-03T06:31:10.533345,grandmaster,2,26646
2025-06-03T06:31:10.533345,grandmaster,3,48265
2025-06-03T06:31:10.533345,celestial,1,5181
2025-06-03T06:31:10.533345,celestial,2,10194
2025-06-03T06:31:10.533345,celestial,3,26272
2025-06-03T06:31:10.533345,eternity,total,9922
2025-06-03T06:31:10.533345,one_above_all,total,965
2025-06-03T12:42:08.554520,bronze,1,23360
2025-06-03T12:42:08.554520,bronze,2,28701
2025-06-03T12:42:08.554520,bronze,3,115565
2025-06-03T12:42:08.554520,silver,1,20211
2025-06-03T12:42:08.554520,silver,2,22363
2025-06-03T12:42:08.554520,silver,3,26037
2025-06-03T12:42:08.554520,gold,1,22577
2025-06-03T12:42:08.554520,gold,2,24490
2025-06-03T12:42:08.554520,gold,3,35263
2025-06-03T12:42:08.554520,platinum,1,25499
2025-06-03T12:42:08.554520,platinum,2,27749
2025-06-03T12:42:08.554520,platinum,3,34064
2025-06-03T12:42:08.554520,diamond,1,27489
2025-06-03T12:42:08.554520,diamond,2,30558
2025-06-03T12:42:08.554520,diamond,3,38137
2025-06-03T12:42:08.554520,grandmaster,1,18305
2025-06-03T12:42:08.554520,grandmaster,2,26677
2025-06-03T12:42:08.554520,grandmaster,3,48326
2025-06-03T12:42:08.554520,celestial,1,5190
2025-06-03T12:42:08.554520,celestial,2,10202
2025-06-03T12:42:08.554520,celestial,3,26307
2025-06-03T12:42:08.554520,eternity,total,9925
2025-06-03T12:42:08.554520,one_above_all,total,966
2025-06-03T18:29:26.494243,bronze,1,23360
2025-06-03T18:29:26.494243,bronze,2,28701
2025-06-03T18:29:26.494243,bronze,3,115565
2025-06-03T18:29:26.494243,silver,1,20211
2025-06-03T18:29:26.494243,silver,2,22363
2025-06-03T18:29:26.494243,silver,3,26037
2025-06-03T18:29:26.494243,gold,1,22577
2025-06-03T18:29:26.494243,gold,2,24490
2025-06-03T18:29:26.494243,gold,3,35263
2025-06-03T18:29:26.494243,platinum,1,25499
2025-06-03T18:29:26.494243,platinum,2,27749
2025-06-03T18:29:26.494243,platinum,3,34064
2025-06-03T18:29:26.494243,diamond,1,27489
2025-06-03T18:29:26.494243,diamond,2,30558
2025-06-03T18:29:26.494243,diamond,3,38137
2025-06-03T18:29:26.494243,grandmaster,1,18305
2025-06-03T18:29:26.494243,grandmaster,2,26677
2025-06-03T18:29:26.494243,grandmaster,3,48326
2025-06-03T18:29:26.494243,celestial,1,5190
2025-06-03T18:29:26.494243,celestial,2,10202
2025-06-03T18:29:26.494243,celestial,3,26307
2025-06-03T18:29:26.494243,eternity,total,9925
2025-06-03T18:29:26.494243,one_above_all,total,966
2025-06-04T01:43:42.434531,bronze,1,23374
2025-06-04T01:43:42.434531,bronze,2,28720
2025-06-04T01:43:42.434531,bronze,3,115666
2025-06-04T01:43:42.434531,silver,1,20233
2025-06-04T01:43:42.434531,silver,2,22381
2025-06-04T01:43:42.434531,silver,3,26046
2025-06-04T01:43:42.434531,gold,1,22598
2025-06-04T01:43:42.434531,gold,2,24511
2025-06-04T01:43:42.434531,gold,3,35289
2025-06-04T01:43:42.434531,platinum,1,25519
2025-06-04T01:43:42.434531,platinum,2,27784
2025-06-04T01:43:42.434531,platinum,3,34110
2025-06-04T01:43:42.434531,diamond,1,27514
2025-06-04T01:43:42.434531,diamond,2,30603
2025-06-04T01:43:42.434531,diamond,3,38190
2025-06-04T01:43:42.434531,grandmaster,1,18316
2025-06-04T01:43:42.434531,grandmaster,2,26706
2025-06-04T01:43:42.434531,grandmaster,3,48381
2025-06-04T01:43:42.434531,celestial,1,5190
2025-06-04T01:43:42.434531,celestial,2,10212
2025-06-04T01:43:42.434531,celestial,3,26339
2025-06-04T01:43:42.434531,eternity,total,9929
2025-06-04T01:43:42.434531,one_above_all,total,966
2025-06-04T06:30:12.145852,bronze,1,23396
2025-06-04T06:30:12.145852,bronze,2,28751
2025-06-04T06:30:12.145852,bronze,3,115778
2025-06-04T06:30:12.145852,silver,1,20254
2025-06-04T06:30:12.145852,silver,2,22407
2025-06-04T06:30:12.145852,silver,3,26078
2025-06-04T06:30:12.145852,gold,1,22631
2025-06-04T06:30:12.145852,gold,2,24531
2025-06-04T06:30:12.145852,gold,3,35334
2025-06-04T06:30:12.145852,platinum,1,25568
2025-06-04T06:30:12.145852,platinum,2,27813
2025-06-04T06:30:12.145852,platinum,3,34157
2025-06-04T06:30:12.145852,diamond,1,27544
2025-06-04T06:30:12.145852,diamond,2,30635
2025-06-04T06:30:12.145852,diamond,3,38244
2025-06-04T06:30:12.145852,grandmaster,1,18327
2025-06-04T06:30:12.145852,grandmaster,2,26736
2025-06-04T06:30:12.145852,grandmaster,3,48440
2025-06-04T06:30:12.145852,celestial,1,5190
2025-06-04T06:30:12.145852,celestial,2,10218
2025-06-04T06:30:12.145852,celestial,3,26383
2025-06-04T06:30:12.145852,eternity,total,9941
2025-06-04T06:30:12.145852,one_above_all,total,966
2025-06-04T12:42:25.658203,bronze,1,23412
2025-06-04T12:42:25.658203,bronze,2,28773
2025-06-04T12:42:25.658203,bronze,3,115865
2025-06-04T12:42:25.658203,silver,1,20268
2025-06-04T12:42:25.658203,silver,2,22428
2025-06-04T12:42:25.658203,silver,3,26093
2025-06-04T12:42:25.658203,gold,1,22657
2025-06-04T12:42:25.658203,gold,2,24567
2025-06-04T12:42:25.658203,gold,3,35380
2025-06-04T12:42:25.658203,platinum,1,25600
2025-06-04T12:42:25.658203,platinum,2,27844
2025-06-04T12:42:25.658203,platinum,3,34196
2025-06-04T12:42:25.658203,diamond,1,27578
2025-06-04T12:42:25.658203,diamond,2,30677
2025-06-04T12:42:25.658203,diamond,3,38284
2025-06-04T12:42:25.658203,grandmaster,1,18343
2025-06-04T12:42:25.658203,grandmaster,2,26775
2025-06-04T12:42:25.658203,grandmaster,3,48519
2025-06-04T12:42:25.658203,celestial,1,5191
2025-06-04T12:42:25.658203,celestial,2,10226
2025-06-04T12:42:25.658203,celestial,3,26411
2025-06-04T12:42:25.658203,eternity,total,9946
2025-06-04T12:42:25.658203,one_above_all,total,966
2025-06-04T18:28:53.973476,bronze,1,23412
2025-06-04T18:28:53.973476,bronze,2,28773
2025-06-04T18:28:53.973476,bronze,3,115865
2025-06-04T18:28:53.973476,silver,1,20268
2025-06-04T18:28:53.973476,silver,2,22428
2025-06-04T18:28:53.973476,silver,3,26093
2025-06-04T18:28:53.973476,gold,1,22657
2025-06-04T18:28:53.973476,gold,2,24567
2025-06-04T18:28:53.973476,gold,3,35380
2025-06-04T18:28:53.973476,platinum,1,25600
2025-06-04T18:28:53.973476,platinum,2,27844
2025-06-04T18:28:53.973476,platinum,3,34196
2025-06-04T18:28:53.973476,diamond,1,27578
2025-06-04T18:28:53.973476,diamond,2,30677
2025-06-04T18:28:53.973476,diamond,3,38284
2025-06-04T18:28:53.973476,grandmaster,1,18343
2025-06-04T18:28:53.973476,grandmaster,2,26775
2025-06-04T18:28:53.973476,grandmaster,3,48519
2025-06-04T18:28:53.973476,celestial,1,5191
2025-06-04T18:28:53.973476,celestial,2,10226
2025-06-04T18:28:53.973476,celestial,3,26411
2025-06-04T18:28:53.973476,eternity,total,9946
2025-06-04T18:28:53.973476,one_above_all,total,966
2025-06-05T01:42:25.659852,bronze,1,23424
2025-06-05T01:42:25.659852,bronze,2,28783
2025-06-05T01:42:25.659852,bronze,3,115903
2025-06-05T01:42:25.659852,silver,1,20276
2025-06-05T01:42:25.659852,silver,2,22433
2025-06-05T01:42:25.659852,silver,3,26103
2025-06-05T01:42:25.659852,gold,1,22667
2025-06-05T01:42:25.659852,gold,2,24579
2025-06-05T01:42:25.659852,gold,3,35396
2025-06-05T01:42:25.659852,platinum,1,25617
2025-06-05T01:42:25.659852,platinum,2,27861
2025-06-05T01:42:25.659852,platinum,3,34214
2025-06-05T01:42:25.659852,diamond,1,27596
2025-06-05T01:42:25.659852,diamond,2,30696
2025-06-05T01:42:25.659852,diamond,3,38322
2025-06-05T01:42:25.659852,grandmaster,1,18357
2025-06-05T01:42:25.659852,grandmaster,2,26788
2025-06-05T01:42:25.659852,grandmaster,3,48568
2025-06-05T01:42:25.659852,celestial,1,5192
2025-06-05T01:42:25.659852,celestial,2,10228
2025-06-05T01:42:25.659852,celestial,3,26434
2025-06-05T01:42:25.659852,eternity,total,9953
2025-06-05T01:42:25.659852,one_above_all,total,966
2025-06-05T06:31:03.392917,bronze,1,23430
2025-06-05T06:31:03.392917,bronze,2,28792
2025-06-05T06:31:03.392917,bronze,3,115952
2025-06-05T06:31:03.392917,silver,1,20285
2025-06-05T06:31:03.392917,silver,2,22441
2025-06-05T06:31:03.392917,silver,3,26109
2025-06-05T06:31:03.392917,gold,1,22678
2025-06-05T06:31:03.392917,gold,2,24585
2025-06-05T06:31:03.392917,gold,3,35415
2025-06-05T06:31:03.392917,platinum,1,25630
2025-06-05T06:31:03.392917,platinum,2,27881
2025-06-05T06:31:03.392917,platinum,3,34241
2025-06-05T06:31:03.392917,diamond,1,27618
2025-06-05T06:31:03.392917,diamond,2,30711
2025-06-05T06:31:03.392917,diamond,3,38348
2025-06-05T06:31:03.392917,grandmaster,1,18380
2025-06-05T06:31:03.392917,grandmaster,2,26816
2025-06-05T06:31:03.392917,grandmaster,3,48621
2025-06-05T06:31:03.392917,celestial,1,5192
2025-06-05T06:31:03.392917,celestial,2,10242
2025-06-05T06:31:03.392917,celestial,3,26460
2025-06-05T06:31:03.392917,eternity,total,9957
2025-06-05T06:31:03.392917,one_above_all,total,966
2025-06-05T12:41:54.846479,bronze,1,23435
2025-06-05T12:41:54.846479,bronze,2,28798
2025-06-05T12:41:54.846479,bronze,3,115980
2025-06-05T12:41:54.846479,silver,1,20287
2025-06-05T12:41:54.846479,silver,2,22447
2025-06-05T12:41:54.846479,silver,3,26116
2025-06-05T12:41:54.846479,gold,1,22694
2025-06-05T12:41:54.846479,gold,2,24591
2025-06-05T12:41:54.846479,gold,3,35422
2025-06-05T12:41:54.846479,platinum,1,25645
2025-06-05T12:41:54.846479,platinum,2,27902
2025-06-05T12:41:54.846479,platinum,3,34257
2025-06-05T12:41:54.846479,diamond,1,27636
2025-06-05T12:41:54.846479,diamond,2,30727
2025-06-05T12:41:54.846479,diamond,3,38371
2025-06-05T12:41:54.846479,grandmaster,1,18384
2025-06-05T12:41:54.846479,grandmaster,2,26846
2025-06-05T12:41:54.846479,grandmaster,3,48665
2025-06-05T12:41:54.846479,celestial,1,5192
2025-06-05T12:41:54.846479,celestial,2,10255
2025-06-05T12:41:54.846479,celestial,3,26481
2025-06-05T12:41:54.846479,eternity,total,9965
2025-06-05T12:41:54.846479,one_above_all,total,966
2025-06-06T01:42:01.729319,bronze,1,23438
2025-06-06T01:42:01.729319,bronze,2,28812
2025-06-06T01:42:01.729319,bronze,3,116016
2025-06-06T01:42:01.729319,silver,1,20294
2025-06-06T01:42:01.729319,silver,2,22454
2025-06-06T01:42:01.729319,silver,3,26122
2025-06-06T01:42:01.729319,gold,1,22705
2025-06-06T01:42:01.729319,gold,2,24603
2025-06-06T01:42:01.729319,gold,3,35438
2025-06-06T01:42:01.729319,platinum,1,25661
2025-06-06T01:42:01.729319,platinum,2,27914
2025-06-06T01:42:01.729319,platinum,3,34275
2025-06-06T01:42:01.729319,diamond,1,27663
2025-06-06T01:42:01.729319,diamond,2,30752
2025-06-06T01:42:01.729319,diamond,3,38409
2025-06-06T01:42:01.729319,grandmaster,1,18396
2025-06-06T01:42:01.729319,grandmaster,2,26866
2025-06-06T01:42:01.729319,grandmaster,3,48703
2025-06-06T01:42:01.729319,celestial,1,5195
2025-06-06T01:42:01.729319,celestial,2,10264
2025-06-06T01:42:01.729319,celestial,3,26505
2025-06-06T01:42:01.729319,eternity,total,9972
2025-06-06T01:42:01.729319,one_above_all,total,966
2025-06-06T06:30:54.980545,bronze,1,23446
2025-06-06T06:30:54.980545,bronze,2,28822
2025-06-06T06:30:54.980545,bronze,3,116047
2025-06-06T06:30:54.980545,silver,1,20306
2025-06-06T06:30:54.980545,silver,2,22463
2025-06-06T06:30:54.980545,silver,3,26131
2025-06-06T06:30:54.980545,gold,1,22720
2025-06-06T06:30:54.980545,gold,2,24611
2025-06-06T06:30:54.980545,gold,3,35457
2025-06-06T06:30:54.980545,platinum,1,25674
2025-06-06T06:30:54.980545,platinum,2,27930
2025-06-06T06:30:54.980545,platinum,3,34295
2025-06-06T06:30:54.980545,diamond,1,27680
2025-06-06T06:30:54.980545,diamond,2,30777
2025-06-06T06:30:54.980545,diamond,3,38440
2025-06-06T06:30:54.980545,grandmaster,1,18408
2025-06-06T06:30:54.980545,grandmaster,2,26885
2025-06-06T06:30:54.980545,grandmaster,3,48758
2025-06-06T06:30:54.980545,celestial,1,5199
2025-06-06T06:30:54.980545,celestial,2,10275
2025-06-06T06:30:54.980545,celestial,3,26525
2025-06-06T06:30:54.980545,eternity,total,9976
2025-06-06T06:30:54.980545,one_above_all,total,966
2025-06-06T12:40:51.229141,bronze,1,23446
2025-06-06T12:40:51.229141,bronze,2,28822
2025-06-06T12:40:51.229141,bronze,3,116047
2025-06-06T12:40:51.229141,silver,1,20306
2025-06-06T12:40:51.229141,silver,2,22463
2025-06-06T12:40:51.229141,silver,3,26131
2025-06-06T12:40:51.229141,gold,1,22720
2025-06-06T12:40:51.229141,gold,2,24611
2025-06-06T12:40:51.229141,gold,3,35457
2025-06-06T12:40:51.229141,platinum,1,25674
2025-06-06T12:40:51.229141,platinum,2,27930
2025-06-06T12:40:51.229141,platinum,3,34295
2025-06-06T12:40:51.229141,diamond,1,27680
2025-06-06T12:40:51.229141,diamond,2,30777
2025-06-06T12:40:51.229141,diamond,3,38440
2025-06-06T12:40:51.229141,grandmaster,1,18408
2025-06-06T12:40:51.229141,grandmaster,2,26885
2025-06-06T12:40:51.229141,grandmaster,3,48758
2025-06-06T12:40:51.229141,celestial,1,5199
2025-06-06T12:40:51.229141,celestial,2,10275
2025-06-06T12:40:51.229141,celestial,3,26525
2025-06-06T12:40:51.229141,eternity,total,9976
2025-06-06T12:40:51.229141,one_above_all,total,966
2025-06-06T18:28:59.978238,bronze,1,23449
2025-06-06T18:28:59.978238,bronze,2,28831
2025-06-06T18:28:59.978238,bronze,3,116071
2025-06-06T18:28:59.978238,silver,1,20312
2025-06-06T18:28:59.978238,silver,2,22469
2025-06-06T18:28:59.978238,silver,3,26139
2025-06-06T18:28:59.978238,gold,1,22728
2025-06-06T18:28:59.978238,gold,2,24625
2025-06-06T18:28:59.978238,gold,3,35468
2025-06-06T18:28:59.978238,platinum,1,25687
2025-06-06T18:28:59.978238,platinum,2,27939
2025-06-06T18:28:59.978238,platinum,3,34309
2025-06-06T18:28:59.978238,diamond,1,27690
2025-06-06T18:28:59.978238,diamond,2,30799
2025-06-06T18:28:59.978238,diamond,3,38464
2025-06-06T18:28:59.978238,grandmaster,1,18418
2025-06-06T18:28:59.978238,grandmaster,2,26906
2025-06-06T18:28:59.978238,grandmaster,3,48788
2025-06-06T18:28:59.978238,celestial,1,5201
2025-06-06T18:28:59.978238,celestial,2,10278
2025-06-06T18:28:59.978238,celestial,3,26548
2025-06-06T18:28:59.978238,eternity,total,9981
2025-06-06T18:28:59.978238,one_above_all,total,966
2025-06-07T01:41:30.868670,bronze,1,23456
2025-06-07T01:41:30.868670,bronze,2,28840
2025-06-07T01:41:30.868670,bronze,3,116095
2025-06-07T01:41:30.868670,silver,1,20323
2025-06-07T01:41:30.868670,silver,2,22476
2025-06-07T01:41:30.868670,silver,3,26146
2025-06-07T01:41:30.868670,gold,1,22741
2025-06-07T01:41:30.868670,gold,2,24633
2025-06-07T01:41:30.868670,gold,3,35480
2025-06-07T01:41:30.868670,platinum,1,25697
2025-06-07T01:41:30.868670,platinum,2,27954
2025-06-07T01:41:30.868670,platinum,3,34326
2025-06-07T01:41:30.868670,diamond,1,27702
2025-06-07T01:41:30.868670,diamond,2,30823
2025-06-07T01:41:30.868670,diamond,3,38483
2025-06-07T01:41:30.868670,grandmaster,1,18424
2025-06-07T01:41:30.868670,grandmaster,2,26920
2025-06-07T01:41:30.868670,grandmaster,3,48823
2025-06-07T01:41:30.868670,celestial,1,5204
2025-06-07T01:41:30.868670,celestial,2,10285
2025-06-07T01:41:30.868670,celestial,3,26569
2025-06-07T01:41:30.868670,eternity,total,9984
2025-06-07T01:41:30.868670,one_above_all,total,966
2025-06-07T06:27:33.766170,bronze,1,23459
2025-06-07T06:27:33.766170,bronze,2,28849
2025-06-07T06:27:33.766170,bronze,3,116126
2025-06-07T06:27:33.766170,silver,1,20322
2025-06-07T06:27:33.766170,silver,2,22482
2025-06-07T06:27:33.766170,silver,3,26150
2025-06-07T06:27:33.766170,gold,1,22748
2025-06-07T06:27:33.766170,gold,2,24645
2025-06-07T06:27:33.766170,gold,3,35500
2025-06-07T06:27:33.766170,platinum,1,25713
2025-06-07T06:27:33.766170,platinum,2,27967
2025-06-07T06:27:33.766170,platinum,3,34348
2025-06-07T06:27:33.766170,diamond,1,27714
2025-06-07T06:27:33.766170,diamond,2,30842
2025-06-07T06:27:33.766170,diamond,3,38506
2025-06-07T06:27:33.766170,grandmaster,1,18438
2025-06-07T06:27:33.766170,grandmaster,2,26934
2025-06-07T06:27:33.766170,grandmaster,3,48846
2025-06-07T06:27:33.766170,celestial,1,5207
2025-06-07T06:27:33.766170,celestial,2,10295
2025-06-07T06:27:33.766170,celestial,3,26585
2025-06-07T06:27:33.766170,eternity,total,9990
2025-06-07T06:27:33.766170,one_above_all,total,966
2025-06-07T12:37:30.487503,bronze,1,23459
2025-06-07T12:37:30.487503,bronze,2,28849
2025-06-07T12:37:30.487503,bronze,3,116126
2025-06-07T12:37:30.487503,silver,1,20322
2025-06-07T12:37:30.487503,silver,2,22482
2025-06-07T12:37:30.487503,silver,3,26150
2025-06-07T12:37:30.487503,gold,1,22748
2025-06-07T12:37:30.487503,gold,2,24645
2025-06-07T12:37:30.487503,gold,3,35500
2025-06-07T12:37:30.487503,platinum,1,25713
2025-06-07T12:37:30.487503,platinum,2,27967
2025-06-07T12:37:30.487503,platinum,3,34348
2025-06-07T12:37:30.487503,diamond,1,27714
2025-06-07T12:37:30.487503,diamond,2,30842
2025-06-07T12:37:30.487503,diamond,3,38506
2025-06-07T12:37:30.487503,grandmaster,1,18438
2025-06-07T12:37:30.487503,grandmaster,2,26934
2025-06-07T12:37:30.487503,grandmaster,3,48846
2025-06-07T12:37:30.487503,celestial,1,5207
2025-06-07T12:37:30.487503,celestial,2,10295
2025-06-07T12:37:30.487503,celestial,3,26585
2025-06-07T12:37:30.487503,eternity,total,9990
2025-06-07T12:37:30.487503,one_above_all,total,966
2025-06-07T18:26:26.405902,bronze,1,23462
2025-06-07T18:26:26.405902,bronze,2,28853
2025-06-07T18:26:26.405902,bronze,3,116151
2025-06-07T18:26:26.405902,silver,1,20323
2025-06-07T18:26:26.405902,silver,2,22487
2025-06-07T18:26:26.405902,silver,3,26156
2025-06-07T18:26:26.405902,gold,1,22759
2025-06-07T18:26:26.405902,gold,2,24652
2025-06-07T18:26:26.405902,gold,3,35513
2025-06-07T18:26:26.405902,platinum,1,25729
2025-06-07T18:26:26.405902,platinum,2,27983
2025-06-07T18:26:26.405902,platinum,3,34358
2025-06-07T18:26:26.405902,diamond,1,27728
2025-06-07T18:26:26.405902,diamond,2,30855
2025-06-07T18:26:26.405902,diamond,3,38527
2025-06-07T18:26:26.405902,grandmaster,1,18446
2025-06-07T18:26:26.405902,grandmaster,2,26953
2025-06-07T18:26:26.405902,grandmaster,3,48879
2025-06-07T18:26:26.405902,celestial,1,5210
2025-06-07T18:26:26.405902,celestial,2,10300
2025-06-07T18:26:26.405902,celestial,3,26597
2025-06-07T18:26:26.405902,eternity,total,9994
2025-06-07T18:26:26.405902,one_above_all,total,966
2025-06-08T01:50:50.565669,bronze,1,23463
2025-06-08T01:50:50.565669,bronze,2,28856
2025-06-08T01:50:50.565669,bronze,3,116174
2025-06-08T01:50:50.565669,silver,1,20332
2025-06-08T01:50:50.565669,silver,2,22492
2025-06-08T01:50:50.565669,silver,3,26162
2025-06-08T01:50:50.565669,gold,1,22765
2025-06-08T01:50:50.565669,gold,2,24658
2025-06-08T01:50:50.565669,gold,3,35524
2025-06-08T01:50:50.565669,platinum,1,25738
2025-06-08T01:50:50.565669,platinum,2,28001
2025-06-08T01:50:50.565669,platinum,3,34380
2025-06-08T01:50:50.565669,diamond,1,27736
2025-06-08T01:50:50.565669,diamond,2,30866
2025-06-08T01:50:50.565669,diamond,3,38565
2025-06-08T01:50:50.565669,grandmaster,1,18456
2025-06-08T01:50:50.565669,grandmaster,2,26968
2025-06-08T01:50:50.565669,grandmaster,3,48911
2025-06-08T01:50:50.565669,celestial,1,5212
2025-06-08T01:50:50.565669,celestial,2,10300
2025-06-08T01:50:50.565669,celestial,3,26610
2025-06-08T01:50:50.565669,eternity,total,10000
2025-06-08T01:50:50.565669,one_above_all,total,966
2025-06-08T06:28:52.522443,bronze,1,23471
2025-06-08T06:28:52.522443,bronze,2,28868
2025-06-08T06:28:52.522443,bronze,3,116197
2025-06-08T06:28:52.522443,silver,1,20337
2025-06-08T06:28:52.522443,silver,2,22503
2025-06-08T06:28:52.522443,silver,3,26166
2025-06-08T06:28:52.522443,gold,1,22769
2025-06-08T06:28:52.522443,gold,2,24665
2025-06-08T06:28:52.522443,gold,3,35542
2025-06-08T06:28:52.522443,platinum,1,25754
2025-06-08T06:28:52.522443,platinum,2,28019
2025-06-08T06:28:52.522443,platinum,3,34398
2025-06-08T06:28:52.522443,diamond,1,27754
2025-06-08T06:28:52.522443,diamond,2,30891
2025-06-08T06:28:52.522443,diamond,3,38588
2025-06-08T06:28:52.522443,grandmaster,1,18470
2025-06-08T06:28:52.522443,grandmaster,2,26994
2025-06-08T06:28:52.522443,grandmaster,3,48955
2025-06-08T06:28:52.522443,celestial,1,5213
2025-06-08T06:28:52.522443,celestial,2,10304
2025-06-08T06:28:52.522443,celestial,3,26638
2025-06-08T06:28:52.522443,eternity,total,10006
2025-06-08T06:28:52.522443,one_above_all,total,967
2025-06-08T12:37:22.313558,bronze,1,23471
2025-06-08T12:37:22.313558,bronze,2,28868
2025-06-08T12:37:22.313558,bronze,3,116197
2025-06-08T12:37:22.313558,silver,1,20337
2025-06-08T12:37:22.313558,silver,2,22503
2025-06-08T12:37:22.313558,silver,3,26166
2025-06-08T12:37:22.313558,gold,1,22769
2025-06-08T12:37:22.313558,gold,2,24665
2025-06-08T12:37:22.313558,gold,3,35542
2025-06-08T12:37:22.313558,platinum,1,25754
2025-06-08T12:37:22.313558,platinum,2,28019
2025-06-08T12:37:22.313558,platinum,3,34398
2025-06-08T12:37:22.313558,diamond,1,27754
2025-06-08T12:37:22.313558,diamond,2,30891
2025-06-08T12:37:22.313558,diamond,3,38588
2025-06-08T12:37:22.313558,grandmaster,1,18470
2025-06-08T12:37:22.313558,grandmaster,2,26994
2025-06-08T12:37:22.313558,grandmaster,3,48955
2025-06-08T12:37:22.313558,celestial,1,5213
2025-06-08T12:37:22.313558,celestial,2,10304
2025-06-08T12:37:22.313558,celestial,3,26638
2025-06-08T12:37:22.313558,eternity,total,10006
2025-06-08T12:37:22.313558,one_above_all,total,967
2025-06-08T18:25:55.713208,bronze,1,23478
2025-06-08T18:25:55.713208,bronze,2,28874
2025-06-08T18:25:55.713208,bronze,3,116216
2025-06-08T18:25:55.713208,silver,1,20347
2025-06-08T18:25:55.713208,silver,2,22509
2025-06-08T18:25:55.713208,silver,3,26175
2025-06-08T18:25:55.713208,gold,1,22778
2025-06-08T18:25:55.713208,gold,2,24675
2025-06-08T18:25:55.713208,gold,3,35551
2025-06-08T18:25:55.713208,platinum,1,25765
2025-06-08T18:25:55.713208,platinum,2,28034
2025-06-08T18:25:55.713208,platinum,3,34415
2025-06-08T18:25:55.713208,diamond,1,27779
2025-06-08T18:25:55.713208,diamond,2,30908
2025-06-08T18:25:55.713208,diamond,3,38620
2025-06-08T18:25:55.713208,grandmaster,1,18481
2025-06-08T18:25:55.713208,grandmaster,2,27020
2025-06-08T18:25:55.713208,grandmaster,3,48974
2025-06-08T18:25:55.713208,celestial,1,5215
2025-06-08T18:25:55.713208,celestial,2,10309
2025-06-08T18:25:55.713208,celestial,3,26643
2025-06-08T18:25:55.713208,eternity,total,10014
2025-06-08T18:25:55.713208,one_above_all,total,967
2025-06-09T01:48:47.197132,bronze,1,23486
2025-06-09T01:48:47.197132,bronze,2,28879
2025-06-09T01:48:47.197132,bronze,3,116239
2025-06-09T01:48:47.197132,silver,1,20353
2025-06-09T01:48:47.197132,silver,2,22514
2025-06-09T01:48:47.197132,silver,3,26184
2025-06-09T01:48:47.197132,gold,1,22792
2025-06-09T01:48:47.197132,gold,2,24677
2025-06-09T01:48:47.197132,gold,3,35566
2025-06-09T01:48:47.197132,platinum,1,25781
2025-06-09T01:48:47.197132,platinum,2,28047
2025-06-09T01:48:47.197132,platinum,3,34431
2025-06-09T01:48:47.197132,diamond,1,27803
2025-06-09T01:48:47.197132,diamond,2,30927
2025-06-09T01:48:47.197132,diamond,3,38643
2025-06-09T01:48:47.197132,grandmaster,1,18491
2025-06-09T01:48:47.197132,grandmaster,2,27041
2025-06-09T01:48:47.197132,grandmaster,3,49019
2025-06-09T01:48:47.197132,celestial,1,5216
2025-06-09T01:48:47.197132,celestial,2,10312
2025-06-09T01:48:47.197132,celestial,3,26653
2025-06-09T01:48:47.197132,eternity,total,10018
2025-06-09T01:48:47.197132,one_above_all,total,967
2025-06-09T06:31:52.959327,bronze,1,23498
2025-06-09T06:31:52.959327,bronze,2,28897
2025-06-09T06:31:52.959327,bronze,3,116271
2025-06-09T06:31:52.959327,silver,1,20359
2025-06-09T06:31:52.959327,silver,2,22524
2025-06-09T06:31:52.959327,silver,3,26191
2025-06-09T06:31:52.959327,gold,1,22808
2025-06-09T06:31:52.959327,gold,2,24693
2025-06-09T06:31:52.959327,gold,3,35580
2025-06-09T06:31:52.959327,platinum,1,25802
2025-06-09T06:31:52.959327,platinum,2,28066
2025-06-09T06:31:52.959327,platinum,3,34457
2025-06-09T06:31:52.959327,diamond,1,27822
2025-06-09T06:31:52.959327,diamond,2,30959
2025-06-09T06:31:52.959327,diamond,3,38687
2025-06-09T06:31:52.959327,grandmaster,1,18509
2025-06-09T06:31:52.959327,grandmaster,2,27070
2025-06-09T06:31:52.959327,grandmaster,3,49067
2025-06-09T06:31:52.959327,celestial,1,5219
2025-06-09T06:31:52.959327,celestial,2,10314
2025-06-09T06:31:52.959327,celestial,3,26676
2025-06-09T06:31:52.959327,eternity,total,10027
2025-06-09T06:31:52.959327,one_above_all,total,966
2025-06-09T12:41:45.899415,bronze,1,23498
2025-06-09T12:41:45.899415,bronze,2,28897
2025-06-09T12:41:45.899415,bronze,3,116271
2025-06-09T12:41:45.899415,silver,1,20359
2025-06-09T12:41:45.899415,silver,2,22524
2025-06-09T12:41:45.899415,silver,3,26191
2025-06-09T12:41:45.899415,gold,1,22808
2025-06-09T12:41:45.899415,gold,2,24693
2025-06-09T12:41:45.899415,gold,3,35580
2025-06-09T12:41:45.899415,platinum,1,25802
2025-06-09T12:41:45.899415,platinum,2,28066
2025-06-09T12:41:45.899415,platinum,3,34457
2025-06-09T12:41:45.899415,diamond,1,27822
2025-06-09T12:41:45.899415,diamond,2,30959
2025-06-09T12:41:45.899415,diamond,3,38687
2025-06-09T12:41:45.899415,grandmaster,1,18509
2025-06-09T12:41:45.899415,grandmaster,2,27070
2025-06-09T12:41:45.899415,grandmaster,3,49067
2025-06-09T12:41:45.899415,celestial,1,5219
2025-06-09T12:41:45.899415,celestial,2,10314
2025-06-09T12:41:45.899415,celestial,3,26676
2025-06-09T12:41:45.899415,eternity,total,10027
2025-06-09T12:41:45.899415,one_above_all,total,966
2025-06-09T18:29:17.418277,bronze,1,23504
2025-06-09T18:29:17.418277,bronze,2,28905
2025-06-09T18:29:17.418277,bronze,3,116295
2025-06-09T18:29:17.418277,silver,1,20366
2025-06-09T18:29:17.418277,silver,2,22531
2025-06-09T18:29:17.418277,silver,3,26202
2025-06-09T18:29:17.418277,gold,1,22813
2025-06-09T18:29:17.418277,gold,2,24703
2025-06-09T18:29:17.418277,gold,3,35595
2025-06-09T18:29:17.418277,platinum,1,25817
2025-06-09T18:29:17.418277,platinum,2,28085
2025-06-09T18:29:17.418277,platinum,3,34466
2025-06-09T18:29:17.418277,diamond,1,27837
2025-06-09T18:29:17.418277,diamond,2,30976
2025-06-09T18:29:17.418277,diamond,3,38707
2025-06-09T18:29:17.418277,grandmaster,1,18514
2025-06-09T18:29:17.418277,grandmaster,2,27085
2025-06-09T18:29:17.418277,grandmaster,3,49090
2025-06-09T18:29:17.418277,celestial,1,5219
2025-06-09T18:29:17.418277,celestial,2,10323
2025-06-09T18:29:17.418277,celestial,3,26696
2025-06-09T18:29:17.418277,eternity,total,10029
2025-06-09T18:29:17.418277,one_above_all,total,966
2025-06-10T01:44:53.725768,bronze,1,23518
2025-06-10T01:44:53.725768,bronze,2,28915
2025-06-10T01:44:53.725768,bronze,3,116320
2025-06-10T01:44:53.725768,silver,1,20371
2025-06-10T01:44:53.725768,silver,2,22542
2025-06-10T01:44:53.725768,silver,3,26210
2025-06-10T01:44:53.725768,gold,1,22822
2025-06-10T01:44:53.725768,gold,2,24715
2025-06-10T01:44:53.725768,gold,3,35616
2025-06-10T01:44:53.725768,platinum,1,25829
2025-06-10T01:44:53.725768,platinum,2,28106
2025-06-10T01:44:53.725768,platinum,3,34486
2025-06-10T01:44:53.725768,diamond,1,27858
2025-06-10T01:44:53.725768,diamond,2,30997
2025-06-10T01:44:53.725768,diamond,3,38741
2025-06-10T01:44:53.725768,grandmaster,1,18528
2025-06-10T01:44:53.725768,grandmaster,2,27108
2025-06-10T01:44:53.725768,grandmaster,3,49118
2025-06-10T01:44:53.725768,celestial,1,5220
2025-06-10T01:44:53.725768,celestial,2,10330
2025-06-10T01:44:53.725768,celestial,3,26715
2025-06-10T01:44:53.725768,eternity,total,10034
2025-06-10T01:44:53.725768,one_above_all,total,966
2025-06-10T06:30:18.475772,bronze,1,23526
2025-06-10T06:30:18.475772,bronze,2,28925
2025-06-10T06:30:18.475772,bronze,3,116377
2025-06-10T06:30:18.475772,silver,1,20377
2025-06-10T06:30:18.475772,silver,2,22549
2025-06-10T06:30:18.475772,silver,3,26224
2025-06-10T06:30:18.475772,gold,1,22841
2025-06-10T06:30:18.475772,gold,2,24728
2025-06-10T06:30:18.475772,gold,3,35630
2025-06-10T06:30:18.475772,platinum,1,25851
2025-06-10T06:30:18.475772,platinum,2,28133
2025-06-10T06:30:18.475772,platinum,3,34501
2025-06-10T06:30:18.475772,diamond,1,27890
2025-06-10T06:30:18.475772,diamond,2,31021
2025-06-10T06:30:18.475772,diamond,3,38775
2025-06-10T06:30:18.475772,grandmaster,1,18543
2025-06-10T06:30:18.475772,grandmaster,2,27129
2025-06-10T06:30:18.475772,grandmaster,3,49172
2025-06-10T06:30:18.475772,celestial,1,5223
2025-06-10T06:30:18.475772,celestial,2,10337
2025-06-10T06:30:18.475772,celestial,3,26737
2025-06-10T06:30:18.475772,eternity,total,10038
2025-06-10T06:30:18.475772,one_above_all,total,966
2025-06-10T12:42:25.984391,bronze,1,23526
2025-06-10T12:42:25.984391,bronze,2,28925
2025-06-10T12:42:25.984391,bronze,3,116377
2025-06-10T12:42:25.984391,silver,1,20377
2025-06-10T12:42:25.984391,silver,2,22549
2025-06-10T12:42:25.984391,silver,3,26224
2025-06-10T12:42:25.984391,gold,1,22841
2025-06-10T12:42:25.984391,gold,2,24728
2025-06-10T12:42:25.984391,gold,3,35630
2025-06-10T12:42:25.984391,platinum,1,25851
2025-06-10T12:42:25.984391,platinum,2,28133
2025-06-10T12:42:25.984391,platinum,3,34501
2025-06-10T12:42:25.984391,diamond,1,27890
2025-06-10T12:42:25.984391,diamond,2,31021
2025-06-10T12:42:25.984391,diamond,3,38775
2025-06-10T12:42:25.984391,grandmaster,1,18543
2025-06-10T12:42:25.984391,grandmaster,2,27129
2025-06-10T12:42:25.984391,grandmaster,3,49172
2025-06-10T12:42:25.984391,celestial,1,5223
2025-06-10T12:42:25.984391,celestial,2,10337
2025-06-10T12:42:25.984391,celestial,3,26737
2025-06-10T12:42:25.984391,eternity,total,10038
2025-06-10T12:42:25.984391,one_above_all,total,966
2025-06-10T18:29:01.049926,bronze,1,23535
2025-06-10T18:29:01.049926,bronze,2,28931
2025-06-10T18:29:01.049926,bronze,3,116407
2025-06-10T18:29:01.049926,silver,1,20383
2025-06-10T18:29:01.049926,silver,2,22557
2025-06-10T18:29:01.049926,silver,3,26239
2025-06-10T18:29:01.049926,gold,1,22849
2025-06-10T18:29:01.049926,gold,2,24735
2025-06-10T18:29:01.049926,gold,3,35639
2025-06-10T18:29:01.049926,platinum,1,25861
2025-06-10T18:29:01.049926,platinum,2,28148
2025-06-10T18:29:01.049926,platinum,3,34516
2025-06-10T18:29:01.049926,diamond,1,27911
2025-06-10T18:29:01.049926,diamond,2,31042
2025-06-10T18:29:01.049926,diamond,3,38794
2025-06-10T18:29:01.049926,grandmaster,1,18559
2025-06-10T18:29:01.049926,grandmaster,2,27148
2025-06-10T18:29:01.049926,grandmaster,3,49200
2025-06-10T18:29:01.049926,celestial,1,5224
2025-06-10T18:29:01.049926,celestial,2,10342
2025-06-10T18:29:01.049926,celestial,3,26750
2025-06-10T18:29:01.049926,eternity,total,10041
2025-06-10T18:29:01.049926,one_above_all,total,966
2025-06-11T12:42:22.562264,bronze,1,23552
2025-06-11T12:42:22.562264,bronze,2,28954
2025-06-11T12:42:22.562264,bronze,3,116475
2025-06-11T12:42:22.562264,silver,1,20394
2025-06-11T12:42:22.562264,silver,2,22574
2025-06-11T12:42:22.562264,silver,3,26257
2025-06-11T12:42:22.562264,gold,1,22880
2025-06-11T12:42:22.562264,gold,2,24753
2025-06-11T12:42:22.562264,gold,3,35681
2025-06-11T12:42:22.562264,platinum,1,25892
2025-06-11T12:42:22.562264,platinum,2,28182
2025-06-11T12:42:22.562264,platinum,3,34554
2025-06-11T12:42:22.562264,diamond,1,27953
2025-06-11T12:42:22.562264,diamond,2,31090
2025-06-11T12:42:22.562264,diamond,3,38861
2025-06-11T12:42:22.562264,grandmaster,1,18579
2025-06-11T12:42:22.562264,grandmaster,2,27180
2025-06-11T12:42:22.562264,grandmaster,3,49302
2025-06-11T12:42:22.562264,celestial,1,5225
2025-06-11T12:42:22.562264,celestial,2,10356
2025-06-11T12:42:22.562264,celestial,3,26803
2025-06-11T12:42:22.562264,eternity,total,10052
2025-06-11T12:42:22.562264,one_above_all,total,965
2025-06-11T18:29:45.025044,bronze,1,23558
2025-06-11T18:29:45.025044,bronze,2,28961
2025-06-11T18:29:45.025044,bronze,3,116499
2025-06-11T18:29:45.025044,silver,1,20398
2025-06-11T18:29:45.025044,silver,2,22581
2025-06-11T18:29:45.025044,silver,3,26263
2025-06-11T18:29:45.025044,gold,1,22889
2025-06-11T18:29:45.025044,gold,2,24765
2025-06-11T18:29:45.025044,gold,3,35692
2025-06-11T18:29:45.025044,platinum,1,25910
2025-06-11T18:29:45.025044,platinum,2,28200
2025-06-11T18:29:45.025044,platinum,3,34569
2025-06-11T18:29:45.025044,diamond,1,27970
2025-06-11T18:29:45.025044,diamond,2,31100
2025-06-11T18:29:45.025044,diamond,3,38884
2025-06-11T18:29:45.025044,grandmaster,1,18594
2025-06-11T18:29:45.025044,grandmaster,2,27195
2025-06-11T18:29:45.025044,grandmaster,3,49329
2025-06-11T18:29:45.025044,celestial,1,5229
2025-06-11T18:29:45.025044,celestial,2,10360
2025-06-11T18:29:45.025044,celestial,3,26828
2025-06-11T18:29:45.025044,eternity,total,10055
2025-06-11T18:29:45.025044,one_above_all,total,965
2025-06-12T01:43:04.183326,bronze,1,23567
2025-06-12T01:43:04.183326,bronze,2,28970
2025-06-12T01:43:04.183326,bronze,3,116531
2025-06-12T01:43:04.183326,silver,1,20405
2025-06-12T01:43:04.183326,silver,2,22585
2025-06-12T01:43:04.183326,silver,3,26269
2025-06-12T01:43:04.183326,gold,1,22900
2025-06-12T01:43:04.183326,gold,2,24777
2025-06-12T01:43:04.183326,gold,3,35702
2025-06-12T01:43:04.183326,platinum,1,25924
2025-06-12T01:43:04.183326,platinum,2,28209
2025-06-12T01:43:04.183326,platinum,3,34587
2025-06-12T01:43:04.183326,diamond,1,27984
2025-06-12T01:43:04.183326,diamond,2,31123
2025-06-12T01:43:04.183326,diamond,3,38902
2025-06-12T01:43:04.183326,grandmaster,1,18602
2025-06-12T01:43:04.183326,grandmaster,2,27202
2025-06-12T01:43:04.183326,grandmaster,3,49367
2025-06-12T01:43:04.183326,celestial,1,5232
2025-06-12T01:43:04.183326,celestial,2,10361
2025-06-12T01:43:04.183326,celestial,3,26848
2025-06-12T01:43:04.183326,eternity,total,10065
2025-06-12T01:43:04.183326,one_above_all,total,965
2025-06-12T06:30:43.012493,bronze,1,23571
2025-06-12T06:30:43.012493,bronze,2,28977
2025-06-12T06:30:43.012493,bronze,3,116569
2025-06-12T06:30:43.012493,silver,1,20413
2025-06-12T06:30:43.012493,silver,2,22592
2025-06-12T06:30:43.012493,silver,3,26277
2025-06-12T06:30:43.012493,gold,1,22915
2025-06-12T06:30:43.012493,gold,2,24790
2025-06-12T06:30:43.012493,gold,3,35718
2025-06-12T06:30:43.012493,platinum,1,25939
2025-06-12T06:30:43.012493,platinum,2,28218
2025-06-12T06:30:43.012493,platinum,3,34604
2025-06-12T06:30:43.012493,diamond,1,28003
2025-06-12T06:30:43.012493,diamond,2,31143
2025-06-12T06:30:43.012493,diamond,3,38925
2025-06-12T06:30:43.012493,grandmaster,1,18619
2025-06-12T06:30:43.012493,grandmaster,2,27226
2025-06-12T06:30:43.012493,grandmaster,3,49423
2025-06-12T06:30:43.012493,celestial,1,5235
2025-06-12T06:30:43.012493,celestial,2,10368
2025-06-12T06:30:43.012493,celestial,3,26870
2025-06-12T06:30:43.012493,eternity,total,10069
2025-06-12T06:30:43.012493,one_above_all,total,965
2025-06-12T12:41:35.547114,bronze,1,23573
2025-06-12T12:41:35.547114,bronze,2,28982
2025-06-12T12:41:35.547114,bronze,3,116598
2025-06-12T12:41:35.547114,silver,1,20419
2025-06-12T12:41:35.547114,silver,2,22597
2025-06-12T12:41:35.547114,silver,3,26285
2025-06-12T12:41:35.547114,gold,1,22924
2025-06-12T12:41:35.547114,gold,2,24795
2025-06-12T12:41:35.547114,gold,3,35731
2025-06-12T12:41:35.547114,platinum,1,25950
2025-06-12T12:41:35.547114,platinum,2,28232
2025-06-12T12:41:35.547114,platinum,3,34615
2025-06-12T12:41:35.547114,diamond,1,28015
2025-06-12T12:41:35.547114,diamond,2,31169
2025-06-12T12:41:35.547114,diamond,3,38944
2025-06-12T12:41:35.547114,grandmaster,1,18622
2025-06-12T12:41:35.547114,grandmaster,2,27251
2025-06-12T12:41:35.547114,grandmaster,3,49440
2025-06-12T12:41:35.547114,celestial,1,5237
2025-06-12T12:41:35.547114,celestial,2,10371
2025-06-12T12:41:35.547114,celestial,3,26884
2025-06-12T12:41:35.547114,eternity,total,10076
2025-06-12T12:41:35.547114,one_above_all,total,965
2025-06-12T18:28:57.681146,bronze,1,23573
2025-06-12T18:28:57.681146,bronze,2,28982
2025-06-12T18:28:57.681146,bronze,3,116598
2025-06-12T18:28:57.681146,silver,1,20419
2025-06-12T18:28:57.681146,silver,2,22597
2025-06-12T18:28:57.681146,silver,3,26285
2025-06-12T18:28:57.681146,gold,1,22924
2025-06-12T18:28:57.681146,gold,2,24795
2025-06-12T18:28:57.681146,gold,3,35731
2025-06-12T18:28:57.681146,platinum,1,25950
2025-06-12T18:28:57.681146,platinum,2,28232
2025-06-12T18:28:57.681146,platinum,3,34615
2025-06-12T18:28:57.681146,diamond,1,28015
2025-06-12T18:28:57.681146,diamond,2,31169
2025-06-12T18:28:57.681146,diamond,3,38944
2025-06-12T18:28:57.681146,grandmaster,1,18622
2025-06-12T18:28:57.681146,grandmaster,2,27251
2025-06-12T18:28:57.681146,grandmaster,3,49440
2025-06-12T18:28:57.681146,celestial,1,5237
2025-06-12T18:28:57.681146,celestial,2,10371
2025-06-12T18:28:57.681146,celestial,3,26884
2025-06-12T18:28:57.681146,eternity,total,10076
2025-06-12T18:28:57.681146,one_above_all,total,965
2025-06-13T01:44:03.323743,bronze,1,23580
2025-06-13T01:44:03.323743,bronze,2,28985
2025-06-13T01:44:03.323743,bronze,3,116624
2025-06-13T01:44:03.323743,silver,1,20423
2025-06-13T01:44:03.323743,silver,2,22604
2025-06-13T01:44:03.323743,silver,3,26293
2025-06-13T01:44:03.323743,gold,1,22933
2025-06-13T01:44:03.323743,gold,2,24807
2025-06-13T01:44:03.323743,gold,3,35747
2025-06-13T01:44:03.323743,platinum,1,25966
2025-06-13T01:44:03.323743,platinum,2,28246
2025-06-13T01:44:03.323743,platinum,3,34631
2025-06-13T01:44:03.323743,diamond,1,28026
2025-06-13T01:44:03.323743,diamond,2,31190
2025-06-13T01:44:03.323743,diamond,3,38972
2025-06-13T01:44:03.323743,grandmaster,1,18626
2025-06-13T01:44:03.323743,grandmaster,2,27267
2025-06-13T01:44:03.323743,grandmaster,3,49470
2025-06-13T01:44:03.323743,celestial,1,5241
2025-06-13T01:44:03.323743,celestial,2,10373
2025-06-13T01:44:03.323743,celestial,3,26898
2025-06-13T01:44:03.323743,eternity,total,10083
2025-06-13T01:44:03.323743,one_above_all,total,965
2025-06-13T06:30:32.060727,bronze,1,23589
2025-06-13T06:30:32.060727,bronze,2,28998
2025-06-13T06:30:32.060727,bronze,3,116654
2025-06-13T06:30:32.060727,silver,1,20431
2025-06-13T06:30:32.060727,silver,2,22611
2025-06-13T06:30:32.060727,silver,3,26299
2025-06-13T06:30:32.060727,gold,1,22950
2025-06-13T06:30:32.060727,gold,2,24822
2025-06-13T06:30:32.060727,gold,3,35764
2025-06-13T06:30:32.060727,platinum,1,25980
2025-06-13T06:30:32.060727,platinum,2,28262
2025-06-13T06:30:32.060727,platinum,3,34653
2025-06-13T06:30:32.060727,diamond,1,28044
2025-06-13T06:30:32.060727,diamond,2,31199
2025-06-13T06:30:32.060727,diamond,3,38998
2025-06-13T06:30:32.060727,grandmaster,1,18639
2025-06-13T06:30:32.060727,grandmaster,2,27289
2025-06-13T06:30:32.060727,grandmaster,3,49506
2025-06-13T06:30:32.060727,celestial,1,5243
2025-06-13T06:30:32.060727,celestial,2,10377
2025-06-13T06:30:32.060727,celestial,3,26923
2025-06-13T06:30:32.060727,eternity,total,10092
2025-06-13T06:30:32.060727,one_above_all,total,965
2025-06-13T12:41:16.657795,bronze,1,23593
2025-06-13T12:41:16.657795,bronze,2,29007
2025-06-13T12:41:16.657795,bronze,3,116673
2025-06-13T12:41:16.657795,silver,1,20435
2025-06-13T12:41:16.657795,silver,2,22625
2025-06-13T12:41:16.657795,silver,3,26302
2025-06-13T12:41:16.657795,gold,1,22959
2025-06-13T12:41:16.657795,gold,2,24828
2025-06-13T12:41:16.657795,gold,3,35776
2025-06-13T12:41:16.657795,platinum,1,25992
2025-06-13T12:41:16.657795,platinum,2,28276
2025-06-13T12:41:16.657795,platinum,3,34667
2025-06-13T12:41:16.657795,diamond,1,28058
2025-06-13T12:41:16.657795,diamond,2,31216
2025-06-13T12:41:16.657795,diamond,3,39028
2025-06-13T12:41:16.657795,grandmaster,1,18648
2025-06-13T12:41:16.657795,grandmaster,2,27314
2025-06-13T12:41:16.657795,grandmaster,3,49551
2025-06-13T12:41:16.657795,celestial,1,5250
2025-06-13T12:41:16.657795,celestial,2,10380
2025-06-13T12:41:16.657795,celestial,3,26947
2025-06-13T12:41:16.657795,eternity,total,10093
2025-06-13T12:41:16.657795,one_above_all,total,965
2025-06-13T18:29:10.780999,bronze,1,23593
2025-06-13T18:29:10.780999,bronze,2,29007
2025-06-13T18:29:10.780999,bronze,3,116673
2025-06-13T18:29:10.780999,silver,1,20435
2025-06-13T18:29:10.780999,silver,2,22625
2025-06-13T18:29:10.780999,silver,3,26302
2025-06-13T18:29:10.780999,gold,1,22959
2025-06-13T18:29:10.780999,gold,2,24828
2025-06-13T18:29:10.780999,gold,3,35776
2025-06-13T18:29:10.780999,platinum,1,25992
2025-06-13T18:29:10.780999,platinum,2,28276
2025-06-13T18:29:10.780999,platinum,3,34667
2025-06-13T18:29:10.780999,diamond,1,28058
2025-06-13T18:29:10.780999,diamond,2,31216
2025-06-13T18:29:10.780999,diamond,3,39028
2025-06-13T18:29:10.780999,grandmaster,1,18648
2025-06-13T18:29:10.780999,grandmaster,2,27314
2025-06-13T18:29:10.780999,grandmaster,3,49551
2025-06-13T18:29:10.780999,celestial,1,5250
2025-06-13T18:29:10.780999,celestial,2,10380
2025-06-13T18:29:10.780999,celestial,3,26947
2025-06-13T18:29:10.780999,eternity,total,10093
2025-06-13T18:29:10.780999,one_above_all,total,965
2025-06-14T01:40:49.614691,bronze,1,23601
2025-06-14T01:40:49.614691,bronze,2,29010
2025-06-14T01:40:49.614691,bronze,3,116709
2025-06-14T01:40:49.614691,silver,1,20440
2025-06-14T01:40:49.614691,silver,2,22629
2025-06-14T01:40:49.614691,silver,3,26310
2025-06-14T01:40:49.614691,gold,1,22966
2025-06-14T01:40:49.614691,gold,2,24838
2025-06-14T01:40:49.614691,gold,3,35788
2025-06-14T01:40:49.614691,platinum,1,26003
2025-06-14T01:40:49.614691,platinum,2,28294
2025-06-14T01:40:49.614691,platinum,3,34678
2025-06-14T01:40:49.614691,diamond,1,28077
2025-06-14T01:40:49.614691,diamond,2,31240
2025-06-14T01:40:49.614691,diamond,3,39058
2025-06-14T01:40:49.614691,grandmaster,1,18658
2025-06-14T01:40:49.614691,grandmaster,2,27329
2025-06-14T01:40:49.614691,grandmaster,3,49597
2025-06-14T01:40:49.614691,celestial,1,5256
2025-06-14T01:40:49.614691,celestial,2,10383
2025-06-14T01:40:49.614691,celestial,3,26963
2025-06-14T01:40:49.614691,eternity,total,10099
2025-06-14T01:40:49.614691,one_above_all,total,965
2025-06-14T06:27:24.325301,bronze,1,23609
2025-06-14T06:27:24.325301,bronze,2,29017
2025-06-14T06:27:24.325301,bronze,3,116740
2025-06-14T06:27:24.325301,silver,1,20445
2025-06-14T06:27:24.325301,silver,2,22632
2025-06-14T06:27:24.325301,silver,3,26319
2025-06-14T06:27:24.325301,gold,1,22977
2025-06-14T06:27:24.325301,gold,2,24847
2025-06-14T06:27:24.325301,gold,3,35800
2025-06-14T06:27:24.325301,platinum,1,26017
2025-06-14T06:27:24.325301,platinum,2,28300
2025-06-14T06:27:24.325301,platinum,3,34688
2025-06-14T06:27:24.325301,diamond,1,28103
2025-06-14T06:27:24.325301,diamond,2,31264
2025-06-14T06:27:24.325301,diamond,3,39090
2025-06-14T06:27:24.325301,grandmaster,1,18675
2025-06-14T06:27:24.325301,grandmaster,2,27345
2025-06-14T06:27:24.325301,grandmaster,3,49644
2025-06-14T06:27:24.325301,celestial,1,5261
2025-06-14T06:27:24.325301,celestial,2,10392
2025-06-14T06:27:24.325301,celestial,3,26993
2025-06-14T06:27:24.325301,eternity,total,10102
2025-06-14T06:27:24.325301,one_above_all,total,964
2025-06-14T12:37:39.500574,bronze,1,23615
2025-06-14T12:37:39.500574,bronze,2,29030
2025-06-14T12:37:39.500574,bronze,3,116767
2025-06-14T12:37:39.500574,silver,1,20448
2025-06-14T12:37:39.500574,silver,2,22638
2025-06-14T12:37:39.500574,silver,3,26327
2025-06-14T12:37:39.500574,gold,1,22990
2025-06-14T12:37:39.500574,gold,2,24857
2025-06-14T12:37:39.500574,gold,3,35815
2025-06-14T12:37:39.500574,platinum,1,26026
2025-06-14T12:37:39.500574,platinum,2,28306
2025-06-14T12:37:39.500574,platinum,3,34700
2025-06-14T12:37:39.500574,diamond,1,28119
2025-06-14T12:37:39.500574,diamond,2,31286
2025-06-14T12:37:39.500574,diamond,3,39116
2025-06-14T12:37:39.500574,grandmaster,1,18683
2025-06-14T12:37:39.500574,grandmaster,2,27362
2025-06-14T12:37:39.500574,grandmaster,3,49677
2025-06-14T12:37:39.500574,celestial,1,5264
2025-06-14T12:37:39.500574,celestial,2,10398
2025-06-14T12:37:39.500574,celestial,3,27008
2025-06-14T12:37:39.500574,eternity,total,10106
2025-06-14T12:37:39.500574,one_above_all,total,964
2025-06-14T18:25:51.207151,bronze,1,23615
2025-06-14T18:25:51.207151,bronze,2,29030
2025-06-14T18:25:51.207151,bronze,3,116767
2025-06-14T18:25:51.207151,silver,1,20448
2025-06-14T18:25:51.207151,silver,2,22638
2025-06-14T18:25:51.207151,silver,3,26327
2025-06-14T18:25:51.207151,gold,1,22990
2025-06-14T18:25:51.207151,gold,2,24857
2025-06-14T18:25:51.207151,gold,3,35815
2025-06-14T18:25:51.207151,platinum,1,26026
2025-06-14T18:25:51.207151,platinum,2,28306
2025-06-14T18:25:51.207151,platinum,3,34700
2025-06-14T18:25:51.207151,diamond,1,28119
2025-06-14T18:25:51.207151,diamond,2,31286
2025-06-14T18:25:51.207151,diamond,3,39116
2025-06-14T18:25:51.207151,grandmaster,1,18683
2025-06-14T18:25:51.207151,grandmaster,2,27362
2025-06-14T18:25:51.207151,grandmaster,3,49677
2025-06-14T18:25:51.207151,celestial,1,5264
2025-06-14T18:25:51.207151,celestial,2,10398
2025-06-14T18:25:51.207151,celestial,3,27008
2025-06-14T18:25:51.207151,eternity,total,10106
2025-06-14T18:25:51.207151,one_above_all,total,964
2025-06-15T01:52:54.737299,bronze,1,23621
2025-06-15T01:52:54.737299,bronze,2,29039
2025-06-15T01:52:54.737299,bronze,3,116797
2025-06-15T01:52:54.737299,silver,1,20452
2025-06-15T01:52:54.737299,silver,2,22644
2025-06-15T01:52:54.737299,silver,3,26334
2025-06-15T01:52:54.737299,gold,1,23001
2025-06-15T01:52:54.737299,gold,2,24866
2025-06-15T01:52:54.737299,gold,3,35824
2025-06-15T01:52:54.737299,platinum,1,26034
2025-06-15T01:52:54.737299,platinum,2,28315
2025-06-15T01:52:54.737299,platinum,3,34717
2025-06-15T01:52:54.737299,diamond,1,28125
2025-06-15T01:52:54.737299,diamond,2,31302
2025-06-15T01:52:54.737299,diamond,3,39141
2025-06-15T01:52:54.737299,grandmaster,1,18689
2025-06-15T01:52:54.737299,grandmaster,2,27394
2025-06-15T01:52:54.737299,grandmaster,3,49714
2025-06-15T01:52:54.737299,celestial,1,5267
2025-06-15T01:52:54.737299,celestial,2,10400
2025-06-15T01:52:54.737299,celestial,3,27036
2025-06-15T01:52:54.737299,eternity,total,10109
2025-06-15T01:52:54.737299,one_above_all,total,964
2025-06-15T06:27:46.326646,bronze,1,23626
2025-06-15T06:27:46.326646,bronze,2,29043
2025-06-15T06:27:46.326646,bronze,3,116818
2025-06-15T06:27:46.326646,silver,1,20457
2025-06-15T06:27:46.326646,silver,2,22647
2025-06-15T06:27:46.326646,silver,3,26342
2025-06-15T06:27:46.326646,gold,1,23013
2025-06-15T06:27:46.326646,gold,2,24876
2025-06-15T06:27:46.326646,gold,3,35839
2025-06-15T06:27:46.326646,platinum,1,26049
2025-06-15T06:27:46.326646,platinum,2,28332
2025-06-15T06:27:46.326646,platinum,3,34733
2025-06-15T06:27:46.326646,diamond,1,28143
2025-06-15T06:27:46.326646,diamond,2,31313
2025-06-15T06:27:46.326646,diamond,3,39169
2025-06-15T06:27:46.326646,grandmaster,1,18697
2025-06-15T06:27:46.326646,grandmaster,2,27418
2025-06-15T06:27:46.326646,grandmaster,3,49759
2025-06-15T06:27:46.326646,celestial,1,5271
2025-06-15T06:27:46.326646,celestial,2,10407
2025-06-15T06:27:46.326646,celestial,3,27060
2025-06-15T06:27:46.326646,eternity,total,10111
2025-06-15T06:27:46.326646,one_above_all,total,964
2025-06-15T12:38:07.679814,bronze,1,23630
2025-06-15T12:38:07.679814,bronze,2,29051
2025-06-15T12:38:07.679814,bronze,3,116855
2025-06-15T12:38:07.679814,silver,1,20459
2025-06-15T12:38:07.679814,silver,2,22660
2025-06-15T12:38:07.679814,silver,3,26351
2025-06-15T12:38:07.679814,gold,1,23028
2025-06-15T12:38:07.679814,gold,2,24879
2025-06-15T12:38:07.679814,gold,3,35850
2025-06-15T12:38:07.679814,platinum,1,26057
2025-06-15T12:38:07.679814,platinum,2,28347
2025-06-15T12:38:07.679814,platinum,3,34751
2025-06-15T12:38:07.679814,diamond,1,28161
2025-06-15T12:38:07.679814,diamond,2,31336
2025-06-15T12:38:07.679814,diamond,3,39197
2025-06-15T12:38:07.679814,grandmaster,1,18711
2025-06-15T12:38:07.679814,grandmaster,2,27447
2025-06-15T12:38:07.679814,grandmaster,3,49800
2025-06-15T12:38:07.679814,celestial,1,5276
2025-06-15T12:38:07.679814,celestial,2,10411
2025-06-15T12:38:07.679814,celestial,3,27085
2025-06-15T12:38:07.679814,eternity,total,10113
2025-06-15T12:38:07.679814,one_above_all,total,964
2025-06-15T18:26:28.806560,bronze,1,23630
2025-06-15T18:26:28.806560,bronze,2,29051
2025-06-15T18:26:28.806560,bronze,3,116855
2025-06-15T18:26:28.806560,silver,1,20459
2025-06-15T18:26:28.806560,silver,2,22660
2025-06-15T18:26:28.806560,silver,3,26351
2025-06-15T18:26:28.806560,gold,1,23028
2025-06-15T18:26:28.806560,gold,2,24879
2025-06-15T18:26:28.806560,gold,3,35850
2025-06-15T18:26:28.806560,platinum,1,26057
2025-06-15T18:26:28.806560,platinum,2,28347
2025-06-15T18:26:28.806560,platinum,3,34751
2025-06-15T18:26:28.806560,diamond,1,28161
2025-06-15T18:26:28.806560,diamond,2,31336
2025-06-15T18:26:28.806560,diamond,3,39197
2025-06-15T18:26:28.806560,grandmaster,1,18711
2025-06-15T18:26:28.806560,grandmaster,2,27447
2025-06-15T18:26:28.806560,grandmaster,3,49800
2025-06-15T18:26:28.806560,celestial,1,5276
2025-06-15T18:26:28.806560,celestial,2,10411
2025-06-15T18:26:28.806560,celestial,3,27085
2025-06-15T18:26:28.806560,eternity,total,10113
2025-06-15T18:26:28.806560,one_above_all,total,964
2025-06-16T01:47:41.297056,bronze,1,23635
2025-06-16T01:47:41.297056,bronze,2,29055
2025-06-16T01:47:41.297056,bronze,3,116880
2025-06-16T01:47:41.297056,silver,1,20465
2025-06-16T01:47:41.297056,silver,2,22663
2025-06-16T01:47:41.297056,silver,3,26356
2025-06-16T01:47:41.297056,gold,1,23034
2025-06-16T01:47:41.297056,gold,2,24885
2025-06-16T01:47:41.297056,gold,3,35859
2025-06-16T01:47:41.297056,platinum,1,26072
2025-06-16T01:47:41.297056,platinum,2,28358
2025-06-16T01:47:41.297056,platinum,3,34776
2025-06-16T01:47:41.297056,diamond,1,28176
2025-06-16T01:47:41.297056,diamond,2,31358
2025-06-16T01:47:41.297056,diamond,3,39219
2025-06-16T01:47:41.297056,grandmaster,1,18718
2025-06-16T01:47:41.297056,grandmaster,2,27459
2025-06-16T01:47:41.297056,grandmaster,3,49826
2025-06-16T01:47:41.297056,celestial,1,5282
2025-06-16T01:47:41.297056,celestial,2,10417
2025-06-16T01:47:41.297056,celestial,3,27106
2025-06-16T01:47:41.297056,eternity,total,10118
2025-06-16T01:47:41.297056,one_above_all,total,964
2025-06-16T06:32:19.632051,bronze,1,23640
2025-06-16T06:32:19.632051,bronze,2,29065
2025-06-16T06:32:19.632051,bronze,3,116929
2025-06-16T06:32:19.632051,silver,1,20473
2025-06-16T06:32:19.632051,silver,2,22668
2025-06-16T06:32:19.632051,silver,3,26365
2025-06-16T06:32:19.632051,gold,1,23043
2025-06-16T06:32:19.632051,gold,2,24897
2025-06-16T06:32:19.632051,gold,3,35878
2025-06-16T06:32:19.632051,platinum,1,26087
2025-06-16T06:32:19.632051,platinum,2,28365
2025-06-16T06:32:19.632051,platinum,3,34794
2025-06-16T06:32:19.632051,diamond,1,28191
2025-06-16T06:32:19.632051,diamond,2,31378
2025-06-16T06:32:19.632051,diamond,3,39245
2025-06-16T06:32:19.632051,grandmaster,1,18730
2025-06-16T06:32:19.632051,grandmaster,2,27488
2025-06-16T06:32:19.632051,grandmaster,3,49865
2025-06-16T06:32:19.632051,celestial,1,5283
2025-06-16T06:32:19.632051,celestial,2,10420
2025-06-16T06:32:19.632051,celestial,3,27123
2025-06-16T06:32:19.632051,eternity,total,10123
2025-06-16T06:32:19.632051,one_above_all,total,964
2025-06-16T12:43:01.125346,bronze,1,23645
2025-06-16T12:43:01.125346,bronze,2,29075
2025-06-16T12:43:01.125346,bronze,3,116953
2025-06-16T12:43:01.125346,silver,1,20478
2025-06-16T12:43:01.125346,silver,2,22673
2025-06-16T12:43:01.125346,silver,3,26374
2025-06-16T12:43:01.125346,gold,1,23053
2025-06-16T12:43:01.125346,gold,2,24910
2025-06-16T12:43:01.125346,gold,3,35893
2025-06-16T12:43:01.125346,platinum,1,26099
2025-06-16T12:43:01.125346,platinum,2,28375
2025-06-16T12:43:01.125346,platinum,3,34810
2025-06-16T12:43:01.125346,diamond,1,28204
2025-06-16T12:43:01.125346,diamond,2,31394
2025-06-16T12:43:01.125346,diamond,3,39263
2025-06-16T12:43:01.125346,grandmaster,1,18735
2025-06-16T12:43:01.125346,grandmaster,2,27502
2025-06-16T12:43:01.125346,grandmaster,3,49904
2025-06-16T12:43:01.125346,celestial,1,5281
2025-06-16T12:43:01.125346,celestial,2,10431
2025-06-16T12:43:01.125346,celestial,3,27147
2025-06-16T12:43:01.125346,eternity,total,10128
2025-06-16T12:43:01.125346,one_above_all,total,965
2025-06-16T18:29:30.876708,bronze,1,23645
2025-06-16T18:29:30.876708,bronze,2,29075
2025-06-16T18:29:30.876708,bronze,3,116953
2025-06-16T18:29:30.876708,silver,1,20478
2025-06-16T18:29:30.876708,silver,2,22673
2025-06-16T18:29:30.876708,silver,3,26374
2025-06-16T18:29:30.876708,gold,1,23053
2025-06-16T18:29:30.876708,gold,2,24910
2025-06-16T18:29:30.876708,gold,3,35893
2025-06-16T18:29:30.876708,platinum,1,26099
2025-06-16T18:29:30.876708,platinum,2,28375
2025-06-16T18:29:30.876708,platinum,3,34810
2025-06-16T18:29:30.876708,diamond,1,28204
2025-06-16T18:29:30.876708,diamond,2,31394
2025-06-16T18:29:30.876708,diamond,3,39263
2025-06-16T18:29:30.876708,grandmaster,1,18735
2025-06-16T18:29:30.876708,grandmaster,2,27502
2025-06-16T18:29:30.876708,grandmaster,3,49904
2025-06-16T18:29:30.876708,celestial,1,5281
2025-06-16T18:29:30.876708,celestial,2,10431
2025-06-16T18:29:30.876708,celestial,3,27147
2025-06-16T18:29:30.876708,eternity,total,10128
2025-06-16T18:29:30.876708,one_above_all,total,965
2025-06-17T01:44:34.990832,bronze,1,23657
2025-06-17T01:44:34.990832,bronze,2,29082
2025-06-17T01:44:34.990832,bronze,3,116986
2025-06-17T01:44:34.990832,silver,1,20489
2025-06-17T01:44:34.990832,silver,2,22679
2025-06-17T01:44:34.990832,silver,3,26385
2025-06-17T01:44:34.990832,gold,1,23061
2025-06-17T01:44:34.990832,gold,2,24924
2025-06-17T01:44:34.990832,gold,3,35898
2025-06-17T01:44:34.990832,platinum,1,26113
2025-06-17T01:44:34.990832,platinum,2,28384
2025-06-17T01:44:34.990832,platinum,3,34827
2025-06-17T01:44:34.990832,diamond,1,28220
2025-06-17T01:44:34.990832,diamond,2,31415
2025-06-17T01:44:34.990832,diamond,3,39294
2025-06-17T01:44:34.990832,grandmaster,1,18744
2025-06-17T01:44:34.990832,grandmaster,2,27516
2025-06-17T01:44:34.990832,grandmaster,3,49942
2025-06-17T01:44:34.990832,celestial,1,5282
2025-06-17T01:44:34.990832,celestial,2,10438
2025-06-17T01:44:34.990832,celestial,3,27156
2025-06-17T01:44:34.990832,eternity,total,10134
2025-06-17T01:44:34.990832,one_above_all,total,965
2025-06-17T06:30:41.477377,bronze,1,23668
2025-06-17T06:30:41.477377,bronze,2,29092
2025-06-17T06:30:41.477377,bronze,3,117032
2025-06-17T06:30:41.477377,silver,1,20499
2025-06-17T06:30:41.477377,silver,2,22694
2025-06-17T06:30:41.477377,silver,3,26398
2025-06-17T06:30:41.477377,gold,1,23076
2025-06-17T06:30:41.477377,gold,2,24940
2025-06-17T06:30:41.477377,gold,3,35914
2025-06-17T06:30:41.477377,platinum,1,26131
2025-06-17T06:30:41.477377,platinum,2,28402
2025-06-17T06:30:41.477377,platinum,3,34854
2025-06-17T06:30:41.477377,diamond,1,28247
2025-06-17T06:30:41.477377,diamond,2,31430
2025-06-17T06:30:41.477377,diamond,3,39332
2025-06-17T06:30:41.477377,grandmaster,1,18756
2025-06-17T06:30:41.477377,grandmaster,2,27536
2025-06-17T06:30:41.477377,grandmaster,3,49985
2025-06-17T06:30:41.477377,celestial,1,5284
2025-06-17T06:30:41.477377,celestial,2,10444
2025-06-17T06:30:41.477377,celestial,3,27193
2025-06-17T06:30:41.477377,eternity,total,10137
2025-06-17T06:30:41.477377,one_above_all,total,965
2025-06-17T12:42:45.502025,bronze,1,23676
2025-06-17T12:42:45.502025,bronze,2,29098
2025-06-17T12:42:45.502025,bronze,3,117053
2025-06-17T12:42:45.502025,silver,1,20500
2025-06-17T12:42:45.502025,silver,2,22704
2025-06-17T12:42:45.502025,silver,3,26402
2025-06-17T12:42:45.502025,gold,1,23089
2025-06-17T12:42:45.502025,gold,2,24941
2025-06-17T12:42:45.502025,gold,3,35927
2025-06-17T12:42:45.502025,platinum,1,26155
2025-06-17T12:42:45.502025,platinum,2,28414
2025-06-17T12:42:45.502025,platinum,3,34873
2025-06-17T12:42:45.502025,diamond,1,28263
2025-06-17T12:42:45.502025,diamond,2,31445
2025-06-17T12:42:45.502025,diamond,3,39365
2025-06-17T12:42:45.502025,grandmaster,1,18758
2025-06-17T12:42:45.502025,grandmaster,2,27554
2025-06-17T12:42:45.502025,grandmaster,3,50041
2025-06-17T12:42:45.502025,celestial,1,5289
2025-06-17T12:42:45.502025,celestial,2,10451
2025-06-17T12:42:45.502025,celestial,3,27216
2025-06-17T12:42:45.502025,eternity,total,10141
2025-06-17T12:42:45.502025,one_above_all,total,965
2025-06-17T18:29:24.959537,bronze,1,23676
2025-06-17T18:29:24.959537,bronze,2,29098
2025-06-17T18:29:24.959537,bronze,3,117053
2025-06-17T18:29:24.959537,silver,1,20500
2025-06-17T18:29:24.959537,silver,2,22704
2025-06-17T18:29:24.959537,silver,3,26402
2025-06-17T18:29:24.959537,gold,1,23089
2025-06-17T18:29:24.959537,gold,2,24941
2025-06-17T18:29:24.959537,gold,3,35927
2025-06-17T18:29:24.959537,platinum,1,26155
2025-06-17T18:29:24.959537,platinum,2,28414
2025-06-17T18:29:24.959537,platinum,3,34873
2025-06-17T18:29:24.959537,diamond,1,28263
2025-06-17T18:29:24.959537,diamond,2,31445
2025-06-17T18:29:24.959537,diamond,3,39365
2025-06-17T18:29:24.959537,grandmaster,1,18758
2025-06-17T18:29:24.959537,grandmaster,2,27554
2025-06-17T18:29:24.959537,grandmaster,3,50041
2025-06-17T18:29:24.959537,celestial,1,5289
2025-06-17T18:29:24.959537,celestial,2,10451
2025-06-17T18:29:24.959537,celestial,3,27216
2025-06-17T18:29:24.959537,eternity,total,10141
2025-06-17T18:29:24.959537,one_above_all,total,965
2025-06-18T01:43:29.890138,bronze,1,23678
2025-06-18T01:43:29.890138,bronze,2,29103
2025-06-18T01:43:29.890138,bronze,3,117083
2025-06-18T01:43:29.890138,silver,1,20508
2025-06-18T01:43:29.890138,silver,2,22713
2025-06-18T01:43:29.890138,silver,3,26404
2025-06-18T01:43:29.890138,gold,1,23094
2025-06-18T01:43:29.890138,gold,2,24947
2025-06-18T01:43:29.890138,gold,3,35938
2025-06-18T01:43:29.890138,platinum,1,26160
2025-06-18T01:43:29.890138,platinum,2,28427
2025-06-18T01:43:29.890138,platinum,3,34890
2025-06-18T01:43:29.890138,diamond,1,28284
2025-06-18T01:43:29.890138,diamond,2,31463
2025-06-18T01:43:29.890138,diamond,3,39396
2025-06-18T01:43:29.890138,grandmaster,1,18767
2025-06-18T01:43:29.890138,grandmaster,2,27568
2025-06-18T01:43:29.890138,grandmaster,3,50079
2025-06-18T01:43:29.890138,celestial,1,5288
2025-06-18T01:43:29.890138,celestial,2,10458
2025-06-18T01:43:29.890138,celestial,3,27235
2025-06-18T01:43:29.890138,eternity,total,10146
2025-06-18T01:43:29.890138,one_above_all,total,964
